[16Oct2025 22:14:00.913] [main/INFO] [cpw.mods.modlauncher.Launcher/MODLAUNCHER]: ModLauncher running: args [--launchTarget, forgeserver, --fml.forgeVersion, 47.3.7, --fml.mcVersion, 1.20.1, --fml.forgeGroup, net.minecraftforge, --fml.mcpVersion, 20230612.114412, nogui]
[16Oct2025 22:14:00.917] [main/INFO] [cpw.mods.modlauncher.Launcher/MODLAUNCHER]: ModLauncher 10.0.9+10.0.9+main.dcd20f30 starting: java version 17.0.16 by Ubuntu; OS Linux arch amd64 version 6.8.0-1030-azure
[16Oct2025 22:14:00.940] [main/DEBUG] [cpw.mods.modlauncher.LaunchServiceHandler/MODLAUNCHER]: Found launch services [fmlclientdev,forgeclient,minecraft,forgegametestserverdev,fmlserveruserdev,fmlclient,fmldatauserdev,forgeserverdev,forgeserveruserdev,forgeclientdev,forgeclientuserdev,forgeserver,forgedatadev,fmlserver,fmlclientuserdev,fmlserverdev,forgedatauserdev,testharness,forgegametestserveruserdev]
[16Oct2025 22:14:00.950] [main/DEBUG] [cpw.mods.modlauncher.NameMappingServiceHandler/MODLAUNCHER]: Found naming services : [srgtomcp]
[16Oct2025 22:14:00.963] [main/DEBUG] [cpw.mods.modlauncher.LaunchPluginHandler/MODLAUNCHER]: Found launch plugins: [mixin,eventbus,slf4jfixer,object_holder_definalize,runtime_enum_extender,capability_token_subclass,accesstransformer,runtimedistcleaner]
[16Oct2025 22:14:00.972] [main/DEBUG] [cpw.mods.modlauncher.TransformationServicesHandler/MODLAUNCHER]: Discovering transformation services
[16Oct2025 22:14:00.976] [main/DEBUG] [net.minecraftforge.fml.loading.FMLPaths/CORE]: Path GAMEDIR is /workspaces/Mega-Server/servidor_minecraft
[16Oct2025 22:14:00.976] [main/DEBUG] [net.minecraftforge.fml.loading.FMLPaths/CORE]: Path MODSDIR is /workspaces/Mega-Server/servidor_minecraft/mods
[16Oct2025 22:14:00.976] [main/DEBUG] [net.minecraftforge.fml.loading.FMLPaths/CORE]: Path CONFIGDIR is /workspaces/Mega-Server/servidor_minecraft/config
[16Oct2025 22:14:00.976] [main/DEBUG] [net.minecraftforge.fml.loading.FMLPaths/CORE]: Path FMLCONFIG is /workspaces/Mega-Server/servidor_minecraft/config/fml.toml
[16Oct2025 22:14:03.976] [main/DEBUG] [cpw.mods.modlauncher.TransformationServicesHandler/MODLAUNCHER]: Found additional transformation services from discovery services: 
[16Oct2025 22:14:03.981] [main/INFO] [net.minecraftforge.fml.loading.ImmediateWindowHandler/]: ImmediateWindowProvider not loading because launch target is forgeserver
[16Oct2025 22:14:04.021] [main/DEBUG] [cpw.mods.modlauncher.TransformationServicesHandler/MODLAUNCHER]: Found transformer services : [mixin,fml]
[16Oct2025 22:14:04.021] [main/DEBUG] [cpw.mods.modlauncher.TransformationServicesHandler/MODLAUNCHER]: Transformation services loading
[16Oct2025 22:14:04.022] [main/DEBUG] [cpw.mods.modlauncher.TransformationServiceDecorator/MODLAUNCHER]: Loading service mixin
[16Oct2025 22:14:04.022] [main/DEBUG] [cpw.mods.modlauncher.TransformationServiceDecorator/MODLAUNCHER]: Loaded service mixin
[16Oct2025 22:14:04.022] [main/DEBUG] [cpw.mods.modlauncher.TransformationServiceDecorator/MODLAUNCHER]: Loading service fml
[16Oct2025 22:14:04.023] [main/DEBUG] [net.minecraftforge.fml.loading.LauncherVersion/CORE]: Found FMLLauncher version 1.0
[16Oct2025 22:14:04.024] [main/DEBUG] [net.minecraftforge.fml.loading.FMLLoader/CORE]: FML 1.0 loading
[16Oct2025 22:14:04.024] [main/DEBUG] [net.minecraftforge.fml.loading.FMLLoader/CORE]: FML found ModLauncher version : 10.0.9+10.0.9+main.dcd20f30
[16Oct2025 22:14:04.024] [main/DEBUG] [net.minecraftforge.fml.loading.FMLLoader/CORE]: FML found AccessTransformer version : 8.0.4+66+master.c09db6d7
[16Oct2025 22:14:04.024] [main/DEBUG] [net.minecraftforge.fml.loading.FMLLoader/CORE]: FML found EventBus version : 6.0.5+6.0.5+master.eb8e549b
[16Oct2025 22:14:04.025] [main/DEBUG] [net.minecraftforge.fml.loading.FMLLoader/CORE]: Found Runtime Dist Cleaner
[16Oct2025 22:14:04.026] [main/DEBUG] [net.minecraftforge.fml.loading.FMLLoader/CORE]: FML found CoreMod version : 5.1.6
[16Oct2025 22:14:04.027] [main/DEBUG] [net.minecraftforge.fml.loading.FMLLoader/CORE]: Found ForgeSPI package implementation version 7.0.1+7.0.1+master.d2b38bf6
[16Oct2025 22:14:04.027] [main/DEBUG] [net.minecraftforge.fml.loading.FMLLoader/CORE]: Found ForgeSPI package specification 5
[16Oct2025 22:14:04.027] [main/DEBUG] [cpw.mods.modlauncher.TransformationServiceDecorator/MODLAUNCHER]: Loaded service fml
[16Oct2025 22:14:04.028] [main/DEBUG] [cpw.mods.modlauncher.TransformationServicesHandler/MODLAUNCHER]: Configuring option handling for services
[16Oct2025 22:14:04.035] [main/DEBUG] [cpw.mods.modlauncher.TransformationServicesHandler/MODLAUNCHER]: Transformation services initializing
[16Oct2025 22:14:04.035] [main/DEBUG] [cpw.mods.modlauncher.TransformationServiceDecorator/MODLAUNCHER]: Initializing transformation service mixin
[16Oct2025 22:14:04.049] [main/DEBUG] [mixin/]: MixinService [ModLauncher] was successfully booted in cpw.mods.cl.ModuleClassLoader@7a3d45bd
[16Oct2025 22:14:04.096] [main/INFO] [mixin/]: SpongePowered MIXIN Subsystem Version=0.8.5 Source=union:/workspaces/Mega-Server/servidor_minecraft/libraries/org/spongepowered/mixin/0.8.5/mixin-0.8.5.jar%2365!/ Service=ModLauncher Env=SERVER
[16Oct2025 22:14:04.100] [main/DEBUG] [mixin/]: Initialising Mixin Platform Manager
[16Oct2025 22:14:04.100] [main/DEBUG] [mixin/]: Adding mixin platform agents for container ModLauncher Root Container(ModLauncher:4f56a0a2)
[16Oct2025 22:14:04.100] [main/DEBUG] [mixin/]: Instancing new MixinPlatformAgentMinecraftForge for ModLauncher Root Container(ModLauncher:4f56a0a2)
[16Oct2025 22:14:04.101] [main/DEBUG] [mixin/]: MixinPlatformAgentMinecraftForge rejected container ModLauncher Root Container(ModLauncher:4f56a0a2)
[16Oct2025 22:14:04.101] [main/DEBUG] [mixin/]: Instancing new MixinPlatformAgentDefault for ModLauncher Root Container(ModLauncher:4f56a0a2)
[16Oct2025 22:14:04.101] [main/DEBUG] [mixin/]: MixinPlatformAgentDefault accepted container ModLauncher Root Container(ModLauncher:4f56a0a2)
[16Oct2025 22:14:04.104] [main/DEBUG] [cpw.mods.modlauncher.TransformationServiceDecorator/MODLAUNCHER]: Initialized transformation service mixin
[16Oct2025 22:14:04.105] [main/DEBUG] [cpw.mods.modlauncher.TransformationServiceDecorator/MODLAUNCHER]: Initializing transformation service fml
[16Oct2025 22:14:04.105] [main/DEBUG] [net.minecraftforge.fml.loading.FMLServiceProvider/CORE]: Setting up basic FML game directories
[16Oct2025 22:14:04.105] [main/DEBUG] [net.minecraftforge.fml.loading.FMLPaths/CORE]: Path GAMEDIR is /workspaces/Mega-Server/servidor_minecraft
[16Oct2025 22:14:04.105] [main/DEBUG] [net.minecraftforge.fml.loading.FMLPaths/CORE]: Path MODSDIR is /workspaces/Mega-Server/servidor_minecraft/mods
[16Oct2025 22:14:04.106] [main/DEBUG] [net.minecraftforge.fml.loading.FMLPaths/CORE]: Path CONFIGDIR is /workspaces/Mega-Server/servidor_minecraft/config
[16Oct2025 22:14:04.106] [main/DEBUG] [net.minecraftforge.fml.loading.FMLPaths/CORE]: Path FMLCONFIG is /workspaces/Mega-Server/servidor_minecraft/config/fml.toml
[16Oct2025 22:14:04.106] [main/DEBUG] [net.minecraftforge.fml.loading.FMLServiceProvider/CORE]: Loading configuration
[16Oct2025 22:14:04.108] [main/DEBUG] [net.minecraftforge.fml.loading.FMLServiceProvider/CORE]: Preparing ModFile
[16Oct2025 22:14:04.111] [main/DEBUG] [net.minecraftforge.fml.loading.FMLServiceProvider/CORE]: Preparing launch handler
[16Oct2025 22:14:04.111] [main/DEBUG] [net.minecraftforge.fml.loading.FMLLoader/CORE]: Using forgeserver as launch service
[16Oct2025 22:14:04.126] [main/DEBUG] [net.minecraftforge.fml.loading.FMLLoader/CORE]: Received command line version data  : VersionInfo[forgeVersion=47.3.7, mcVersion=1.20.1, mcpVersion=20230612.114412, forgeGroup=net.minecraftforge]
[16Oct2025 22:14:04.128] [main/DEBUG] [cpw.mods.modlauncher.TransformationServiceDecorator/MODLAUNCHER]: Initialized transformation service fml
[16Oct2025 22:14:04.128] [main/DEBUG] [cpw.mods.modlauncher.NameMappingServiceHandler/MODLAUNCHER]: Current naming domain is 'srg'
[16Oct2025 22:14:04.129] [main/DEBUG] [cpw.mods.modlauncher.NameMappingServiceHandler/MODLAUNCHER]: Identified name mapping providers {}
[16Oct2025 22:14:04.129] [main/DEBUG] [cpw.mods.modlauncher.TransformationServicesHandler/MODLAUNCHER]: Transformation services begin scanning
[16Oct2025 22:14:04.129] [main/DEBUG] [cpw.mods.modlauncher.TransformationServiceDecorator/MODLAUNCHER]: Beginning scan trigger - transformation service mixin
[16Oct2025 22:14:04.130] [main/DEBUG] [cpw.mods.modlauncher.TransformationServiceDecorator/MODLAUNCHER]: End scan trigger - transformation service mixin
[16Oct2025 22:14:04.130] [main/DEBUG] [cpw.mods.modlauncher.TransformationServiceDecorator/MODLAUNCHER]: Beginning scan trigger - transformation service fml
[16Oct2025 22:14:04.130] [main/DEBUG] [net.minecraftforge.fml.loading.FMLServiceProvider/CORE]: Initiating mod scan
[16Oct2025 22:14:04.140] [main/DEBUG] [net.minecraftforge.fml.loading.moddiscovery.ModListHandler/CORE]: Found mod coordinates from lists: []
[16Oct2025 22:14:04.144] [main/DEBUG] [net.minecraftforge.fml.loading.moddiscovery.ModDiscoverer/CORE]: Found Mod Locators : (mods folder:null),(maven libs:null),(exploded directory:null),(minecraft:null),(userdev classpath:null)
[16Oct2025 22:14:04.145] [main/DEBUG] [net.minecraftforge.fml.loading.moddiscovery.ModDiscoverer/CORE]: Found Dependency Locators : (JarInJar:null)
[16Oct2025 22:14:04.153] [main/DEBUG] [net.minecraftforge.fml.loading.moddiscovery.ModFileParser/LOADING]: Considering mod file candidate /workspaces/Mega-Server/servidor_minecraft/mods/alexscaves-2.0.2.jar
[16Oct2025 22:14:04.191] [main/DEBUG] [net.minecraftforge.fml.loading.moddiscovery.ModFileInfo/LOADING]: Found valid mod file alexscaves-2.0.2.jar with {alexscaves} mods - versions {2.0.2}
[16Oct2025 22:14:04.193] [main/DEBUG] [net.minecraftforge.fml.loading.moddiscovery.ModFileParser/LOADING]: Considering mod file candidate /workspaces/Mega-Server/servidor_minecraft/mods/architectury-9.2.14-forge.jar
[16Oct2025 22:14:04.194] [main/DEBUG] [net.minecraftforge.fml.loading.moddiscovery.ModFileInfo/LOADING]: Found valid mod file architectury-9.2.14-forge.jar with {architectury} mods - versions {9.2.14}
[16Oct2025 22:14:04.195] [main/DEBUG] [net.minecraftforge.fml.loading.moddiscovery.ModFileParser/LOADING]: Considering mod file candidate /workspaces/Mega-Server/servidor_minecraft/mods/caelus-forge-3.2.0+1.20.1.jar
[16Oct2025 22:14:04.196] [main/DEBUG] [net.minecraftforge.fml.loading.moddiscovery.ModFileInfo/LOADING]: Found valid mod file caelus-forge-3.2.0+1.20.1.jar with {caelus} mods - versions {3.2.0+1.20.1}
[16Oct2025 22:14:04.198] [main/DEBUG] [net.minecraftforge.fml.loading.moddiscovery.ModFileParser/LOADING]: Considering mod file candidate /workspaces/Mega-Server/servidor_minecraft/mods/citadel-2.6.2-1.20.1.jar
[16Oct2025 22:14:04.200] [main/DEBUG] [net.minecraftforge.fml.loading.moddiscovery.ModFileInfo/LOADING]: Found valid mod file citadel-2.6.2-1.20.1.jar with {citadel} mods - versions {2.6.2}
[16Oct2025 22:14:04.201] [main/DEBUG] [net.minecraftforge.fml.loading.moddiscovery.ModFileParser/LOADING]: Considering mod file candidate /workspaces/Mega-Server/servidor_minecraft/mods/coroutil-forge-1.20.1-1.3.7.jar
[16Oct2025 22:14:04.202] [main/DEBUG] [net.minecraftforge.fml.loading.moddiscovery.ModFileInfo/LOADING]: Found valid mod file coroutil-forge-1.20.1-1.3.7.jar with {coroutil} mods - versions {1.20.1-1.3.7}
[16Oct2025 22:14:04.203] [main/DEBUG] [net.minecraftforge.fml.loading.moddiscovery.ModFileParser/LOADING]: Considering mod file candidate /workspaces/Mega-Server/servidor_minecraft/mods/crucifix-1.3.1-forge-1.20.1.jar
[16Oct2025 22:14:04.204] [main/DEBUG] [net.minecraftforge.fml.loading.moddiscovery.ModFileInfo/LOADING]: Found valid mod file crucifix-1.3.1-forge-1.20.1.jar with {crucifix} mods - versions {1.3.1}
[16Oct2025 22:14:04.205] [main/DEBUG] [net.minecraftforge.fml.loading.moddiscovery.ModFileParser/LOADING]: Considering mod file candidate /workspaces/Mega-Server/servidor_minecraft/mods/curios-forge-5.14.1+1.20.1.jar
[16Oct2025 22:14:04.208] [main/DEBUG] [net.minecraftforge.fml.loading.moddiscovery.ModFileInfo/LOADING]: Found valid mod file curios-forge-5.14.1+1.20.1.jar with {curios} mods - versions {5.14.1+1.20.1}
[16Oct2025 22:14:04.208] [main/DEBUG] [net.minecraftforge.fml.loading.moddiscovery.ModFileParser/LOADING]: Considering mod file candidate /workspaces/Mega-Server/servidor_minecraft/mods/EnderMail-1.20.1-1.2.9.jar
[16Oct2025 22:14:04.210] [main/DEBUG] [net.minecraftforge.fml.loading.moddiscovery.ModFileInfo/LOADING]: Found valid mod file EnderMail-1.20.1-1.2.9.jar with {endermail} mods - versions {1.20.1-1.2.9}
[16Oct2025 22:14:04.210] [main/DEBUG] [net.minecraftforge.fml.loading.moddiscovery.ModFileParser/LOADING]: Considering mod file candidate /workspaces/Mega-Server/servidor_minecraft/mods/geckolib-forge-1.20.1-4.7.4.jar
[16Oct2025 22:14:04.211] [main/DEBUG] [net.minecraftforge.fml.loading.moddiscovery.ModFileInfo/LOADING]: Found valid mod file geckolib-forge-1.20.1-4.7.4.jar with {geckolib} mods - versions {4.7.4}
[16Oct2025 22:14:04.215] [main/DEBUG] [net.minecraftforge.fml.loading.moddiscovery.ModFileParser/LOADING]: Considering mod file candidate /workspaces/Mega-Server/servidor_minecraft/mods/iceandfire-2.1.13-1.20.1-beta-5.jar
[16Oct2025 22:14:04.217] [main/DEBUG] [net.minecraftforge.fml.loading.moddiscovery.ModFileInfo/LOADING]: Found valid mod file iceandfire-2.1.13-1.20.1-beta-5.jar with {iceandfire} mods - versions {2.1.13-1.20.1}
[16Oct2025 22:14:04.219] [main/DEBUG] [net.minecraftforge.fml.loading.moddiscovery.ModFileParser/LOADING]: Considering mod file candidate /workspaces/Mega-Server/servidor_minecraft/mods/irons_spellbooks-1.20.1-3.4.0.9.jar
[16Oct2025 22:14:04.221] [main/DEBUG] [net.minecraftforge.fml.loading.moddiscovery.ModFileInfo/LOADING]: Found valid mod file irons_spellbooks-1.20.1-3.4.0.9.jar with {irons_spellbooks} mods - versions {1.20.1-3.4.0.9}
[16Oct2025 22:14:04.223] [main/DEBUG] [net.minecraftforge.fml.loading.moddiscovery.ModFileParser/LOADING]: Considering mod file candidate /workspaces/Mega-Server/servidor_minecraft/mods/jei-1.20.1-forge-15.20.0.116.jar
[16Oct2025 22:14:04.224] [main/DEBUG] [net.minecraftforge.fml.loading.moddiscovery.ModFileInfo/LOADING]: Found valid mod file jei-1.20.1-forge-15.20.0.116.jar with {jei} mods - versions {15.20.0.116}
[16Oct2025 22:14:04.225] [main/DEBUG] [net.minecraftforge.fml.loading.moddiscovery.ModFileParser/LOADING]: Considering mod file candidate /workspaces/Mega-Server/servidor_minecraft/mods/mcef-forge-2.1.6-1.20.1.jar
[16Oct2025 22:14:04.226] [main/DEBUG] [net.minecraftforge.fml.loading.moddiscovery.ModFileInfo/LOADING]: Found valid mod file mcef-forge-2.1.6-1.20.1.jar with {mcef} mods - versions {2.1.6-1.20.1}
[16Oct2025 22:14:04.226] [main/DEBUG] [net.minecraftforge.fml.loading.moddiscovery.ModFileParser/LOADING]: Considering mod file candidate /workspaces/Mega-Server/servidor_minecraft/mods/OctoLib-FORGE-0.5.0.1+1.20.1.jar
[16Oct2025 22:14:04.228] [main/DEBUG] [net.minecraftforge.fml.loading.moddiscovery.ModFileInfo/LOADING]: Found valid mod file OctoLib-FORGE-0.5.0.1+1.20.1.jar with {octolib} mods - versions {0.5.0.1}
[16Oct2025 22:14:04.228] [main/DEBUG] [net.minecraftforge.fml.loading.moddiscovery.ModFileParser/LOADING]: Considering mod file candidate /workspaces/Mega-Server/servidor_minecraft/mods/player-animation-lib-forge-1.0.2-rc1+1.20.jar
[16Oct2025 22:14:04.230] [main/DEBUG] [net.minecraftforge.fml.loading.moddiscovery.ModFileInfo/LOADING]: Found valid mod file player-animation-lib-forge-1.0.2-rc1+1.20.jar with {playeranimator} mods - versions {1.0.2-rc1+1.20}
[16Oct2025 22:14:04.231] [main/DEBUG] [net.minecraftforge.fml.loading.moddiscovery.ModFileParser/LOADING]: Considering mod file candidate /workspaces/Mega-Server/servidor_minecraft/mods/sophisticatedbackpacks-1.20.1-3.24.8.1386.jar
[16Oct2025 22:14:04.232] [main/DEBUG] [net.minecraftforge.fml.loading.moddiscovery.ModFileInfo/LOADING]: Found valid mod file sophisticatedbackpacks-1.20.1-3.24.8.1386.jar with {sophisticatedbackpacks} mods - versions {3.24.8.1386}
[16Oct2025 22:14:04.233] [main/DEBUG] [net.minecraftforge.fml.loading.moddiscovery.ModFileParser/LOADING]: Considering mod file candidate /workspaces/Mega-Server/servidor_minecraft/mods/sophisticatedcore-1.20.1-1.2.96.1185.jar
[16Oct2025 22:14:04.234] [main/DEBUG] [net.minecraftforge.fml.loading.moddiscovery.ModFileInfo/LOADING]: Found valid mod file sophisticatedcore-1.20.1-1.2.96.1185.jar with {sophisticatedcore} mods - versions {1.2.96.1185}
[16Oct2025 22:14:04.237] [main/DEBUG] [net.minecraftforge.fml.loading.moddiscovery.ModFileParser/LOADING]: Considering mod file candidate /workspaces/Mega-Server/servidor_minecraft/mods/tacz-1.20.1-1.1.6-hotfix.jar
[16Oct2025 22:14:04.267] [main/DEBUG] [net.minecraftforge.fml.loading.moddiscovery.ModFileInfo/LOADING]: Found valid mod file tacz-1.20.1-1.1.6-hotfix.jar with {tacz} mods - versions {1.1.6-hotfix}
[16Oct2025 22:14:04.269] [main/DEBUG] [net.minecraftforge.fml.loading.moddiscovery.ModFileParser/LOADING]: Considering mod file candidate /workspaces/Mega-Server/servidor_minecraft/mods/tombstone-1.20.1-9.0.9.jar
[16Oct2025 22:14:04.270] [main/DEBUG] [net.minecraftforge.fml.loading.moddiscovery.ModFileInfo/LOADING]: Found valid mod file tombstone-1.20.1-9.0.9.jar with {tombstone} mods - versions {9.0.9}
[16Oct2025 22:14:04.270] [main/DEBUG] [net.minecraftforge.fml.loading.moddiscovery.ModFileParser/LOADING]: Considering mod file candidate /workspaces/Mega-Server/servidor_minecraft/mods/trade-cycling-forge-1.20.1-1.0.18.jar
[16Oct2025 22:14:04.271] [main/DEBUG] [net.minecraftforge.fml.loading.moddiscovery.ModFileInfo/LOADING]: Found valid mod file trade-cycling-forge-1.20.1-1.0.18.jar with {trade_cycling} mods - versions {1.20.1-1.0.18}
[16Oct2025 22:14:04.274] [main/DEBUG] [net.minecraftforge.fml.loading.moddiscovery.ModFileParser/LOADING]: Considering mod file candidate /workspaces/Mega-Server/servidor_minecraft/mods/Vampirism-1.20.1-1.10.13.jar
[16Oct2025 22:14:04.276] [main/DEBUG] [net.minecraftforge.fml.loading.moddiscovery.ModFileInfo/LOADING]: Found valid mod file Vampirism-1.20.1-1.10.13.jar with {vampirism,teamlapenlib} mods - versions {1.10.13,1.10.13}
[16Oct2025 22:14:04.277] [main/DEBUG] [net.minecraftforge.fml.loading.moddiscovery.ModFileParser/LOADING]: Considering mod file candidate /workspaces/Mega-Server/servidor_minecraft/mods/watut-forge-1.20.1-1.2.3.jar
[16Oct2025 22:14:04.277] [main/DEBUG] [net.minecraftforge.fml.loading.moddiscovery.ModFileInfo/LOADING]: Found valid mod file watut-forge-1.20.1-1.2.3.jar with {watut} mods - versions {1.20.1-1.2.3}
[16Oct2025 22:14:04.278] [main/DEBUG] [net.minecraftforge.fml.loading.moddiscovery.ModFileParser/LOADING]: Considering mod file candidate /workspaces/Mega-Server/servidor_minecraft/mods/webdisplays-2.0.2-1.20.1.jar
[16Oct2025 22:14:04.279] [main/DEBUG] [net.minecraftforge.fml.loading.moddiscovery.ModFileInfo/LOADING]: Found valid mod file webdisplays-2.0.2-1.20.1.jar with {webdisplays} mods - versions {2.0.1-1.20.1}
[16Oct2025 22:14:04.480] [main/DEBUG] [net.minecraftforge.fml.loading.moddiscovery.ModFileInfo/LOADING]: Found valid mod file server-1.20.1-20230612.114412-srg.jar with {minecraft} mods - versions {1.20.1}
[16Oct2025 22:14:04.525] [main/DEBUG] [net.minecraftforge.fml.loading.moddiscovery.ModFileParser/LOADING]: Considering mod file candidate /workspaces/Mega-Server/servidor_minecraft/libraries/net/minecraftforge/fmlcore/1.20.1-47.3.7/fmlcore-1.20.1-47.3.7.jar
[16Oct2025 22:14:04.526] [main/WARN] [net.minecraftforge.fml.loading.moddiscovery.ModFileParser/LOADING]: Mod file /workspaces/Mega-Server/servidor_minecraft/libraries/net/minecraftforge/fmlcore/1.20.1-47.3.7/fmlcore-1.20.1-47.3.7.jar is missing mods.toml file
[16Oct2025 22:14:04.528] [main/DEBUG] [net.minecraftforge.fml.loading.moddiscovery.ModFileParser/LOADING]: Considering mod file candidate /workspaces/Mega-Server/servidor_minecraft/libraries/net/minecraftforge/javafmllanguage/1.20.1-47.3.7/javafmllanguage-1.20.1-47.3.7.jar
[16Oct2025 22:14:04.528] [main/WARN] [net.minecraftforge.fml.loading.moddiscovery.ModFileParser/LOADING]: Mod file /workspaces/Mega-Server/servidor_minecraft/libraries/net/minecraftforge/javafmllanguage/1.20.1-47.3.7/javafmllanguage-1.20.1-47.3.7.jar is missing mods.toml file
[16Oct2025 22:14:04.530] [main/DEBUG] [net.minecraftforge.fml.loading.moddiscovery.ModFileParser/LOADING]: Considering mod file candidate /workspaces/Mega-Server/servidor_minecraft/libraries/net/minecraftforge/lowcodelanguage/1.20.1-47.3.7/lowcodelanguage-1.20.1-47.3.7.jar
[16Oct2025 22:14:04.530] [main/WARN] [net.minecraftforge.fml.loading.moddiscovery.ModFileParser/LOADING]: Mod file /workspaces/Mega-Server/servidor_minecraft/libraries/net/minecraftforge/lowcodelanguage/1.20.1-47.3.7/lowcodelanguage-1.20.1-47.3.7.jar is missing mods.toml file
[16Oct2025 22:14:04.531] [main/DEBUG] [net.minecraftforge.fml.loading.moddiscovery.ModFileParser/LOADING]: Considering mod file candidate /workspaces/Mega-Server/servidor_minecraft/libraries/net/minecraftforge/mclanguage/1.20.1-47.3.7/mclanguage-1.20.1-47.3.7.jar
[16Oct2025 22:14:04.531] [main/WARN] [net.minecraftforge.fml.loading.moddiscovery.ModFileParser/LOADING]: Mod file /workspaces/Mega-Server/servidor_minecraft/libraries/net/minecraftforge/mclanguage/1.20.1-47.3.7/mclanguage-1.20.1-47.3.7.jar is missing mods.toml file
[16Oct2025 22:14:04.575] [main/DEBUG] [net.minecraftforge.fml.loading.moddiscovery.ModFileParser/LOADING]: Considering mod file candidate /workspaces/Mega-Server/servidor_minecraft/libraries/net/minecraftforge/forge/1.20.1-47.3.7/forge-1.20.1-47.3.7-universal.jar
[16Oct2025 22:14:04.576] [main/DEBUG] [net.minecraftforge.fml.loading.moddiscovery.ModFileInfo/LOADING]: Found valid mod file forge-1.20.1-47.3.7-universal.jar with {forge} mods - versions {47.3.7}
[16Oct2025 22:14:04.592] [main/DEBUG] [net.minecraftforge.fml.loading.moddiscovery.AbstractJarFileDependencyLocator/]: Failed to load resource META-INF/jarjar/metadata.json from server-1.20.1-20230612.114412-srg.jar, it does not contain dependency information.
[16Oct2025 22:14:04.592] [main/DEBUG] [net.minecraftforge.fml.loading.moddiscovery.AbstractJarFileDependencyLocator/]: Failed to load resource META-INF/jarjar/metadata.json from irons_spellbooks-1.20.1-3.4.0.9.jar, it does not contain dependency information.
[16Oct2025 22:14:04.592] [main/DEBUG] [net.minecraftforge.fml.loading.moddiscovery.AbstractJarFileDependencyLocator/]: Failed to load resource META-INF/jarjar/metadata.json from alexscaves-2.0.2.jar, it does not contain dependency information.
[16Oct2025 22:14:04.593] [main/DEBUG] [net.minecraftforge.fml.loading.moddiscovery.AbstractJarFileDependencyLocator/]: Failed to load resource META-INF/jarjar/metadata.json from trade-cycling-forge-1.20.1-1.0.18.jar, it does not contain dependency information.
[16Oct2025 22:14:04.593] [main/DEBUG] [net.minecraftforge.fml.loading.moddiscovery.AbstractJarFileDependencyLocator/]: Failed to load resource META-INF/jarjar/metadata.json from tombstone-1.20.1-9.0.9.jar, it does not contain dependency information.
[16Oct2025 22:14:04.593] [main/DEBUG] [net.minecraftforge.fml.loading.moddiscovery.AbstractJarFileDependencyLocator/]: Failed to load resource META-INF/jarjar/metadata.json from mcef-forge-2.1.6-1.20.1.jar, it does not contain dependency information.
[16Oct2025 22:14:04.593] [main/DEBUG] [net.minecraftforge.fml.loading.moddiscovery.AbstractJarFileDependencyLocator/]: Failed to load resource META-INF/jarjar/metadata.json from sophisticatedbackpacks-1.20.1-3.24.8.1386.jar, it does not contain dependency information.
[16Oct2025 22:14:04.593] [main/DEBUG] [net.minecraftforge.fml.loading.moddiscovery.AbstractJarFileDependencyLocator/]: Failed to load resource META-INF/jarjar/metadata.json from coroutil-forge-1.20.1-1.3.7.jar, it does not contain dependency information.
[16Oct2025 22:14:04.593] [main/DEBUG] [net.minecraftforge.fml.loading.moddiscovery.AbstractJarFileDependencyLocator/]: Failed to load resource META-INF/jarjar/metadata.json from architectury-9.2.14-forge.jar, it does not contain dependency information.
[16Oct2025 22:14:04.594] [main/DEBUG] [net.minecraftforge.fml.loading.moddiscovery.AbstractJarFileDependencyLocator/]: Failed to load resource META-INF/jarjar/metadata.json from Vampirism-1.20.1-1.10.13.jar, it does not contain dependency information.
[16Oct2025 22:14:04.594] [main/DEBUG] [net.minecraftforge.fml.loading.moddiscovery.AbstractJarFileDependencyLocator/]: Failed to load resource META-INF/jarjar/metadata.json from player-animation-lib-forge-1.0.2-rc1+1.20.jar, it does not contain dependency information.
[16Oct2025 22:14:04.594] [main/DEBUG] [net.minecraftforge.fml.loading.moddiscovery.AbstractJarFileDependencyLocator/]: Failed to load resource META-INF/jarjar/metadata.json from iceandfire-2.1.13-1.20.1-beta-5.jar, it does not contain dependency information.
[16Oct2025 22:14:04.594] [main/DEBUG] [net.minecraftforge.fml.loading.moddiscovery.AbstractJarFileDependencyLocator/]: Failed to load resource META-INF/jarjar/metadata.json from jei-1.20.1-forge-15.20.0.116.jar, it does not contain dependency information.
[16Oct2025 22:14:04.594] [main/DEBUG] [net.minecraftforge.fml.loading.moddiscovery.AbstractJarFileDependencyLocator/]: Failed to load resource META-INF/jarjar/metadata.json from crucifix-1.3.1-forge-1.20.1.jar, it does not contain dependency information.
[16Oct2025 22:14:04.595] [main/DEBUG] [net.minecraftforge.fml.loading.moddiscovery.AbstractJarFileDependencyLocator/]: Failed to load resource META-INF/jarjar/metadata.json from watut-forge-1.20.1-1.2.3.jar, it does not contain dependency information.
[16Oct2025 22:14:04.595] [main/DEBUG] [net.minecraftforge.fml.loading.moddiscovery.AbstractJarFileDependencyLocator/]: Failed to load resource META-INF/jarjar/metadata.json from caelus-forge-3.2.0+1.20.1.jar, it does not contain dependency information.
[16Oct2025 22:14:04.595] [main/DEBUG] [net.minecraftforge.fml.loading.moddiscovery.AbstractJarFileDependencyLocator/]: Failed to load resource META-INF/jarjar/metadata.json from forge-1.20.1-47.3.7-universal.jar, it does not contain dependency information.
[16Oct2025 22:14:04.595] [main/DEBUG] [net.minecraftforge.fml.loading.moddiscovery.AbstractJarFileDependencyLocator/]: Failed to load resource META-INF/jarjar/metadata.json from sophisticatedcore-1.20.1-1.2.96.1185.jar, it does not contain dependency information.
[16Oct2025 22:14:04.595] [main/DEBUG] [net.minecraftforge.fml.loading.moddiscovery.AbstractJarFileDependencyLocator/]: Failed to load resource META-INF/jarjar/metadata.json from curios-forge-5.14.1+1.20.1.jar, it does not contain dependency information.
[16Oct2025 22:14:04.595] [main/DEBUG] [net.minecraftforge.fml.loading.moddiscovery.AbstractJarFileDependencyLocator/]: Failed to load resource META-INF/jarjar/metadata.json from webdisplays-2.0.2-1.20.1.jar, it does not contain dependency information.
[16Oct2025 22:14:04.595] [main/DEBUG] [net.minecraftforge.fml.loading.moddiscovery.AbstractJarFileDependencyLocator/]: Failed to load resource META-INF/jarjar/metadata.json from EnderMail-1.20.1-1.2.9.jar, it does not contain dependency information.
[16Oct2025 22:14:04.596] [main/DEBUG] [net.minecraftforge.fml.loading.moddiscovery.AbstractJarFileDependencyLocator/]: Failed to load resource META-INF/jarjar/metadata.json from citadel-2.6.2-1.20.1.jar, it does not contain dependency information.
[16Oct2025 22:14:04.596] [main/DEBUG] [net.minecraftforge.fml.loading.moddiscovery.AbstractJarFileDependencyLocator/]: Failed to load resource META-INF/jarjar/metadata.json from mclanguage-1.20.1-47.3.7.jar, it does not contain dependency information.
[16Oct2025 22:14:04.596] [main/DEBUG] [net.minecraftforge.fml.loading.moddiscovery.AbstractJarFileDependencyLocator/]: Failed to load resource META-INF/jarjar/metadata.json from javafmllanguage-1.20.1-47.3.7.jar, it does not contain dependency information.
[16Oct2025 22:14:04.596] [main/DEBUG] [net.minecraftforge.fml.loading.moddiscovery.AbstractJarFileDependencyLocator/]: Failed to load resource META-INF/jarjar/metadata.json from fmlcore-1.20.1-47.3.7.jar, it does not contain dependency information.
[16Oct2025 22:14:04.596] [main/DEBUG] [net.minecraftforge.fml.loading.moddiscovery.AbstractJarFileDependencyLocator/]: Failed to load resource META-INF/jarjar/metadata.json from lowcodelanguage-1.20.1-47.3.7.jar, it does not contain dependency information.
[16Oct2025 22:14:04.935] [main/DEBUG] [net.minecraftforge.fml.loading.moddiscovery.ModFileParser/LOADING]: Considering mod file candidate 
[16Oct2025 22:14:04.936] [main/DEBUG] [net.minecraftforge.fml.loading.moddiscovery.ModFileInfo/LOADING]: Found valid mod file mixinextras-forge-0.3.6.jar with {mixinextras} mods - versions {0.3.6}
[16Oct2025 22:14:04.936] [main/DEBUG] [net.minecraftforge.fml.loading.moddiscovery.AbstractJarFileDependencyLocator/]: Failed to load resource META-INF/jarjar/metadata.json from mclib-20.jar, it does not contain dependency information.
[16Oct2025 22:14:04.936] [main/DEBUG] [net.minecraftforge.fml.loading.moddiscovery.AbstractJarFileDependencyLocator/]: Failed to load resource META-INF/jarjar/metadata.json from snakeyaml-2.2.jar, it does not contain dependency information.
[16Oct2025 22:14:04.936] [main/DEBUG] [net.minecraftforge.fml.loading.moddiscovery.AbstractJarFileDependencyLocator/]: Failed to load resource META-INF/jarjar/metadata.json from commons-math3-3.6.1.jar, it does not contain dependency information.
[16Oct2025 22:14:04.937] [main/DEBUG] [net.minecraftforge.fml.loading.moddiscovery.AbstractJarFileDependencyLocator/]: Failed to load resource META-INF/jarjar/metadata.json from luaj-core-3.0.8-figura.jar, it does not contain dependency information.
[16Oct2025 22:14:04.937] [main/DEBUG] [net.minecraftforge.fml.loading.moddiscovery.AbstractJarFileDependencyLocator/]: Failed to load resource META-INF/jarjar/metadata.json from luaj-jse-3.0.8-figura.jar, it does not contain dependency information.
[16Oct2025 22:14:04.937] [main/DEBUG] [net.minecraftforge.fml.loading.moddiscovery.AbstractJarFileDependencyLocator/]: Failed to load resource META-INF/jarjar/metadata.json from bcel-6.6.1.jar, it does not contain dependency information.
[16Oct2025 22:14:04.943] [main/DEBUG] [net.minecraftforge.fml.loading.moddiscovery.AbstractJarFileDependencyLocator/]: Failed to load resource META-INF/jarjar/metadata.json from MixinExtras-0.3.6.jar, it does not contain dependency information.
[16Oct2025 22:14:04.972] [main/DEBUG] [net.minecraftforge.fml.loading.moddiscovery.ModFileParser/LOADING]: Considering mod file candidate 
[16Oct2025 22:14:04.973] [main/DEBUG] [net.minecraftforge.fml.loading.moddiscovery.ModFileInfo/LOADING]: Found valid mod file mixinextras-forge-0.3.6.jar with {mixinextras} mods - versions {0.3.6}
[16Oct2025 22:14:05.044] [main/INFO] [net.minecraftforge.fml.loading.moddiscovery.JarInJarDependencyLocator/]: Found 8 dependencies adding them to mods collection
[16Oct2025 22:14:05.046] [main/DEBUG] [net.minecraftforge.fml.loading.moddiscovery.ModFileInfo/LOADING]: Found valid mod file server-1.20.1-20230612.114412-srg.jar with {minecraft} mods - versions {1.20.1}
[16Oct2025 22:14:05.048] [main/DEBUG] [net.minecraftforge.fml.loading.moddiscovery.ModFile/LOADING]: Loading mod file /workspaces/Mega-Server/servidor_minecraft/libraries/net/minecraft/server/1.20.1-20230612.114412/server-1.20.1-20230612.114412-srg.jar with languages [LanguageSpec[languageName=minecraft, acceptedVersions=1]]
[16Oct2025 22:14:05.049] [main/DEBUG] [net.minecraftforge.fml.loading.moddiscovery.ModFileParser/LOADING]: Considering mod file candidate /workspaces/Mega-Server/servidor_minecraft/mods/alexscaves-2.0.2.jar
[16Oct2025 22:14:05.050] [main/DEBUG] [net.minecraftforge.fml.loading.moddiscovery.ModFileInfo/LOADING]: Found valid mod file alexscaves-2.0.2.jar with {alexscaves} mods - versions {2.0.2}
[16Oct2025 22:14:05.050] [main/DEBUG] [net.minecraftforge.fml.loading.moddiscovery.ModFile/LOADING]: Loading mod file /workspaces/Mega-Server/servidor_minecraft/mods/alexscaves-2.0.2.jar with languages [LanguageSpec[languageName=javafml, acceptedVersions=[46,)]]
[16Oct2025 22:14:05.050] [main/DEBUG] [net.minecraftforge.fml.loading.moddiscovery.ModFileParser/LOADING]: Considering mod file candidate /workspaces/Mega-Server/servidor_minecraft/mods/trade-cycling-forge-1.20.1-1.0.18.jar
[16Oct2025 22:14:05.051] [main/DEBUG] [net.minecraftforge.fml.loading.moddiscovery.ModFileInfo/LOADING]: Found valid mod file trade-cycling-forge-1.20.1-1.0.18.jar with {trade_cycling} mods - versions {1.20.1-1.0.18}
[16Oct2025 22:14:05.051] [main/DEBUG] [net.minecraftforge.fml.loading.moddiscovery.ModFile/LOADING]: Loading mod file /workspaces/Mega-Server/servidor_minecraft/mods/trade-cycling-forge-1.20.1-1.0.18.jar with languages [LanguageSpec[languageName=javafml, acceptedVersions=*]]
[16Oct2025 22:14:05.051] [main/DEBUG] [net.minecraftforge.fml.loading.moddiscovery.ModFileParser/LOADING]: Considering mod file candidate /workspaces/Mega-Server/servidor_minecraft/mods/mcef-forge-2.1.6-1.20.1.jar
[16Oct2025 22:14:05.052] [main/DEBUG] [net.minecraftforge.fml.loading.moddiscovery.ModFileInfo/LOADING]: Found valid mod file mcef-forge-2.1.6-1.20.1.jar with {mcef} mods - versions {2.1.6-1.20.1}
[16Oct2025 22:14:05.052] [main/DEBUG] [net.minecraftforge.fml.loading.moddiscovery.ModFile/LOADING]: Loading mod file /workspaces/Mega-Server/servidor_minecraft/mods/mcef-forge-2.1.6-1.20.1.jar with languages [LanguageSpec[languageName=javafml, acceptedVersions=[47,)]]
[16Oct2025 22:14:05.052] [main/DEBUG] [net.minecraftforge.fml.loading.moddiscovery.ModFileParser/LOADING]: Considering mod file candidate /workspaces/Mega-Server/servidor_minecraft/mods/geckolib-forge-1.20.1-4.7.4.jar
[16Oct2025 22:14:05.052] [main/DEBUG] [net.minecraftforge.fml.loading.moddiscovery.ModFileInfo/LOADING]: Found valid mod file geckolib-forge-1.20.1-4.7.4.jar with {geckolib} mods - versions {4.7.4}
[16Oct2025 22:14:05.053] [main/DEBUG] [net.minecraftforge.fml.loading.moddiscovery.ModFile/LOADING]: Loading mod file /workspaces/Mega-Server/servidor_minecraft/mods/geckolib-forge-1.20.1-4.7.4.jar with languages [LanguageSpec[languageName=javafml, acceptedVersions=[47,)]]
[16Oct2025 22:14:05.053] [main/DEBUG] [net.minecraftforge.fml.loading.moddiscovery.ModFileParser/LOADING]: Considering mod file candidate /workspaces/Mega-Server/servidor_minecraft/mods/OctoLib-FORGE-0.5.0.1+1.20.1.jar
[16Oct2025 22:14:05.054] [main/DEBUG] [net.minecraftforge.fml.loading.moddiscovery.ModFileInfo/LOADING]: Found valid mod file OctoLib-FORGE-0.5.0.1+1.20.1.jar with {octolib} mods - versions {0.5.0.1}
[16Oct2025 22:14:05.054] [main/DEBUG] [net.minecraftforge.fml.loading.moddiscovery.ModFile/LOADING]: Loading mod file /workspaces/Mega-Server/servidor_minecraft/mods/OctoLib-FORGE-0.5.0.1+1.20.1.jar with languages [LanguageSpec[languageName=javafml, acceptedVersions=[47,)]]
[16Oct2025 22:14:05.054] [main/DEBUG] [net.minecraftforge.fml.loading.moddiscovery.ModFileParser/LOADING]: Considering mod file candidate /workspaces/Mega-Server/servidor_minecraft/mods/player-animation-lib-forge-1.0.2-rc1+1.20.jar
[16Oct2025 22:14:05.054] [main/DEBUG] [net.minecraftforge.fml.loading.moddiscovery.ModFileInfo/LOADING]: Found valid mod file player-animation-lib-forge-1.0.2-rc1+1.20.jar with {playeranimator} mods - versions {1.0.2-rc1+1.20}
[16Oct2025 22:14:05.054] [main/DEBUG] [net.minecraftforge.fml.loading.moddiscovery.ModFile/LOADING]: Loading mod file /workspaces/Mega-Server/servidor_minecraft/mods/player-animation-lib-forge-1.0.2-rc1+1.20.jar with languages [LanguageSpec[languageName=javafml, acceptedVersions=[46.0.0,)]]
[16Oct2025 22:14:05.055] [main/DEBUG] [net.minecraftforge.fml.loading.moddiscovery.ModFileParser/LOADING]: Considering mod file candidate /workspaces/Mega-Server/servidor_minecraft/mods/jei-1.20.1-forge-15.20.0.116.jar
[16Oct2025 22:14:05.055] [main/DEBUG] [net.minecraftforge.fml.loading.moddiscovery.ModFileInfo/LOADING]: Found valid mod file jei-1.20.1-forge-15.20.0.116.jar with {jei} mods - versions {15.20.0.116}
[16Oct2025 22:14:05.055] [main/DEBUG] [net.minecraftforge.fml.loading.moddiscovery.ModFile/LOADING]: Loading mod file /workspaces/Mega-Server/servidor_minecraft/mods/jei-1.20.1-forge-15.20.0.116.jar with languages [LanguageSpec[languageName=javafml, acceptedVersions=[47,)]]
[16Oct2025 22:14:05.055] [main/DEBUG] [net.minecraftforge.fml.loading.moddiscovery.ModFileParser/LOADING]: Considering mod file candidate /workspaces/Mega-Server/servidor_minecraft/mods/tacz-1.20.1-1.1.6-hotfix.jar
[16Oct2025 22:14:05.056] [main/DEBUG] [net.minecraftforge.fml.loading.moddiscovery.ModFileInfo/LOADING]: Found valid mod file tacz-1.20.1-1.1.6-hotfix.jar with {tacz} mods - versions {1.1.6-hotfix}
[16Oct2025 22:14:05.056] [main/DEBUG] [net.minecraftforge.fml.loading.moddiscovery.ModFile/LOADING]: Loading mod file /workspaces/Mega-Server/servidor_minecraft/mods/tacz-1.20.1-1.1.6-hotfix.jar with languages [LanguageSpec[languageName=javafml, acceptedVersions=[46,)]]
[16Oct2025 22:14:05.056] [main/DEBUG] [net.minecraftforge.fml.loading.moddiscovery.ModFileParser/LOADING]: Considering mod file candidate /workspaces/Mega-Server/servidor_minecraft/mods/caelus-forge-3.2.0+1.20.1.jar
[16Oct2025 22:14:05.057] [main/DEBUG] [net.minecraftforge.fml.loading.moddiscovery.ModFileInfo/LOADING]: Found valid mod file caelus-forge-3.2.0+1.20.1.jar with {caelus} mods - versions {3.2.0+1.20.1}
[16Oct2025 22:14:05.057] [main/DEBUG] [net.minecraftforge.fml.loading.moddiscovery.ModFile/LOADING]: Loading mod file /workspaces/Mega-Server/servidor_minecraft/mods/caelus-forge-3.2.0+1.20.1.jar with languages [LanguageSpec[languageName=javafml, acceptedVersions=[46,)]]
[16Oct2025 22:14:05.057] [main/DEBUG] [net.minecraftforge.fml.loading.moddiscovery.ModFileParser/LOADING]: Considering mod file candidate /workspaces/Mega-Server/servidor_minecraft/mods/sophisticatedcore-1.20.1-1.2.96.1185.jar
[16Oct2025 22:14:05.058] [main/DEBUG] [net.minecraftforge.fml.loading.moddiscovery.ModFileInfo/LOADING]: Found valid mod file sophisticatedcore-1.20.1-1.2.96.1185.jar with {sophisticatedcore} mods - versions {1.2.96.1185}
[16Oct2025 22:14:05.058] [main/DEBUG] [net.minecraftforge.fml.loading.moddiscovery.ModFile/LOADING]: Loading mod file /workspaces/Mega-Server/servidor_minecraft/mods/sophisticatedcore-1.20.1-1.2.96.1185.jar with languages [LanguageSpec[languageName=javafml, acceptedVersions=[47,)]]
[16Oct2025 22:14:05.058] [main/DEBUG] [net.minecraftforge.fml.loading.moddiscovery.ModFileParser/LOADING]: Considering mod file candidate /workspaces/Mega-Server/servidor_minecraft/mods/curios-forge-5.14.1+1.20.1.jar
[16Oct2025 22:14:05.058] [main/DEBUG] [net.minecraftforge.fml.loading.moddiscovery.ModFileInfo/LOADING]: Found valid mod file curios-forge-5.14.1+1.20.1.jar with {curios} mods - versions {5.14.1+1.20.1}
[16Oct2025 22:14:05.058] [main/DEBUG] [net.minecraftforge.fml.loading.moddiscovery.ModFile/LOADING]: Loading mod file /workspaces/Mega-Server/servidor_minecraft/mods/curios-forge-5.14.1+1.20.1.jar with languages [LanguageSpec[languageName=javafml, acceptedVersions=[41,)]]
[16Oct2025 22:14:05.059] [main/DEBUG] [net.minecraftforge.fml.loading.moddiscovery.ModFileParser/LOADING]: Considering mod file candidate /workspaces/Mega-Server/servidor_minecraft/mods/citadel-2.6.2-1.20.1.jar
[16Oct2025 22:14:05.059] [main/DEBUG] [net.minecraftforge.fml.loading.moddiscovery.ModFileInfo/LOADING]: Found valid mod file citadel-2.6.2-1.20.1.jar with {citadel} mods - versions {2.6.2}
[16Oct2025 22:14:05.059] [main/DEBUG] [net.minecraftforge.fml.loading.moddiscovery.ModFile/LOADING]: Loading mod file /workspaces/Mega-Server/servidor_minecraft/mods/citadel-2.6.2-1.20.1.jar with languages [LanguageSpec[languageName=javafml, acceptedVersions=[47,)]]
[16Oct2025 22:14:05.059] [main/DEBUG] [net.minecraftforge.fml.loading.moddiscovery.ModFileParser/LOADING]: Considering mod file candidate /workspaces/Mega-Server/servidor_minecraft/mods/irons_spellbooks-1.20.1-3.4.0.9.jar
[16Oct2025 22:14:05.060] [main/DEBUG] [net.minecraftforge.fml.loading.moddiscovery.ModFileInfo/LOADING]: Found valid mod file irons_spellbooks-1.20.1-3.4.0.9.jar with {irons_spellbooks} mods - versions {1.20.1-3.4.0.9}
[16Oct2025 22:14:05.060] [main/DEBUG] [net.minecraftforge.fml.loading.moddiscovery.ModFile/LOADING]: Loading mod file /workspaces/Mega-Server/servidor_minecraft/mods/irons_spellbooks-1.20.1-3.4.0.9.jar with languages [LanguageSpec[languageName=javafml, acceptedVersions=[47,)]]
[16Oct2025 22:14:05.060] [main/DEBUG] [net.minecraftforge.fml.loading.moddiscovery.ModFileParser/LOADING]: Considering mod file candidate /workspaces/Mega-Server/servidor_minecraft/mods/tombstone-1.20.1-9.0.9.jar
[16Oct2025 22:14:05.061] [main/DEBUG] [net.minecraftforge.fml.loading.moddiscovery.ModFileInfo/LOADING]: Found valid mod file tombstone-1.20.1-9.0.9.jar with {tombstone} mods - versions {9.0.9}
[16Oct2025 22:14:05.061] [main/DEBUG] [net.minecraftforge.fml.loading.moddiscovery.ModFile/LOADING]: Loading mod file /workspaces/Mega-Server/servidor_minecraft/mods/tombstone-1.20.1-9.0.9.jar with languages [LanguageSpec[languageName=javafml, acceptedVersions=[46,)]]
[16Oct2025 22:14:05.061] [main/DEBUG] [net.minecraftforge.fml.loading.moddiscovery.ModFileParser/LOADING]: Considering mod file candidate /workspaces/Mega-Server/servidor_minecraft/mods/sophisticatedbackpacks-1.20.1-3.24.8.1386.jar
[16Oct2025 22:14:05.061] [main/DEBUG] [net.minecraftforge.fml.loading.moddiscovery.ModFileInfo/LOADING]: Found valid mod file sophisticatedbackpacks-1.20.1-3.24.8.1386.jar with {sophisticatedbackpacks} mods - versions {3.24.8.1386}
[16Oct2025 22:14:05.061] [main/DEBUG] [net.minecraftforge.fml.loading.moddiscovery.ModFile/LOADING]: Loading mod file /workspaces/Mega-Server/servidor_minecraft/mods/sophisticatedbackpacks-1.20.1-3.24.8.1386.jar with languages [LanguageSpec[languageName=javafml, acceptedVersions=[47,)]]
[16Oct2025 22:14:05.062] [main/DEBUG] [net.minecraftforge.fml.loading.moddiscovery.ModFileParser/LOADING]: Considering mod file candidate /workspaces/Mega-Server/servidor_minecraft/mods/coroutil-forge-1.20.1-1.3.7.jar
[16Oct2025 22:14:05.062] [main/DEBUG] [net.minecraftforge.fml.loading.moddiscovery.ModFileInfo/LOADING]: Found valid mod file coroutil-forge-1.20.1-1.3.7.jar with {coroutil} mods - versions {1.20.1-1.3.7}
[16Oct2025 22:14:05.062] [main/DEBUG] [net.minecraftforge.fml.loading.moddiscovery.ModFile/LOADING]: Loading mod file /workspaces/Mega-Server/servidor_minecraft/mods/coroutil-forge-1.20.1-1.3.7.jar with languages [LanguageSpec[languageName=javafml, acceptedVersions=[47,)]]
[16Oct2025 22:14:05.062] [main/DEBUG] [net.minecraftforge.fml.loading.moddiscovery.ModFileParser/LOADING]: Considering mod file candidate /workspaces/Mega-Server/servidor_minecraft/mods/architectury-9.2.14-forge.jar
[16Oct2025 22:14:05.063] [main/DEBUG] [net.minecraftforge.fml.loading.moddiscovery.ModFileInfo/LOADING]: Found valid mod file architectury-9.2.14-forge.jar with {architectury} mods - versions {9.2.14}
[16Oct2025 22:14:05.063] [main/DEBUG] [net.minecraftforge.fml.loading.moddiscovery.ModFile/LOADING]: Loading mod file /workspaces/Mega-Server/servidor_minecraft/mods/architectury-9.2.14-forge.jar with languages [LanguageSpec[languageName=javafml, acceptedVersions=[46,)]]
[16Oct2025 22:14:05.063] [main/DEBUG] [net.minecraftforge.fml.loading.moddiscovery.ModFileParser/LOADING]: Considering mod file candidate /workspaces/Mega-Server/servidor_minecraft/mods/Vampirism-1.20.1-1.10.13.jar
[16Oct2025 22:14:05.064] [main/DEBUG] [net.minecraftforge.fml.loading.moddiscovery.ModFileInfo/LOADING]: Found valid mod file Vampirism-1.20.1-1.10.13.jar with {vampirism,teamlapenlib} mods - versions {1.10.13,1.10.13}
[16Oct2025 22:14:05.064] [main/DEBUG] [net.minecraftforge.fml.loading.moddiscovery.ModFile/LOADING]: Loading mod file /workspaces/Mega-Server/servidor_minecraft/mods/Vampirism-1.20.1-1.10.13.jar with languages [LanguageSpec[languageName=javafml, acceptedVersions=[47,)]]
[16Oct2025 22:14:05.064] [main/DEBUG] [net.minecraftforge.fml.loading.moddiscovery.ModFileParser/LOADING]: Considering mod file candidate /workspaces/Mega-Server/servidor_minecraft/mods/iceandfire-2.1.13-1.20.1-beta-5.jar
[16Oct2025 22:14:05.064] [main/DEBUG] [net.minecraftforge.fml.loading.moddiscovery.ModFileInfo/LOADING]: Found valid mod file iceandfire-2.1.13-1.20.1-beta-5.jar with {iceandfire} mods - versions {2.1.13-1.20.1}
[16Oct2025 22:14:05.065] [main/DEBUG] [net.minecraftforge.fml.loading.moddiscovery.ModFile/LOADING]: Loading mod file /workspaces/Mega-Server/servidor_minecraft/mods/iceandfire-2.1.13-1.20.1-beta-5.jar with languages [LanguageSpec[languageName=javafml, acceptedVersions=[37.0,)]]
[16Oct2025 22:14:05.065] [main/DEBUG] [net.minecraftforge.fml.loading.moddiscovery.ModFileParser/LOADING]: Considering mod file candidate /workspaces/Mega-Server/servidor_minecraft/mods/crucifix-1.3.1-forge-1.20.1.jar
[16Oct2025 22:14:05.065] [main/DEBUG] [net.minecraftforge.fml.loading.moddiscovery.ModFileInfo/LOADING]: Found valid mod file crucifix-1.3.1-forge-1.20.1.jar with {crucifix} mods - versions {1.3.1}
[16Oct2025 22:14:05.065] [main/DEBUG] [net.minecraftforge.fml.loading.moddiscovery.ModFile/LOADING]: Loading mod file /workspaces/Mega-Server/servidor_minecraft/mods/crucifix-1.3.1-forge-1.20.1.jar with languages [LanguageSpec[languageName=javafml, acceptedVersions=[47,)]]
[16Oct2025 22:14:05.065] [main/DEBUG] [net.minecraftforge.fml.loading.moddiscovery.ModFileParser/LOADING]: Considering mod file candidate /workspaces/Mega-Server/servidor_minecraft/mods/watut-forge-1.20.1-1.2.3.jar
[16Oct2025 22:14:05.066] [main/DEBUG] [net.minecraftforge.fml.loading.moddiscovery.ModFileInfo/LOADING]: Found valid mod file watut-forge-1.20.1-1.2.3.jar with {watut} mods - versions {1.20.1-1.2.3}
[16Oct2025 22:14:05.066] [main/DEBUG] [net.minecraftforge.fml.loading.moddiscovery.ModFile/LOADING]: Loading mod file /workspaces/Mega-Server/servidor_minecraft/mods/watut-forge-1.20.1-1.2.3.jar with languages [LanguageSpec[languageName=javafml, acceptedVersions=[47,)]]
[16Oct2025 22:14:05.066] [main/DEBUG] [net.minecraftforge.fml.loading.moddiscovery.ModFileParser/LOADING]: Considering mod file candidate /workspaces/Mega-Server/servidor_minecraft/libraries/net/minecraftforge/forge/1.20.1-47.3.7/forge-1.20.1-47.3.7-universal.jar
[16Oct2025 22:14:05.067] [main/DEBUG] [net.minecraftforge.fml.loading.moddiscovery.ModFileInfo/LOADING]: Found valid mod file forge-1.20.1-47.3.7-universal.jar with {forge} mods - versions {47.3.7}
[16Oct2025 22:14:05.067] [main/DEBUG] [net.minecraftforge.fml.loading.moddiscovery.ModFile/LOADING]: Loading mod file /workspaces/Mega-Server/servidor_minecraft/libraries/net/minecraftforge/forge/1.20.1-47.3.7/forge-1.20.1-47.3.7-universal.jar with languages [LanguageSpec[languageName=javafml, acceptedVersions=[24,]]]
[16Oct2025 22:14:05.069] [main/DEBUG] [net.minecraftforge.fml.loading.moddiscovery.ModFileParser/LOADING]: Found coremod field_to_method with Javascript path coremods/field_to_method.js
[16Oct2025 22:14:05.069] [main/DEBUG] [net.minecraftforge.fml.loading.moddiscovery.ModFileParser/LOADING]: Found coremod field_to_instanceof with Javascript path coremods/field_to_instanceof.js
[16Oct2025 22:14:05.069] [main/DEBUG] [net.minecraftforge.fml.loading.moddiscovery.ModFileParser/LOADING]: Found coremod add_bouncer_method with Javascript path coremods/add_bouncer_method.js
[16Oct2025 22:14:05.069] [main/DEBUG] [net.minecraftforge.fml.loading.moddiscovery.ModFileParser/LOADING]: Found coremod method_redirector with Javascript path coremods/method_redirector.js
[16Oct2025 22:14:05.069] [main/DEBUG] [net.minecraftforge.fml.loading.moddiscovery.ModFile/LOADING]: Found coremod coremods/field_to_method.js
[16Oct2025 22:14:05.069] [main/DEBUG] [net.minecraftforge.fml.loading.moddiscovery.ModFile/LOADING]: Found coremod coremods/field_to_instanceof.js
[16Oct2025 22:14:05.069] [main/DEBUG] [net.minecraftforge.fml.loading.moddiscovery.ModFile/LOADING]: Found coremod coremods/add_bouncer_method.js
[16Oct2025 22:14:05.069] [main/DEBUG] [net.minecraftforge.fml.loading.moddiscovery.ModFile/LOADING]: Found coremod coremods/method_redirector.js
[16Oct2025 22:14:05.069] [main/DEBUG] [net.minecraftforge.fml.loading.moddiscovery.ModFileParser/LOADING]: Considering mod file candidate /workspaces/Mega-Server/servidor_minecraft/mods/EnderMail-1.20.1-1.2.9.jar
[16Oct2025 22:14:05.070] [main/DEBUG] [net.minecraftforge.fml.loading.moddiscovery.ModFileInfo/LOADING]: Found valid mod file EnderMail-1.20.1-1.2.9.jar with {endermail} mods - versions {1.20.1-1.2.9}
[16Oct2025 22:14:05.070] [main/DEBUG] [net.minecraftforge.fml.loading.moddiscovery.ModFile/LOADING]: Loading mod file /workspaces/Mega-Server/servidor_minecraft/mods/EnderMail-1.20.1-1.2.9.jar with languages [LanguageSpec[languageName=javafml, acceptedVersions=[47,)]]
[16Oct2025 22:14:05.070] [main/DEBUG] [net.minecraftforge.fml.loading.moddiscovery.ModFileParser/LOADING]: Considering mod file candidate /workspaces/Mega-Server/servidor_minecraft/mods/webdisplays-2.0.2-1.20.1.jar
[16Oct2025 22:14:05.071] [main/DEBUG] [net.minecraftforge.fml.loading.moddiscovery.ModFileInfo/LOADING]: Found valid mod file webdisplays-2.0.2-1.20.1.jar with {webdisplays} mods - versions {2.0.1-1.20.1}
[16Oct2025 22:14:05.071] [main/DEBUG] [net.minecraftforge.fml.loading.moddiscovery.ModFile/LOADING]: Loading mod file /workspaces/Mega-Server/servidor_minecraft/mods/webdisplays-2.0.2-1.20.1.jar with languages [LanguageSpec[languageName=javafml, acceptedVersions=[43,)]]
[16Oct2025 22:14:05.071] [main/DEBUG] [net.minecraftforge.fml.loading.moddiscovery.ModFile/LOADING]: Loading mod file  with languages []
[16Oct2025 22:14:05.071] [main/DEBUG] [net.minecraftforge.fml.loading.moddiscovery.ModFile/LOADING]: Loading mod file  with languages []
[16Oct2025 22:14:05.071] [main/DEBUG] [net.minecraftforge.fml.loading.moddiscovery.ModFile/LOADING]: Loading mod file  with languages []
[16Oct2025 22:14:05.071] [main/DEBUG] [net.minecraftforge.fml.loading.moddiscovery.ModFile/LOADING]: Loading mod file  with languages []
[16Oct2025 22:14:05.071] [main/DEBUG] [net.minecraftforge.fml.loading.moddiscovery.ModFile/LOADING]: Loading mod file  with languages []
[16Oct2025 22:14:05.072] [main/DEBUG] [net.minecraftforge.fml.loading.moddiscovery.ModFileParser/LOADING]: Considering mod file candidate 
[16Oct2025 22:14:05.072] [main/DEBUG] [net.minecraftforge.fml.loading.moddiscovery.ModFileInfo/LOADING]: Found valid mod file mixinextras-forge-0.3.6.jar with {mixinextras} mods - versions {0.3.6}
[16Oct2025 22:14:05.072] [main/DEBUG] [net.minecraftforge.fml.loading.moddiscovery.ModFile/LOADING]: Loading mod file  with languages [LanguageSpec[languageName=javafml, acceptedVersions=*]]
[16Oct2025 22:14:05.072] [main/DEBUG] [net.minecraftforge.fml.loading.moddiscovery.ModFile/LOADING]: Loading mod file  with languages []
[16Oct2025 22:14:05.073] [main/DEBUG] [net.minecraftforge.fml.loading.moddiscovery.ModFile/LOADING]: Loading mod file  with languages []
[16Oct2025 22:14:05.073] [main/DEBUG] [net.minecraftforge.fml.loading.moddiscovery.ModFile/LOADING]: Loading mod file  with languages []
[16Oct2025 22:14:05.073] [main/DEBUG] [net.minecraftforge.fml.loading.moddiscovery.ModFile/LOADING]: Loading mod file  with languages []
[16Oct2025 22:14:05.073] [main/DEBUG] [net.minecraftforge.fml.loading.moddiscovery.ModFile/LOADING]: Loading mod file  with languages []
[16Oct2025 22:14:05.073] [main/DEBUG] [net.minecraftforge.fml.loading.moddiscovery.ModFile/LOADING]: Loading mod file  with languages []
[16Oct2025 22:14:05.073] [main/DEBUG] [net.minecraftforge.fml.loading.moddiscovery.ModFile/LOADING]: Loading mod file  with languages []
[16Oct2025 22:14:05.073] [main/DEBUG] [net.minecraftforge.fml.loading.moddiscovery.ModFileParser/LOADING]: Considering mod file candidate 
[16Oct2025 22:14:05.074] [main/DEBUG] [net.minecraftforge.fml.loading.moddiscovery.ModFileInfo/LOADING]: Found valid mod file mixinextras-forge-0.3.6.jar with {mixinextras} mods - versions {0.3.6}
[16Oct2025 22:14:05.074] [main/DEBUG] [net.minecraftforge.fml.loading.moddiscovery.ModFile/LOADING]: Loading mod file  with languages [LanguageSpec[languageName=javafml, acceptedVersions=*]]
[16Oct2025 22:14:05.074] [main/DEBUG] [net.minecraftforge.fml.loading.moddiscovery.ModFile/LOADING]: Loading mod file  with languages []
[16Oct2025 22:14:05.074] [main/DEBUG] [net.minecraftforge.fml.loading.moddiscovery.ModFile/LOADING]: Loading mod file  with languages []
[16Oct2025 22:14:05.075] [main/DEBUG] [cpw.mods.modlauncher.TransformationServiceDecorator/MODLAUNCHER]: End scan trigger - transformation service fml
[16Oct2025 22:14:05.082] [main/DEBUG] [net.minecraftforge.fml.loading.LanguageLoadingProvider/CORE]: Found 3 language providers
[16Oct2025 22:14:05.083] [main/DEBUG] [net.minecraftforge.fml.loading.LanguageLoadingProvider/CORE]: Found language provider minecraft, version 1.0
[16Oct2025 22:14:05.084] [main/DEBUG] [net.minecraftforge.fml.loading.LanguageLoadingProvider/CORE]: Found language provider lowcodefml, version 47
[16Oct2025 22:14:05.084] [main/DEBUG] [net.minecraftforge.fml.loading.LanguageLoadingProvider/CORE]: Found language provider javafml, version 47
[16Oct2025 22:14:05.087] [main/DEBUG] [net.minecraftforge.fml.loading.UniqueModListBuilder/]: Found 2 mods for first modid mclib, selecting most recent based on version data
[16Oct2025 22:14:05.087] [main/DEBUG] [net.minecraftforge.fml.loading.UniqueModListBuilder/]: Selected file mclib-20.jar for modid mclib with version 0.0NONE
[16Oct2025 22:14:05.088] [main/DEBUG] [net.minecraftforge.fml.loading.UniqueModListBuilder/]: Found 2 mods for first modid org.yaml.snakeyaml, selecting most recent based on version data
[16Oct2025 22:14:05.088] [main/DEBUG] [net.minecraftforge.fml.loading.UniqueModListBuilder/]: Selected file snakeyaml-2.2.jar for modid org.yaml.snakeyaml with version 0.0NONE
[16Oct2025 22:14:05.088] [main/DEBUG] [net.minecraftforge.fml.loading.UniqueModListBuilder/]: Found 2 mods for first modid luaj.jse.figura, selecting most recent based on version data
[16Oct2025 22:14:05.088] [main/DEBUG] [net.minecraftforge.fml.loading.UniqueModListBuilder/]: Selected file luaj-jse-3.0.8-figura.jar for modid luaj.jse.figura with version 0.0NONE
[16Oct2025 22:14:05.088] [main/DEBUG] [net.minecraftforge.fml.loading.UniqueModListBuilder/]: Found 2 mods for first modid org.apache.bcel, selecting most recent based on version data
[16Oct2025 22:14:05.088] [main/DEBUG] [net.minecraftforge.fml.loading.UniqueModListBuilder/]: Selected file bcel-6.6.1.jar for modid org.apache.bcel with version 6.6.1
[16Oct2025 22:14:05.088] [main/DEBUG] [net.minecraftforge.fml.loading.UniqueModListBuilder/]: Found 2 mods for first modid luaj.core.figura, selecting most recent based on version data
[16Oct2025 22:14:05.088] [main/DEBUG] [net.minecraftforge.fml.loading.UniqueModListBuilder/]: Selected file luaj-core-3.0.8-figura.jar for modid luaj.core.figura with version 0.0NONE
[16Oct2025 22:14:05.088] [main/DEBUG] [net.minecraftforge.fml.loading.UniqueModListBuilder/]: Found 2 mods for first modid mixinextras, selecting most recent based on version data
[16Oct2025 22:14:05.089] [main/DEBUG] [net.minecraftforge.fml.loading.UniqueModListBuilder/]: Selected file mixinextras-forge-0.3.6.jar for modid mixinextras with version 0.3.6
[16Oct2025 22:14:05.089] [main/DEBUG] [net.minecraftforge.fml.loading.UniqueModListBuilder/]: Found 2 mods for first modid MixinExtras, selecting most recent based on version data
[16Oct2025 22:14:05.089] [main/DEBUG] [net.minecraftforge.fml.loading.UniqueModListBuilder/]: Selected file MixinExtras-0.3.6.jar for modid MixinExtras with version 0.0NONE
[16Oct2025 22:14:05.089] [main/DEBUG] [net.minecraftforge.fml.loading.UniqueModListBuilder/]: Found 2 mods for first modid commons.math3, selecting most recent based on version data
[16Oct2025 22:14:05.089] [main/DEBUG] [net.minecraftforge.fml.loading.UniqueModListBuilder/]: Selected file commons-math3-3.6.1.jar for modid commons.math3 with version 3.6.1
[16Oct2025 22:14:05.090] [main/DEBUG] [net.minecraftforge.fml.loading.ModSorter/]: Configured system mods: [minecraft, forge]
[16Oct2025 22:14:05.090] [main/DEBUG] [net.minecraftforge.fml.loading.ModSorter/]: Found system mod: minecraft
[16Oct2025 22:14:05.090] [main/DEBUG] [net.minecraftforge.fml.loading.ModSorter/]: Found system mod: forge
[16Oct2025 22:14:05.093] [main/DEBUG] [net.minecraftforge.fml.loading.ModSorter/LOADING]: Found 52 mod requirements (49 mandatory, 3 optional)
[16Oct2025 22:14:05.093] [main/DEBUG] [net.minecraftforge.fml.loading.ModSorter/LOADING]: Found 0 mod requirements missing (0 mandatory, 0 optional)
[16Oct2025 22:14:05.658] [main/DEBUG] [cpw.mods.modlauncher.TransformationServicesHandler/MODLAUNCHER]: Transformation services loading transformers
[16Oct2025 22:14:05.659] [main/DEBUG] [cpw.mods.modlauncher.TransformationServiceDecorator/MODLAUNCHER]: Initializing transformers for transformation service mixin
[16Oct2025 22:14:05.659] [main/DEBUG] [cpw.mods.modlauncher.TransformationServiceDecorator/MODLAUNCHER]: Initialized transformers for transformation service mixin
[16Oct2025 22:14:05.660] [main/DEBUG] [cpw.mods.modlauncher.TransformationServiceDecorator/MODLAUNCHER]: Initializing transformers for transformation service fml
[16Oct2025 22:14:05.660] [main/DEBUG] [net.minecraftforge.fml.loading.FMLServiceProvider/CORE]: Loading coremod transformers
[16Oct2025 22:14:05.660] [main/DEBUG] [net.minecraftforge.coremod.CoreModEngine/COREMOD]: Loading CoreMod from coremods/field_to_method.js
[16Oct2025 22:14:05.952] [main/DEBUG] [net.minecraftforge.coremod.CoreModEngine/COREMOD]: CoreMod loaded successfully
[16Oct2025 22:14:05.952] [main/DEBUG] [net.minecraftforge.coremod.CoreModEngine/COREMOD]: Loading CoreMod from coremods/field_to_instanceof.js
[16Oct2025 22:14:06.005] [main/DEBUG] [net.minecraftforge.coremod.CoreModEngine/COREMOD]: CoreMod loaded successfully
[16Oct2025 22:14:06.005] [main/DEBUG] [net.minecraftforge.coremod.CoreModEngine/COREMOD]: Loading CoreMod from coremods/add_bouncer_method.js
[16Oct2025 22:14:06.039] [main/DEBUG] [net.minecraftforge.coremod.CoreModEngine/COREMOD]: CoreMod loaded successfully
[16Oct2025 22:14:06.040] [main/DEBUG] [net.minecraftforge.coremod.CoreModEngine/COREMOD]: Loading CoreMod from coremods/method_redirector.js
[16Oct2025 22:14:06.100] [main/DEBUG] [net.minecraftforge.coremod.CoreModEngine/COREMOD]: CoreMod loaded successfully
[16Oct2025 22:14:06.108] [main/DEBUG] [cpw.mods.modlauncher.TransformStore/MODLAUNCHER]: Adding transformer net.minecraftforge.coremod.transformer.CoreModClassTransformer@1a0c5e9 to Target : CLASS {Lnet/minecraft/world/level/biome/Biome;} {} {V}
[16Oct2025 22:14:06.109] [main/DEBUG] [cpw.mods.modlauncher.TransformStore/MODLAUNCHER]: Adding transformer net.minecraftforge.coremod.transformer.CoreModClassTransformer@7593ea79 to Target : CLASS {Lnet/minecraft/world/level/levelgen/structure/Structure;} {} {V}
[16Oct2025 22:14:06.110] [main/DEBUG] [cpw.mods.modlauncher.TransformStore/MODLAUNCHER]: Adding transformer net.minecraftforge.coremod.transformer.CoreModClassTransformer@3289079a to Target : CLASS {Lnet/minecraft/world/effect/MobEffectInstance;} {} {V}
[16Oct2025 22:14:06.110] [main/DEBUG] [cpw.mods.modlauncher.TransformStore/MODLAUNCHER]: Adding transformer net.minecraftforge.coremod.transformer.CoreModClassTransformer@32fa809f to Target : CLASS {Lnet/minecraft/world/level/block/LiquidBlock;} {} {V}
[16Oct2025 22:14:06.110] [main/DEBUG] [cpw.mods.modlauncher.TransformStore/MODLAUNCHER]: Adding transformer net.minecraftforge.coremod.transformer.CoreModClassTransformer@788ba63e to Target : CLASS {Lnet/minecraft/world/item/BucketItem;} {} {V}
[16Oct2025 22:14:06.110] [main/DEBUG] [cpw.mods.modlauncher.TransformStore/MODLAUNCHER]: Adding transformer net.minecraftforge.coremod.transformer.CoreModClassTransformer@12a14b74 to Target : CLASS {Lnet/minecraft/world/level/block/StairBlock;} {} {V}
[16Oct2025 22:14:06.110] [main/DEBUG] [cpw.mods.modlauncher.TransformStore/MODLAUNCHER]: Adding transformer net.minecraftforge.coremod.transformer.CoreModClassTransformer@68ee3b6d to Target : CLASS {Lnet/minecraft/world/level/block/FlowerPotBlock;} {} {V}
[16Oct2025 22:14:06.111] [main/DEBUG] [cpw.mods.modlauncher.TransformStore/MODLAUNCHER]: Adding transformer net.minecraftforge.coremod.transformer.CoreModClassTransformer@e76b097 to Target : CLASS {Lnet/minecraft/world/item/ItemStack;} {} {V}
[16Oct2025 22:14:06.111] [main/DEBUG] [cpw.mods.modlauncher.TransformStore/MODLAUNCHER]: Adding transformer net.minecraftforge.coremod.transformer.CoreModClassTransformer@2be95d31 to Target : CLASS {Lnet/minecraft/network/play/client/CClientSettingsPacket;} {} {V}
[16Oct2025 22:14:06.111] [main/DEBUG] [cpw.mods.modlauncher.TransformStore/MODLAUNCHER]: Adding transformer net.minecraftforge.coremod.transformer.CoreModClassTransformer@338b49d3 to Target : CLASS {Lnet/minecraft/world/entity/monster/Evoker$EvokerSummonSpellGoal;} {} {V}
[16Oct2025 22:14:06.111] [main/DEBUG] [cpw.mods.modlauncher.TransformStore/MODLAUNCHER]: Adding transformer net.minecraftforge.coremod.transformer.CoreModClassTransformer@338b49d3 to Target : CLASS {Lnet/minecraft/world/entity/animal/horse/SkeletonTrapGoal;} {} {V}
[16Oct2025 22:14:06.111] [main/DEBUG] [cpw.mods.modlauncher.TransformStore/MODLAUNCHER]: Adding transformer net.minecraftforge.coremod.transformer.CoreModClassTransformer@338b49d3 to Target : CLASS {Lnet/minecraft/world/entity/raid/Raid;} {} {V}
[16Oct2025 22:14:06.111] [main/DEBUG] [cpw.mods.modlauncher.TransformStore/MODLAUNCHER]: Adding transformer net.minecraftforge.coremod.transformer.CoreModClassTransformer@338b49d3 to Target : CLASS {Lnet/minecraft/world/level/levelgen/PatrolSpawner;} {} {V}
[16Oct2025 22:14:06.112] [main/DEBUG] [cpw.mods.modlauncher.TransformStore/MODLAUNCHER]: Adding transformer net.minecraftforge.coremod.transformer.CoreModClassTransformer@338b49d3 to Target : CLASS {Lnet/minecraft/server/commands/SummonCommand;} {} {V}
[16Oct2025 22:14:06.112] [main/DEBUG] [cpw.mods.modlauncher.TransformStore/MODLAUNCHER]: Adding transformer net.minecraftforge.coremod.transformer.CoreModClassTransformer@338b49d3 to Target : CLASS {Lnet/minecraft/world/entity/ai/village/VillageSiege;} {} {V}
[16Oct2025 22:14:06.112] [main/DEBUG] [cpw.mods.modlauncher.TransformStore/MODLAUNCHER]: Adding transformer net.minecraftforge.coremod.transformer.CoreModClassTransformer@338b49d3 to Target : CLASS {Lnet/minecraft/world/level/levelgen/structure/structures/OceanRuinPieces$OceanRuinPiece;} {} {V}
[16Oct2025 22:14:06.112] [main/DEBUG] [cpw.mods.modlauncher.TransformStore/MODLAUNCHER]: Adding transformer net.minecraftforge.coremod.transformer.CoreModClassTransformer@338b49d3 to Target : CLASS {Lnet/minecraft/world/level/levelgen/PhantomSpawner;} {} {V}
[16Oct2025 22:14:06.112] [main/DEBUG] [cpw.mods.modlauncher.TransformStore/MODLAUNCHER]: Adding transformer net.minecraftforge.coremod.transformer.CoreModClassTransformer@338b49d3 to Target : CLASS {Lnet/minecraft/world/level/levelgen/structure/structures/OceanMonumentPieces$OceanMonumentPiece;} {} {V}
[16Oct2025 22:14:06.112] [main/DEBUG] [cpw.mods.modlauncher.TransformStore/MODLAUNCHER]: Adding transformer net.minecraftforge.coremod.transformer.CoreModClassTransformer@338b49d3 to Target : CLASS {Lnet/minecraft/world/entity/monster/Strider;} {} {V}
[16Oct2025 22:14:06.112] [main/DEBUG] [cpw.mods.modlauncher.TransformStore/MODLAUNCHER]: Adding transformer net.minecraftforge.coremod.transformer.CoreModClassTransformer@338b49d3 to Target : CLASS {Lnet/minecraft/world/entity/monster/Spider;} {} {V}
[16Oct2025 22:14:06.112] [main/DEBUG] [cpw.mods.modlauncher.TransformStore/MODLAUNCHER]: Adding transformer net.minecraftforge.coremod.transformer.CoreModClassTransformer@338b49d3 to Target : CLASS {Lnet/minecraft/world/level/levelgen/structure/structures/WoodlandMansionPieces$WoodlandMansionPiece;} {} {V}
[16Oct2025 22:14:06.113] [main/DEBUG] [cpw.mods.modlauncher.TransformStore/MODLAUNCHER]: Adding transformer net.minecraftforge.coremod.transformer.CoreModClassTransformer@338b49d3 to Target : CLASS {Lnet/minecraft/world/entity/monster/Zombie;} {} {V}
[16Oct2025 22:14:06.113] [main/DEBUG] [cpw.mods.modlauncher.TransformStore/MODLAUNCHER]: Adding transformer net.minecraftforge.coremod.transformer.CoreModClassTransformer@338b49d3 to Target : CLASS {Lnet/minecraft/world/entity/npc/Villager;} {} {V}
[16Oct2025 22:14:06.113] [main/DEBUG] [cpw.mods.modlauncher.TransformStore/MODLAUNCHER]: Adding transformer net.minecraftforge.coremod.transformer.CoreModClassTransformer@338b49d3 to Target : CLASS {Lnet/minecraft/world/entity/monster/ZombieVillager;} {} {V}
[16Oct2025 22:14:06.113] [main/DEBUG] [cpw.mods.modlauncher.TransformStore/MODLAUNCHER]: Adding transformer net.minecraftforge.coremod.transformer.CoreModClassTransformer@338b49d3 to Target : CLASS {Lnet/minecraft/world/level/levelgen/structure/templatesystem/StructureTemplate;} {} {V}
[16Oct2025 22:14:06.113] [main/DEBUG] [cpw.mods.modlauncher.TransformStore/MODLAUNCHER]: Adding transformer net.minecraftforge.coremod.transformer.CoreModClassTransformer@338b49d3 to Target : CLASS {Lnet/minecraft/world/entity/npc/CatSpawner;} {} {V}
[16Oct2025 22:14:06.113] [main/DEBUG] [cpw.mods.modlauncher.TransformStore/MODLAUNCHER]: Adding transformer net.minecraftforge.coremod.transformer.CoreModClassTransformer@338b49d3 to Target : CLASS {Lnet/minecraft/world/level/levelgen/structure/structures/SwampHutPiece;} {} {V}
[16Oct2025 22:14:06.113] [main/DEBUG] [cpw.mods.modlauncher.TransformStore/MODLAUNCHER]: Adding transformer net.minecraftforge.coremod.transformer.CoreModClassTransformer@338b49d3 to Target : CLASS {Lnet/minecraft/world/level/NaturalSpawner;} {} {V}
[16Oct2025 22:14:06.113] [main/DEBUG] [cpw.mods.modlauncher.TransformStore/MODLAUNCHER]: Adding transformer net.minecraftforge.coremod.transformer.CoreModClassTransformer@338b49d3 to Target : CLASS {Lnet/minecraft/server/commands/RaidCommand;} {} {V}
[16Oct2025 22:14:06.114] [main/DEBUG] [cpw.mods.modlauncher.TransformStore/MODLAUNCHER]: Adding transformer net.minecraftforge.coremod.transformer.CoreModClassTransformer@338b49d3 to Target : CLASS {Lnet/minecraft/world/entity/EntityType;} {} {V}
[16Oct2025 22:14:06.114] [main/DEBUG] [cpw.mods.modlauncher.TransformStore/MODLAUNCHER]: Adding transformer net.minecraftforge.coremod.transformer.CoreModClassTransformer@338b49d3 to Target : CLASS {Lnet/minecraft/world/entity/animal/frog/Tadpole;} {} {V}
[16Oct2025 22:14:06.114] [main/DEBUG] [cpw.mods.modlauncher.TransformationServiceDecorator/MODLAUNCHER]: Initialized transformers for transformation service fml
[16Oct2025 22:14:07.023] [main/DEBUG] [mixin/]: Processing prepare() for PlatformAgent[MixinPlatformAgentDefault:ModLauncher Root Container(ModLauncher:4f56a0a2)]
[16Oct2025 22:14:07.023] [main/DEBUG] [mixin/]: Processing launch tasks for PlatformAgent[MixinPlatformAgentDefault:ModLauncher Root Container(ModLauncher:4f56a0a2)]
[16Oct2025 22:14:07.023] [main/DEBUG] [mixin/]: Adding mixin platform agents for container SecureJarResource(minecraft)
[16Oct2025 22:14:07.023] [main/DEBUG] [mixin/]: Instancing new MixinPlatformAgentMinecraftForge for SecureJarResource(minecraft)
[16Oct2025 22:14:07.023] [main/DEBUG] [mixin/]: MixinPlatformAgentMinecraftForge rejected container SecureJarResource(minecraft)
[16Oct2025 22:14:07.024] [main/DEBUG] [mixin/]: Instancing new MixinPlatformAgentDefault for SecureJarResource(minecraft)
[16Oct2025 22:14:07.024] [main/DEBUG] [mixin/]: MixinPlatformAgentDefault accepted container SecureJarResource(minecraft)
[16Oct2025 22:14:07.024] [main/DEBUG] [mixin/]: Processing prepare() for PlatformAgent[MixinPlatformAgentDefault:SecureJarResource(minecraft)]
[16Oct2025 22:14:07.024] [main/DEBUG] [mixin/]: Adding mixin platform agents for container SecureJarResource(trade_cycling)
[16Oct2025 22:14:07.024] [main/DEBUG] [mixin/]: Instancing new MixinPlatformAgentMinecraftForge for SecureJarResource(trade_cycling)
[16Oct2025 22:14:07.024] [main/DEBUG] [mixin/]: MixinPlatformAgentMinecraftForge rejected container SecureJarResource(trade_cycling)
[16Oct2025 22:14:07.024] [main/DEBUG] [mixin/]: Instancing new MixinPlatformAgentDefault for SecureJarResource(trade_cycling)
[16Oct2025 22:14:07.024] [main/DEBUG] [mixin/]: MixinPlatformAgentDefault accepted container SecureJarResource(trade_cycling)
[16Oct2025 22:14:07.024] [main/DEBUG] [mixin/]: Processing prepare() for PlatformAgent[MixinPlatformAgentDefault:SecureJarResource(trade_cycling)]
[16Oct2025 22:14:07.025] [main/DEBUG] [mixin/]: Adding mixin platform agents for container SecureJarResource(mcef)
[16Oct2025 22:14:07.025] [main/DEBUG] [mixin/]: Instancing new MixinPlatformAgentMinecraftForge for SecureJarResource(mcef)
[16Oct2025 22:14:07.025] [main/DEBUG] [mixin/]: MixinPlatformAgentMinecraftForge rejected container SecureJarResource(mcef)
[16Oct2025 22:14:07.025] [main/DEBUG] [mixin/]: Instancing new MixinPlatformAgentDefault for SecureJarResource(mcef)
[16Oct2025 22:14:07.025] [main/DEBUG] [mixin/]: MixinPlatformAgentDefault accepted container SecureJarResource(mcef)
[16Oct2025 22:14:07.025] [main/DEBUG] [mixin/]: Processing prepare() for PlatformAgent[MixinPlatformAgentDefault:SecureJarResource(mcef)]
[16Oct2025 22:14:07.025] [main/DEBUG] [mixin/]: Registering mixin config: mcef.mixins.json
[16Oct2025 22:14:07.041] [main/DEBUG] [mixin/]: Compatibility level JAVA_17 specified by mcef.mixins.json is higher than the maximum level supported by this version of mixin (JAVA_13).
[16Oct2025 22:14:07.045] [main/INFO] [mixin/]: Compatibility level set to JAVA_17
[16Oct2025 22:14:07.046] [main/DEBUG] [mixin/]: Adding mixin platform agents for container SecureJarResource(geckolib)
[16Oct2025 22:14:07.047] [main/DEBUG] [mixin/]: Instancing new MixinPlatformAgentMinecraftForge for SecureJarResource(geckolib)
[16Oct2025 22:14:07.047] [main/DEBUG] [mixin/]: MixinPlatformAgentMinecraftForge rejected container SecureJarResource(geckolib)
[16Oct2025 22:14:07.047] [main/DEBUG] [mixin/]: Instancing new MixinPlatformAgentDefault for SecureJarResource(geckolib)
[16Oct2025 22:14:07.047] [main/DEBUG] [mixin/]: MixinPlatformAgentDefault accepted container SecureJarResource(geckolib)
[16Oct2025 22:14:07.047] [main/DEBUG] [mixin/]: Processing prepare() for PlatformAgent[MixinPlatformAgentDefault:SecureJarResource(geckolib)]
[16Oct2025 22:14:07.048] [main/DEBUG] [mixin/]: Registering mixin config: geckolib.mixins.json
[16Oct2025 22:14:07.050] [main/DEBUG] [mixin/]: Adding mixin platform agents for container SecureJarResource(playeranimator)
[16Oct2025 22:14:07.050] [main/DEBUG] [mixin/]: Instancing new MixinPlatformAgentMinecraftForge for SecureJarResource(playeranimator)
[16Oct2025 22:14:07.050] [main/DEBUG] [mixin/]: MixinPlatformAgentMinecraftForge rejected container SecureJarResource(playeranimator)
[16Oct2025 22:14:07.050] [main/DEBUG] [mixin/]: Instancing new MixinPlatformAgentDefault for SecureJarResource(playeranimator)
[16Oct2025 22:14:07.050] [main/DEBUG] [mixin/]: MixinPlatformAgentDefault accepted container SecureJarResource(playeranimator)
[16Oct2025 22:14:07.050] [main/DEBUG] [mixin/]: Processing prepare() for PlatformAgent[MixinPlatformAgentDefault:SecureJarResource(playeranimator)]
[16Oct2025 22:14:07.050] [main/DEBUG] [mixin/]: Registering mixin config: playerAnimator-common.mixins.json
[16Oct2025 22:14:07.053] [main/DEBUG] [mixin/]: Compatibility level JAVA_16 specified by playerAnimator-common.mixins.json is higher than the maximum level supported by this version of mixin (JAVA_13).
[16Oct2025 22:14:07.053] [main/DEBUG] [mixin/]: Adding mixin platform agents for container SecureJarResource(jei)
[16Oct2025 22:14:07.054] [main/DEBUG] [mixin/]: Instancing new MixinPlatformAgentMinecraftForge for SecureJarResource(jei)
[16Oct2025 22:14:07.054] [main/DEBUG] [mixin/]: MixinPlatformAgentMinecraftForge rejected container SecureJarResource(jei)
[16Oct2025 22:14:07.054] [main/DEBUG] [mixin/]: Instancing new MixinPlatformAgentDefault for SecureJarResource(jei)
[16Oct2025 22:14:07.054] [main/DEBUG] [mixin/]: MixinPlatformAgentDefault accepted container SecureJarResource(jei)
[16Oct2025 22:14:07.055] [main/DEBUG] [mixin/]: Processing prepare() for PlatformAgent[MixinPlatformAgentDefault:SecureJarResource(jei)]
[16Oct2025 22:14:07.055] [main/DEBUG] [mixin/]: Adding mixin platform agents for container SecureJarResource(tacz)
[16Oct2025 22:14:07.055] [main/DEBUG] [mixin/]: Instancing new MixinPlatformAgentMinecraftForge for SecureJarResource(tacz)
[16Oct2025 22:14:07.055] [main/DEBUG] [mixin/]: MixinPlatformAgentMinecraftForge rejected container SecureJarResource(tacz)
[16Oct2025 22:14:07.055] [main/DEBUG] [mixin/]: Instancing new MixinPlatformAgentDefault for SecureJarResource(tacz)
[16Oct2025 22:14:07.055] [main/DEBUG] [mixin/]: MixinPlatformAgentDefault accepted container SecureJarResource(tacz)
[16Oct2025 22:14:07.055] [main/DEBUG] [mixin/]: Processing prepare() for PlatformAgent[MixinPlatformAgentDefault:SecureJarResource(tacz)]
[16Oct2025 22:14:07.055] [main/DEBUG] [mixin/]: Registering mixin config: tacz.mixins.json
[16Oct2025 22:14:07.058] [main/DEBUG] [mixin/]: Adding mixin platform agents for container SecureJarResource(caelus)
[16Oct2025 22:14:07.058] [main/DEBUG] [mixin/]: Instancing new MixinPlatformAgentMinecraftForge for SecureJarResource(caelus)
[16Oct2025 22:14:07.058] [main/DEBUG] [mixin/]: MixinPlatformAgentMinecraftForge rejected container SecureJarResource(caelus)
[16Oct2025 22:14:07.058] [main/DEBUG] [mixin/]: Instancing new MixinPlatformAgentDefault for SecureJarResource(caelus)
[16Oct2025 22:14:07.058] [main/DEBUG] [mixin/]: MixinPlatformAgentDefault accepted container SecureJarResource(caelus)
[16Oct2025 22:14:07.059] [main/DEBUG] [mixin/]: Processing prepare() for PlatformAgent[MixinPlatformAgentDefault:SecureJarResource(caelus)]
[16Oct2025 22:14:07.059] [main/DEBUG] [mixin/]: Registering mixin config: caelus.mixins.json
[16Oct2025 22:14:07.061] [main/DEBUG] [mixin/]: Adding mixin platform agents for container SecureJarResource(sophisticatedcore)
[16Oct2025 22:14:07.061] [main/DEBUG] [mixin/]: Instancing new MixinPlatformAgentMinecraftForge for SecureJarResource(sophisticatedcore)
[16Oct2025 22:14:07.061] [main/DEBUG] [mixin/]: MixinPlatformAgentMinecraftForge rejected container SecureJarResource(sophisticatedcore)
[16Oct2025 22:14:07.061] [main/DEBUG] [mixin/]: Instancing new MixinPlatformAgentDefault for SecureJarResource(sophisticatedcore)
[16Oct2025 22:14:07.061] [main/DEBUG] [mixin/]: MixinPlatformAgentDefault accepted container SecureJarResource(sophisticatedcore)
[16Oct2025 22:14:07.061] [main/DEBUG] [mixin/]: Processing prepare() for PlatformAgent[MixinPlatformAgentDefault:SecureJarResource(sophisticatedcore)]
[16Oct2025 22:14:07.061] [main/DEBUG] [mixin/]: Adding mixin platform agents for container SecureJarResource(curios)
[16Oct2025 22:14:07.062] [main/DEBUG] [mixin/]: Instancing new MixinPlatformAgentMinecraftForge for SecureJarResource(curios)
[16Oct2025 22:14:07.062] [main/DEBUG] [mixin/]: MixinPlatformAgentMinecraftForge rejected container SecureJarResource(curios)
[16Oct2025 22:14:07.062] [main/DEBUG] [mixin/]: Instancing new MixinPlatformAgentDefault for SecureJarResource(curios)
[16Oct2025 22:14:07.062] [main/DEBUG] [mixin/]: MixinPlatformAgentDefault accepted container SecureJarResource(curios)
[16Oct2025 22:14:07.062] [main/DEBUG] [mixin/]: Processing prepare() for PlatformAgent[MixinPlatformAgentDefault:SecureJarResource(curios)]
[16Oct2025 22:14:07.062] [main/DEBUG] [mixin/]: Registering mixin config: curios.mixins.json
[16Oct2025 22:14:07.064] [main/DEBUG] [mixin/]: Adding mixin platform agents for container SecureJarResource(citadel)
[16Oct2025 22:14:07.064] [main/DEBUG] [mixin/]: Instancing new MixinPlatformAgentMinecraftForge for SecureJarResource(citadel)
[16Oct2025 22:14:07.064] [main/DEBUG] [mixin/]: MixinPlatformAgentMinecraftForge rejected container SecureJarResource(citadel)
[16Oct2025 22:14:07.064] [main/DEBUG] [mixin/]: Instancing new MixinPlatformAgentDefault for SecureJarResource(citadel)
[16Oct2025 22:14:07.064] [main/DEBUG] [mixin/]: MixinPlatformAgentDefault accepted container SecureJarResource(citadel)
[16Oct2025 22:14:07.065] [main/DEBUG] [mixin/]: Processing prepare() for PlatformAgent[MixinPlatformAgentDefault:SecureJarResource(citadel)]
[16Oct2025 22:14:07.065] [main/DEBUG] [mixin/]: Registering mixin config: citadel.mixins.json
[16Oct2025 22:14:07.067] [main/DEBUG] [mixin/]: Adding mixin platform agents for container SecureJarResource(alexscaves)
[16Oct2025 22:14:07.067] [main/DEBUG] [mixin/]: Instancing new MixinPlatformAgentMinecraftForge for SecureJarResource(alexscaves)
[16Oct2025 22:14:07.067] [main/DEBUG] [mixin/]: MixinPlatformAgentMinecraftForge rejected container SecureJarResource(alexscaves)
[16Oct2025 22:14:07.067] [main/DEBUG] [mixin/]: Instancing new MixinPlatformAgentDefault for SecureJarResource(alexscaves)
[16Oct2025 22:14:07.067] [main/DEBUG] [mixin/]: MixinPlatformAgentDefault accepted container SecureJarResource(alexscaves)
[16Oct2025 22:14:07.068] [main/DEBUG] [mixin/]: Processing prepare() for PlatformAgent[MixinPlatformAgentDefault:SecureJarResource(alexscaves)]
[16Oct2025 22:14:07.068] [main/DEBUG] [mixin/]: Registering mixin config: citadel.mixins.json
[16Oct2025 22:14:07.068] [main/DEBUG] [mixin/]: Registering mixin config: alexscaves.mixins.json
[16Oct2025 22:14:07.101] [main/DEBUG] [mixin/]: Adding mixin platform agents for container SecureJarResource(irons_spellbooks)
[16Oct2025 22:14:07.101] [main/DEBUG] [mixin/]: Instancing new MixinPlatformAgentMinecraftForge for SecureJarResource(irons_spellbooks)
[16Oct2025 22:14:07.101] [main/DEBUG] [mixin/]: MixinPlatformAgentMinecraftForge rejected container SecureJarResource(irons_spellbooks)
[16Oct2025 22:14:07.101] [main/DEBUG] [mixin/]: Instancing new MixinPlatformAgentDefault for SecureJarResource(irons_spellbooks)
[16Oct2025 22:14:07.101] [main/DEBUG] [mixin/]: MixinPlatformAgentDefault accepted container SecureJarResource(irons_spellbooks)
[16Oct2025 22:14:07.101] [main/DEBUG] [mixin/]: Processing prepare() for PlatformAgent[MixinPlatformAgentDefault:SecureJarResource(irons_spellbooks)]
[16Oct2025 22:14:07.101] [main/DEBUG] [mixin/]: Registering mixin config: mixins.irons_spellbooks.json
[16Oct2025 22:14:07.104] [main/DEBUG] [mixin/]: Adding mixin platform agents for container SecureJarResource(mixinextras)
[16Oct2025 22:14:07.104] [main/DEBUG] [mixin/]: Instancing new MixinPlatformAgentMinecraftForge for SecureJarResource(mixinextras)
[16Oct2025 22:14:07.104] [main/DEBUG] [mixin/]: MixinPlatformAgentMinecraftForge rejected container SecureJarResource(mixinextras)
[16Oct2025 22:14:07.104] [main/DEBUG] [mixin/]: Instancing new MixinPlatformAgentDefault for SecureJarResource(mixinextras)
[16Oct2025 22:14:07.104] [main/DEBUG] [mixin/]: MixinPlatformAgentDefault accepted container SecureJarResource(mixinextras)
[16Oct2025 22:14:07.104] [main/DEBUG] [mixin/]: Processing prepare() for PlatformAgent[MixinPlatformAgentDefault:SecureJarResource(mixinextras)]
[16Oct2025 22:14:07.105] [main/DEBUG] [mixin/]: Registering mixin config: mixinextras.init.mixins.json
[16Oct2025 22:14:07.106] [main/DEBUG] [mixin/]: Adding mixin platform agents for container SecureJarResource(tombstone)
[16Oct2025 22:14:07.106] [main/DEBUG] [mixin/]: Instancing new MixinPlatformAgentMinecraftForge for SecureJarResource(tombstone)
[16Oct2025 22:14:07.106] [main/DEBUG] [mixin/]: MixinPlatformAgentMinecraftForge rejected container SecureJarResource(tombstone)
[16Oct2025 22:14:07.106] [main/DEBUG] [mixin/]: Instancing new MixinPlatformAgentDefault for SecureJarResource(tombstone)
[16Oct2025 22:14:07.107] [main/DEBUG] [mixin/]: MixinPlatformAgentDefault accepted container SecureJarResource(tombstone)
[16Oct2025 22:14:07.107] [main/DEBUG] [mixin/]: Processing prepare() for PlatformAgent[MixinPlatformAgentDefault:SecureJarResource(tombstone)]
[16Oct2025 22:14:07.107] [main/DEBUG] [mixin/]: Registering mixin config: tombstone.mixins.json
[16Oct2025 22:14:07.108] [main/DEBUG] [mixin/]: Adding mixin platform agents for container SecureJarResource(sophisticatedbackpacks)
[16Oct2025 22:14:07.109] [main/DEBUG] [mixin/]: Instancing new MixinPlatformAgentMinecraftForge for SecureJarResource(sophisticatedbackpacks)
[16Oct2025 22:14:07.109] [main/DEBUG] [mixin/]: MixinPlatformAgentMinecraftForge rejected container SecureJarResource(sophisticatedbackpacks)
[16Oct2025 22:14:07.109] [main/DEBUG] [mixin/]: Instancing new MixinPlatformAgentDefault for SecureJarResource(sophisticatedbackpacks)
[16Oct2025 22:14:07.109] [main/DEBUG] [mixin/]: MixinPlatformAgentDefault accepted container SecureJarResource(sophisticatedbackpacks)
[16Oct2025 22:14:07.109] [main/DEBUG] [mixin/]: Processing prepare() for PlatformAgent[MixinPlatformAgentDefault:SecureJarResource(sophisticatedbackpacks)]
[16Oct2025 22:14:07.109] [main/DEBUG] [mixin/]: Adding mixin platform agents for container SecureJarResource(coroutil)
[16Oct2025 22:14:07.109] [main/DEBUG] [mixin/]: Instancing new MixinPlatformAgentMinecraftForge for SecureJarResource(coroutil)
[16Oct2025 22:14:07.109] [main/DEBUG] [mixin/]: MixinPlatformAgentMinecraftForge rejected container SecureJarResource(coroutil)
[16Oct2025 22:14:07.109] [main/DEBUG] [mixin/]: Instancing new MixinPlatformAgentDefault for SecureJarResource(coroutil)
[16Oct2025 22:14:07.109] [main/DEBUG] [mixin/]: MixinPlatformAgentDefault accepted container SecureJarResource(coroutil)
[16Oct2025 22:14:07.109] [main/DEBUG] [mixin/]: Processing prepare() for PlatformAgent[MixinPlatformAgentDefault:SecureJarResource(coroutil)]
[16Oct2025 22:14:07.110] [main/DEBUG] [mixin/]: Registering mixin config: coroutil.mixins.json
[16Oct2025 22:14:07.111] [main/DEBUG] [mixin/]: Adding mixin platform agents for container SecureJarResource(architectury)
[16Oct2025 22:14:07.111] [main/DEBUG] [mixin/]: Instancing new MixinPlatformAgentMinecraftForge for SecureJarResource(architectury)
[16Oct2025 22:14:07.111] [main/DEBUG] [mixin/]: MixinPlatformAgentMinecraftForge rejected container SecureJarResource(architectury)
[16Oct2025 22:14:07.111] [main/DEBUG] [mixin/]: Instancing new MixinPlatformAgentDefault for SecureJarResource(architectury)
[16Oct2025 22:14:07.111] [main/DEBUG] [mixin/]: MixinPlatformAgentDefault accepted container SecureJarResource(architectury)
[16Oct2025 22:14:07.111] [main/DEBUG] [mixin/]: Processing prepare() for PlatformAgent[MixinPlatformAgentDefault:SecureJarResource(architectury)]
[16Oct2025 22:14:07.111] [main/DEBUG] [mixin/]: Registering mixin config: architectury.mixins.json
[16Oct2025 22:14:07.113] [main/DEBUG] [mixin/]: Compatibility level JAVA_16 specified by architectury.mixins.json is higher than the maximum level supported by this version of mixin (JAVA_13).
[16Oct2025 22:14:07.113] [main/DEBUG] [mixin/]: Registering mixin config: architectury-common.mixins.json
[16Oct2025 22:14:07.115] [main/DEBUG] [mixin/]: Compatibility level JAVA_16 specified by architectury-common.mixins.json is higher than the maximum level supported by this version of mixin (JAVA_13).
[16Oct2025 22:14:07.115] [main/DEBUG] [mixin/]: Adding mixin platform agents for container SecureJarResource(octolib)
[16Oct2025 22:14:07.115] [main/DEBUG] [mixin/]: Instancing new MixinPlatformAgentMinecraftForge for SecureJarResource(octolib)
[16Oct2025 22:14:07.115] [main/DEBUG] [mixin/]: MixinPlatformAgentMinecraftForge rejected container SecureJarResource(octolib)
[16Oct2025 22:14:07.115] [main/DEBUG] [mixin/]: Instancing new MixinPlatformAgentDefault for SecureJarResource(octolib)
[16Oct2025 22:14:07.115] [main/DEBUG] [mixin/]: MixinPlatformAgentDefault accepted container SecureJarResource(octolib)
[16Oct2025 22:14:07.115] [main/DEBUG] [mixin/]: Processing prepare() for PlatformAgent[MixinPlatformAgentDefault:SecureJarResource(octolib)]
[16Oct2025 22:14:07.115] [main/DEBUG] [mixin/]: Adding mixin platform agents for container SecureJarResource(vampirism)
[16Oct2025 22:14:07.116] [main/DEBUG] [mixin/]: Instancing new MixinPlatformAgentMinecraftForge for SecureJarResource(vampirism)
[16Oct2025 22:14:07.116] [main/DEBUG] [mixin/]: MixinPlatformAgentMinecraftForge rejected container SecureJarResource(vampirism)
[16Oct2025 22:14:07.116] [main/DEBUG] [mixin/]: Instancing new MixinPlatformAgentDefault for SecureJarResource(vampirism)
[16Oct2025 22:14:07.116] [main/DEBUG] [mixin/]: MixinPlatformAgentDefault accepted container SecureJarResource(vampirism)
[16Oct2025 22:14:07.117] [main/DEBUG] [mixin/]: Processing prepare() for PlatformAgent[MixinPlatformAgentDefault:SecureJarResource(vampirism)]
[16Oct2025 22:14:07.117] [main/DEBUG] [mixin/]: Registering mixin config: vampirism.mixins.json
[16Oct2025 22:14:07.119] [main/DEBUG] [mixin/]: Adding mixin platform agents for container SecureJarResource(iceandfire)
[16Oct2025 22:14:07.120] [main/DEBUG] [mixin/]: Instancing new MixinPlatformAgentMinecraftForge for SecureJarResource(iceandfire)
[16Oct2025 22:14:07.120] [main/DEBUG] [mixin/]: MixinPlatformAgentMinecraftForge rejected container SecureJarResource(iceandfire)
[16Oct2025 22:14:07.120] [main/DEBUG] [mixin/]: Instancing new MixinPlatformAgentDefault for SecureJarResource(iceandfire)
[16Oct2025 22:14:07.120] [main/DEBUG] [mixin/]: MixinPlatformAgentDefault accepted container SecureJarResource(iceandfire)
[16Oct2025 22:14:07.120] [main/DEBUG] [mixin/]: Processing prepare() for PlatformAgent[MixinPlatformAgentDefault:SecureJarResource(iceandfire)]
[16Oct2025 22:14:07.120] [main/DEBUG] [mixin/]: Registering mixin config: iceandfire.mixins.json
[16Oct2025 22:14:07.122] [main/DEBUG] [mixin/]: Adding mixin platform agents for container SecureJarResource(crucifix)
[16Oct2025 22:14:07.122] [main/DEBUG] [mixin/]: Instancing new MixinPlatformAgentMinecraftForge for SecureJarResource(crucifix)
[16Oct2025 22:14:07.122] [main/DEBUG] [mixin/]: MixinPlatformAgentMinecraftForge rejected container SecureJarResource(crucifix)
[16Oct2025 22:14:07.122] [main/DEBUG] [mixin/]: Instancing new MixinPlatformAgentDefault for SecureJarResource(crucifix)
[16Oct2025 22:14:07.122] [main/DEBUG] [mixin/]: MixinPlatformAgentDefault accepted container SecureJarResource(crucifix)
[16Oct2025 22:14:07.122] [main/DEBUG] [mixin/]: Processing prepare() for PlatformAgent[MixinPlatformAgentDefault:SecureJarResource(crucifix)]
[16Oct2025 22:14:07.122] [main/DEBUG] [mixin/]: Adding mixin platform agents for container SecureJarResource(watut)
[16Oct2025 22:14:07.122] [main/DEBUG] [mixin/]: Instancing new MixinPlatformAgentMinecraftForge for SecureJarResource(watut)
[16Oct2025 22:14:07.122] [main/DEBUG] [mixin/]: MixinPlatformAgentMinecraftForge rejected container SecureJarResource(watut)
[16Oct2025 22:14:07.122] [main/DEBUG] [mixin/]: Instancing new MixinPlatformAgentDefault for SecureJarResource(watut)
[16Oct2025 22:14:07.123] [main/DEBUG] [mixin/]: MixinPlatformAgentDefault accepted container SecureJarResource(watut)
[16Oct2025 22:14:07.123] [main/DEBUG] [mixin/]: Processing prepare() for PlatformAgent[MixinPlatformAgentDefault:SecureJarResource(watut)]
[16Oct2025 22:14:07.123] [main/DEBUG] [mixin/]: Registering mixin config: watut.mixins.json
[16Oct2025 22:14:07.124] [main/DEBUG] [mixin/]: Adding mixin platform agents for container SecureJarResource(forge)
[16Oct2025 22:14:07.124] [main/DEBUG] [mixin/]: Instancing new MixinPlatformAgentMinecraftForge for SecureJarResource(forge)
[16Oct2025 22:14:07.124] [main/DEBUG] [mixin/]: MixinPlatformAgentMinecraftForge rejected container SecureJarResource(forge)
[16Oct2025 22:14:07.125] [main/DEBUG] [mixin/]: Instancing new MixinPlatformAgentDefault for SecureJarResource(forge)
[16Oct2025 22:14:07.125] [main/DEBUG] [mixin/]: MixinPlatformAgentDefault accepted container SecureJarResource(forge)
[16Oct2025 22:14:07.125] [main/DEBUG] [mixin/]: Processing prepare() for PlatformAgent[MixinPlatformAgentDefault:SecureJarResource(forge)]
[16Oct2025 22:14:07.125] [main/DEBUG] [mixin/]: Adding mixin platform agents for container SecureJarResource(webdisplays)
[16Oct2025 22:14:07.125] [main/DEBUG] [mixin/]: Instancing new MixinPlatformAgentMinecraftForge for SecureJarResource(webdisplays)
[16Oct2025 22:14:07.125] [main/DEBUG] [mixin/]: MixinPlatformAgentMinecraftForge rejected container SecureJarResource(webdisplays)
[16Oct2025 22:14:07.125] [main/DEBUG] [mixin/]: Instancing new MixinPlatformAgentDefault for SecureJarResource(webdisplays)
[16Oct2025 22:14:07.125] [main/DEBUG] [mixin/]: MixinPlatformAgentDefault accepted container SecureJarResource(webdisplays)
[16Oct2025 22:14:07.125] [main/DEBUG] [mixin/]: Processing prepare() for PlatformAgent[MixinPlatformAgentDefault:SecureJarResource(webdisplays)]
[16Oct2025 22:14:07.125] [main/DEBUG] [mixin/]: Registering mixin config: webdisplays.mixins.json
[16Oct2025 22:14:07.127] [main/DEBUG] [mixin/]: Adding mixin platform agents for container SecureJarResource(endermail)
[16Oct2025 22:14:07.128] [main/DEBUG] [mixin/]: Instancing new MixinPlatformAgentMinecraftForge for SecureJarResource(endermail)
[16Oct2025 22:14:07.128] [main/DEBUG] [mixin/]: MixinPlatformAgentMinecraftForge rejected container SecureJarResource(endermail)
[16Oct2025 22:14:07.128] [main/DEBUG] [mixin/]: Instancing new MixinPlatformAgentDefault for SecureJarResource(endermail)
[16Oct2025 22:14:07.128] [main/DEBUG] [mixin/]: MixinPlatformAgentDefault accepted container SecureJarResource(endermail)
[16Oct2025 22:14:07.128] [main/DEBUG] [mixin/]: Processing prepare() for PlatformAgent[MixinPlatformAgentDefault:SecureJarResource(endermail)]
[16Oct2025 22:14:07.128] [main/DEBUG] [mixin/]: Adding mixin platform agents for container SecureJarResource(mclib)
[16Oct2025 22:14:07.128] [main/DEBUG] [mixin/]: Instancing new MixinPlatformAgentMinecraftForge for SecureJarResource(mclib)
[16Oct2025 22:14:07.128] [main/DEBUG] [mixin/]: MixinPlatformAgentMinecraftForge rejected container SecureJarResource(mclib)
[16Oct2025 22:14:07.129] [main/DEBUG] [mixin/]: Instancing new MixinPlatformAgentDefault for SecureJarResource(mclib)
[16Oct2025 22:14:07.129] [main/DEBUG] [mixin/]: MixinPlatformAgentDefault accepted container SecureJarResource(mclib)
[16Oct2025 22:14:07.129] [main/DEBUG] [mixin/]: Processing prepare() for PlatformAgent[MixinPlatformAgentDefault:SecureJarResource(mclib)]
[16Oct2025 22:14:07.129] [main/DEBUG] [mixin/]: Adding mixin platform agents for container SecureJarResource(org.yaml.snakeyaml)
[16Oct2025 22:14:07.129] [main/DEBUG] [mixin/]: Instancing new MixinPlatformAgentMinecraftForge for SecureJarResource(org.yaml.snakeyaml)
[16Oct2025 22:14:07.129] [main/DEBUG] [mixin/]: MixinPlatformAgentMinecraftForge rejected container SecureJarResource(org.yaml.snakeyaml)
[16Oct2025 22:14:07.129] [main/DEBUG] [mixin/]: Instancing new MixinPlatformAgentDefault for SecureJarResource(org.yaml.snakeyaml)
[16Oct2025 22:14:07.129] [main/DEBUG] [mixin/]: MixinPlatformAgentDefault accepted container SecureJarResource(org.yaml.snakeyaml)
[16Oct2025 22:14:07.129] [main/DEBUG] [mixin/]: Processing prepare() for PlatformAgent[MixinPlatformAgentDefault:SecureJarResource(org.yaml.snakeyaml)]
[16Oct2025 22:14:07.129] [main/DEBUG] [mixin/]: Adding mixin platform agents for container SecureJarResource(luaj.jse.figura)
[16Oct2025 22:14:07.129] [main/DEBUG] [mixin/]: Instancing new MixinPlatformAgentMinecraftForge for SecureJarResource(luaj.jse.figura)
[16Oct2025 22:14:07.129] [main/DEBUG] [mixin/]: MixinPlatformAgentMinecraftForge rejected container SecureJarResource(luaj.jse.figura)
[16Oct2025 22:14:07.129] [main/DEBUG] [mixin/]: Instancing new MixinPlatformAgentDefault for SecureJarResource(luaj.jse.figura)
[16Oct2025 22:14:07.129] [main/DEBUG] [mixin/]: MixinPlatformAgentDefault accepted container SecureJarResource(luaj.jse.figura)
[16Oct2025 22:14:07.130] [main/DEBUG] [mixin/]: Processing prepare() for PlatformAgent[MixinPlatformAgentDefault:SecureJarResource(luaj.jse.figura)]
[16Oct2025 22:14:07.130] [main/DEBUG] [mixin/]: Adding mixin platform agents for container SecureJarResource(org.apache.bcel)
[16Oct2025 22:14:07.130] [main/DEBUG] [mixin/]: Instancing new MixinPlatformAgentMinecraftForge for SecureJarResource(org.apache.bcel)
[16Oct2025 22:14:07.130] [main/DEBUG] [mixin/]: MixinPlatformAgentMinecraftForge rejected container SecureJarResource(org.apache.bcel)
[16Oct2025 22:14:07.130] [main/DEBUG] [mixin/]: Instancing new MixinPlatformAgentDefault for SecureJarResource(org.apache.bcel)
[16Oct2025 22:14:07.130] [main/DEBUG] [mixin/]: MixinPlatformAgentDefault accepted container SecureJarResource(org.apache.bcel)
[16Oct2025 22:14:07.130] [main/DEBUG] [mixin/]: Processing prepare() for PlatformAgent[MixinPlatformAgentDefault:SecureJarResource(org.apache.bcel)]
[16Oct2025 22:14:07.130] [main/DEBUG] [mixin/]: Adding mixin platform agents for container SecureJarResource(luaj.core.figura)
[16Oct2025 22:14:07.130] [main/DEBUG] [mixin/]: Instancing new MixinPlatformAgentMinecraftForge for SecureJarResource(luaj.core.figura)
[16Oct2025 22:14:07.130] [main/DEBUG] [mixin/]: MixinPlatformAgentMinecraftForge rejected container SecureJarResource(luaj.core.figura)
[16Oct2025 22:14:07.130] [main/DEBUG] [mixin/]: Instancing new MixinPlatformAgentDefault for SecureJarResource(luaj.core.figura)
[16Oct2025 22:14:07.130] [main/DEBUG] [mixin/]: MixinPlatformAgentDefault accepted container SecureJarResource(luaj.core.figura)
[16Oct2025 22:14:07.130] [main/DEBUG] [mixin/]: Processing prepare() for PlatformAgent[MixinPlatformAgentDefault:SecureJarResource(luaj.core.figura)]
[16Oct2025 22:14:07.131] [main/DEBUG] [mixin/]: Adding mixin platform agents for container SecureJarResource(MixinExtras)
[16Oct2025 22:14:07.131] [main/DEBUG] [mixin/]: Instancing new MixinPlatformAgentMinecraftForge for SecureJarResource(MixinExtras)
[16Oct2025 22:14:07.131] [main/DEBUG] [mixin/]: MixinPlatformAgentMinecraftForge rejected container SecureJarResource(MixinExtras)
[16Oct2025 22:14:07.131] [main/DEBUG] [mixin/]: Instancing new MixinPlatformAgentDefault for SecureJarResource(MixinExtras)
[16Oct2025 22:14:07.131] [main/DEBUG] [mixin/]: MixinPlatformAgentDefault accepted container SecureJarResource(MixinExtras)
[16Oct2025 22:14:07.131] [main/DEBUG] [mixin/]: Processing prepare() for PlatformAgent[MixinPlatformAgentDefault:SecureJarResource(MixinExtras)]
[16Oct2025 22:14:07.131] [main/DEBUG] [mixin/]: Adding mixin platform agents for container SecureJarResource(commons.math3)
[16Oct2025 22:14:07.131] [main/DEBUG] [mixin/]: Instancing new MixinPlatformAgentMinecraftForge for SecureJarResource(commons.math3)
[16Oct2025 22:14:07.131] [main/DEBUG] [mixin/]: MixinPlatformAgentMinecraftForge rejected container SecureJarResource(commons.math3)
[16Oct2025 22:14:07.131] [main/DEBUG] [mixin/]: Instancing new MixinPlatformAgentDefault for SecureJarResource(commons.math3)
[16Oct2025 22:14:07.131] [main/DEBUG] [mixin/]: MixinPlatformAgentDefault accepted container SecureJarResource(commons.math3)
[16Oct2025 22:14:07.131] [main/DEBUG] [mixin/]: Processing prepare() for PlatformAgent[MixinPlatformAgentDefault:SecureJarResource(commons.math3)]
[16Oct2025 22:14:07.132] [main/DEBUG] [mixin/]: inject() running with 34 agents
[16Oct2025 22:14:07.132] [main/DEBUG] [mixin/]: Processing inject() for PlatformAgent[MixinPlatformAgentDefault:ModLauncher Root Container(ModLauncher:4f56a0a2)]
[16Oct2025 22:14:07.132] [main/DEBUG] [mixin/]: Processing inject() for PlatformAgent[MixinPlatformAgentDefault:SecureJarResource(minecraft)]
[16Oct2025 22:14:07.132] [main/DEBUG] [mixin/]: Processing inject() for PlatformAgent[MixinPlatformAgentDefault:SecureJarResource(trade_cycling)]
[16Oct2025 22:14:07.132] [main/DEBUG] [mixin/]: Processing inject() for PlatformAgent[MixinPlatformAgentDefault:SecureJarResource(mcef)]
[16Oct2025 22:14:07.132] [main/DEBUG] [mixin/]: Processing inject() for PlatformAgent[MixinPlatformAgentDefault:SecureJarResource(geckolib)]
[16Oct2025 22:14:07.132] [main/DEBUG] [mixin/]: Processing inject() for PlatformAgent[MixinPlatformAgentDefault:SecureJarResource(playeranimator)]
[16Oct2025 22:14:07.132] [main/DEBUG] [mixin/]: Processing inject() for PlatformAgent[MixinPlatformAgentDefault:SecureJarResource(jei)]
[16Oct2025 22:14:07.132] [main/DEBUG] [mixin/]: Processing inject() for PlatformAgent[MixinPlatformAgentDefault:SecureJarResource(tacz)]
[16Oct2025 22:14:07.132] [main/DEBUG] [mixin/]: Processing inject() for PlatformAgent[MixinPlatformAgentDefault:SecureJarResource(caelus)]
[16Oct2025 22:14:07.132] [main/DEBUG] [mixin/]: Processing inject() for PlatformAgent[MixinPlatformAgentDefault:SecureJarResource(sophisticatedcore)]
[16Oct2025 22:14:07.132] [main/DEBUG] [mixin/]: Processing inject() for PlatformAgent[MixinPlatformAgentDefault:SecureJarResource(curios)]
[16Oct2025 22:14:07.133] [main/DEBUG] [mixin/]: Processing inject() for PlatformAgent[MixinPlatformAgentDefault:SecureJarResource(citadel)]
[16Oct2025 22:14:07.133] [main/DEBUG] [mixin/]: Processing inject() for PlatformAgent[MixinPlatformAgentDefault:SecureJarResource(alexscaves)]
[16Oct2025 22:14:07.133] [main/DEBUG] [mixin/]: Processing inject() for PlatformAgent[MixinPlatformAgentDefault:SecureJarResource(irons_spellbooks)]
[16Oct2025 22:14:07.133] [main/DEBUG] [mixin/]: Processing inject() for PlatformAgent[MixinPlatformAgentDefault:SecureJarResource(mixinextras)]
[16Oct2025 22:14:07.133] [main/DEBUG] [mixin/]: Processing inject() for PlatformAgent[MixinPlatformAgentDefault:SecureJarResource(tombstone)]
[16Oct2025 22:14:07.133] [main/DEBUG] [mixin/]: Processing inject() for PlatformAgent[MixinPlatformAgentDefault:SecureJarResource(sophisticatedbackpacks)]
[16Oct2025 22:14:07.133] [main/DEBUG] [mixin/]: Processing inject() for PlatformAgent[MixinPlatformAgentDefault:SecureJarResource(coroutil)]
[16Oct2025 22:14:07.133] [main/DEBUG] [mixin/]: Processing inject() for PlatformAgent[MixinPlatformAgentDefault:SecureJarResource(architectury)]
[16Oct2025 22:14:07.133] [main/DEBUG] [mixin/]: Processing inject() for PlatformAgent[MixinPlatformAgentDefault:SecureJarResource(octolib)]
[16Oct2025 22:14:07.133] [main/DEBUG] [mixin/]: Processing inject() for PlatformAgent[MixinPlatformAgentDefault:SecureJarResource(vampirism)]
[16Oct2025 22:14:07.133] [main/DEBUG] [mixin/]: Processing inject() for PlatformAgent[MixinPlatformAgentDefault:SecureJarResource(iceandfire)]
[16Oct2025 22:14:07.133] [main/DEBUG] [mixin/]: Processing inject() for PlatformAgent[MixinPlatformAgentDefault:SecureJarResource(crucifix)]
[16Oct2025 22:14:07.134] [main/DEBUG] [mixin/]: Processing inject() for PlatformAgent[MixinPlatformAgentDefault:SecureJarResource(watut)]
[16Oct2025 22:14:07.134] [main/DEBUG] [mixin/]: Processing inject() for PlatformAgent[MixinPlatformAgentDefault:SecureJarResource(forge)]
[16Oct2025 22:14:07.134] [main/DEBUG] [mixin/]: Processing inject() for PlatformAgent[MixinPlatformAgentDefault:SecureJarResource(webdisplays)]
[16Oct2025 22:14:07.134] [main/DEBUG] [mixin/]: Processing inject() for PlatformAgent[MixinPlatformAgentDefault:SecureJarResource(endermail)]
[16Oct2025 22:14:07.134] [main/DEBUG] [mixin/]: Processing inject() for PlatformAgent[MixinPlatformAgentDefault:SecureJarResource(mclib)]
[16Oct2025 22:14:07.134] [main/DEBUG] [mixin/]: Processing inject() for PlatformAgent[MixinPlatformAgentDefault:SecureJarResource(org.yaml.snakeyaml)]
[16Oct2025 22:14:07.134] [main/DEBUG] [mixin/]: Processing inject() for PlatformAgent[MixinPlatformAgentDefault:SecureJarResource(luaj.jse.figura)]
[16Oct2025 22:14:07.134] [main/DEBUG] [mixin/]: Processing inject() for PlatformAgent[MixinPlatformAgentDefault:SecureJarResource(org.apache.bcel)]
[16Oct2025 22:14:07.134] [main/DEBUG] [mixin/]: Processing inject() for PlatformAgent[MixinPlatformAgentDefault:SecureJarResource(luaj.core.figura)]
[16Oct2025 22:14:07.134] [main/DEBUG] [mixin/]: Processing inject() for PlatformAgent[MixinPlatformAgentDefault:SecureJarResource(MixinExtras)]
[16Oct2025 22:14:07.134] [main/DEBUG] [mixin/]: Processing inject() for PlatformAgent[MixinPlatformAgentDefault:SecureJarResource(commons.math3)]
[16Oct2025 22:14:07.164] [main/DEBUG] [mixin/]: Error cleaning class output directory: .mixin.out
[16Oct2025 22:14:07.165] [main/DEBUG] [mixin/]: Preparing mixins for MixinEnvironment[PREINIT]
[16Oct2025 22:14:07.171] [main/INFO] [mixin/]: Successfully loaded Mixin Connector [de.maxhenkel.tradecycling.MixinConnector]
[16Oct2025 22:14:07.173] [main/INFO] [cpw.mods.modlauncher.LaunchServiceHandler/MODLAUNCHER]: Launching target 'forgeserver' with arguments [nogui]
[16Oct2025 22:14:07.175] [main/DEBUG] [mixin/]: Preparing mixins for MixinEnvironment[DEFAULT]
[16Oct2025 22:14:07.175] [main/DEBUG] [mixin/]: Selecting config mcef.mixins.json
[16Oct2025 22:14:07.178] [main/DEBUG] [mixin/]: Selecting config geckolib.mixins.json
[16Oct2025 22:14:07.179] [main/DEBUG] [mixin/]: Selecting config playerAnimator-common.mixins.json
[16Oct2025 22:14:07.183] [main/DEBUG] [mixin/]: Selecting config tacz.mixins.json
[16Oct2025 22:14:07.184] [main/DEBUG] [mixin/]: Selecting config caelus.mixins.json
[16Oct2025 22:14:07.185] [main/DEBUG] [mixin/]: Selecting config curios.mixins.json
[16Oct2025 22:14:07.186] [main/DEBUG] [mixin/]: Selecting config citadel.mixins.json
[16Oct2025 22:14:07.188] [main/DEBUG] [mixin/]: Selecting config alexscaves.mixins.json
[16Oct2025 22:14:07.191] [main/DEBUG] [mixin/]: Selecting config mixins.irons_spellbooks.json
[16Oct2025 22:14:07.193] [main/DEBUG] [mixin/]: Selecting config mixinextras.init.mixins.json
[16Oct2025 22:14:07.370] [main/DEBUG] [MixinExtras|Service/]: com.llamalad7.mixinextras.service.MixinExtrasServiceImpl(version=0.3.6) is taking over from null
[16Oct2025 22:14:07.484] [main/DEBUG] [mixin/]: Registering new injector for @Inject with org.spongepowered.asm.mixin.injection.struct.CallbackInjectionInfo
[16Oct2025 22:14:07.486] [main/DEBUG] [mixin/]: Registering new injector for @ModifyArg with org.spongepowered.asm.mixin.injection.struct.ModifyArgInjectionInfo
[16Oct2025 22:14:07.487] [main/DEBUG] [mixin/]: Registering new injector for @ModifyArgs with org.spongepowered.asm.mixin.injection.struct.ModifyArgsInjectionInfo
[16Oct2025 22:14:07.488] [main/DEBUG] [mixin/]: Registering new injector for @Redirect with org.spongepowered.asm.mixin.injection.struct.RedirectInjectionInfo
[16Oct2025 22:14:07.489] [main/DEBUG] [mixin/]: Registering new injector for @ModifyVariable with org.spongepowered.asm.mixin.injection.struct.ModifyVariableInjectionInfo
[16Oct2025 22:14:07.490] [main/DEBUG] [mixin/]: Registering new injector for @ModifyConstant with org.spongepowered.asm.mixin.injection.struct.ModifyConstantInjectionInfo
[16Oct2025 22:14:07.501] [main/DEBUG] [mixin/]: Selecting config tombstone.mixins.json
[16Oct2025 22:14:07.503] [main/DEBUG] [mixin/]: Selecting config coroutil.mixins.json
[16Oct2025 22:14:07.504] [main/WARN] [mixin/]: Reference map 'coroutil.refmap.json' for coroutil.mixins.json could not be read. If this is a development environment you can ignore this message
[16Oct2025 22:14:07.505] [main/DEBUG] [mixin/]: Selecting config architectury.mixins.json
[16Oct2025 22:14:07.507] [main/DEBUG] [mixin/]: Selecting config architectury-common.mixins.json
[16Oct2025 22:14:07.508] [main/DEBUG] [mixin/]: Selecting config vampirism.mixins.json
[16Oct2025 22:14:07.510] [main/DEBUG] [mixin/]: Selecting config iceandfire.mixins.json
[16Oct2025 22:14:07.512] [main/DEBUG] [mixin/]: Selecting config watut.mixins.json
[16Oct2025 22:14:07.513] [main/DEBUG] [mixin/]: Selecting config webdisplays.mixins.json
[16Oct2025 22:14:07.514] [main/DEBUG] [mixin/]: Selecting config trade_cycling.mixins.json
[16Oct2025 22:14:07.515] [main/DEBUG] [mixin/]: Preparing mcef.mixins.json (4)
[16Oct2025 22:14:07.516] [main/DEBUG] [mixin/]: Preparing geckolib.mixins.json (1)
[16Oct2025 22:14:07.516] [main/DEBUG] [mixin/]: Preparing playerAnimator-common.mixins.json (14)
[16Oct2025 22:14:07.516] [main/DEBUG] [mixin/]: Preparing tacz.mixins.json (14)
[16Oct2025 22:14:07.722] [main/DEBUG] [mixin/]: Preparing caelus.mixins.json (4)
[16Oct2025 22:14:07.724] [main/DEBUG] [mixin/]: Preparing curios.mixins.json (13)
[16Oct2025 22:14:07.800] [main/DEBUG] [mixin/]: Preparing citadel.mixins.json (16)
[16Oct2025 22:14:07.875] [main/DEBUG] [mixin/]: Preparing alexscaves.mixins.json (52)
[16Oct2025 22:14:08.007] [main/DEBUG] [net.minecraftforge.coremod.transformer.CoreModBaseTransformer/COREMOD]: Transforming net/minecraft/world/level/NaturalSpawner
[16Oct2025 22:14:08.287] [main/DEBUG] [net.minecraftforge.coremod.transformer.CoreModBaseTransformer/COREMOD]: Transforming net/minecraft/world/level/levelgen/structure/structures/SwampHutPiece
[16Oct2025 22:14:08.316] [main/DEBUG] [mixin/]: Preparing mixins.irons_spellbooks.json (20)
[16Oct2025 22:14:08.334] [main/DEBUG] [net.minecraftforge.coremod.transformer.CoreModBaseTransformer/COREMOD]: Transforming net/minecraft/world/item/ItemStack
[16Oct2025 22:14:08.420] [main/DEBUG] [mixin/]: Preparing mixinextras.init.mixins.json (0)
[16Oct2025 22:14:08.420] [main/DEBUG] [mixin/]: Preparing tombstone.mixins.json (28)
[16Oct2025 22:14:08.453] [main/DEBUG] [net.minecraftforge.coremod.transformer.CoreModBaseTransformer/COREMOD]: Transforming net/minecraft/world/entity/npc/Villager
[16Oct2025 22:14:08.593] [main/DEBUG] [mixin/]: Preparing coroutil.mixins.json (0)
[16Oct2025 22:14:08.594] [main/DEBUG] [mixin/]: Preparing architectury.mixins.json (9)
[16Oct2025 22:14:08.603] [main/DEBUG] [mixin/]: Preparing architectury-common.mixins.json (10)
[16Oct2025 22:14:08.616] [main/DEBUG] [net.minecraftforge.coremod.transformer.CoreModBaseTransformer/COREMOD]: Transforming net/minecraft/world/item/BucketItem
[16Oct2025 22:14:08.626] [main/DEBUG] [net.minecraftforge.coremod.transformer.CoreModBaseTransformer/COREMOD]: Transforming net/minecraft/world/entity/EntityType
[16Oct2025 22:14:08.725] [main/DEBUG] [net.minecraftforge.coremod.transformer.CoreModBaseTransformer/COREMOD]: Transforming net/minecraft/world/level/block/LiquidBlock
[16Oct2025 22:14:08.732] [main/DEBUG] [mixin/]: Preparing vampirism.mixins.json (52)
[16Oct2025 22:14:08.778] [main/DEBUG] [net.minecraftforge.coremod.transformer.CoreModBaseTransformer/COREMOD]: Transforming net/minecraft/world/effect/MobEffectInstance
[16Oct2025 22:14:08.809] [main/DEBUG] [mixin/]: Preparing iceandfire.mixins.json (2)
[16Oct2025 22:14:08.812] [main/DEBUG] [mixin/]: Preparing watut.mixins.json (9)
[16Oct2025 22:14:08.819] [main/DEBUG] [mixin/]: Preparing webdisplays.mixins.json (2)
[16Oct2025 22:14:08.819] [main/DEBUG] [mixin/]: Preparing trade_cycling.mixins.json (3)
[16Oct2025 22:14:09.049] [main/DEBUG] [mixin/]: Prepared 148 mixins in 1.857 sec (12.5ms avg) (0ms load, 0ms transform, 0ms plugin)
[16Oct2025 22:14:09.063] [main/INFO] [MixinExtras|Service/]: Initializing MixinExtras via com.llamalad7.mixinextras.service.MixinExtrasServiceImpl(version=0.3.6).
[16Oct2025 22:14:09.065] [main/DEBUG] [mixin/]: Registering new injector for @SugarWrapper with com.llamalad7.mixinextras.sugar.impl.SugarWrapperInjectionInfo
[16Oct2025 22:14:09.065] [main/DEBUG] [mixin/]: Registering new injector for @FactoryRedirectWrapper with com.llamalad7.mixinextras.wrapper.factory.FactoryRedirectWrapperInjectionInfo
[16Oct2025 22:14:09.070] [main/DEBUG] [mixin/]: Mixing MinecraftServerMixin from citadel.mixins.json into net.minecraft.server.MinecraftServer
[16Oct2025 22:14:09.199] [main/DEBUG] [mixin/]: Mixing DedicatedServerMixin from tombstone.mixins.json into net.minecraft.server.dedicated.DedicatedServer
[16Oct2025 22:14:09.228] [main/DEBUG] [io.netty.util.internal.logging.InternalLoggerFactory/]: Using SLF4J as the default logging framework
[16Oct2025 22:14:09.231] [main/DEBUG] [io.netty.util.ResourceLeakDetector/]: -Dio.netty.leakDetection.level: simple
[16Oct2025 22:14:09.231] [main/DEBUG] [io.netty.util.ResourceLeakDetector/]: -Dio.netty.leakDetection.targetRecords: 4
[16Oct2025 22:14:09.597] [main/DEBUG] [oshi.util.FileUtil/]: No oshi.properties file found from ClassLoader cpw.mods.modlauncher.TransformingClassLoader@4f327096
[16Oct2025 22:14:09.597] [main/DEBUG] [oshi.util.FileUtil/]: No oshi.properties file found from ClassLoader jdk.internal.loader.ClassLoaders$AppClassLoader@76ed5528
[16Oct2025 22:14:09.669] [main/DEBUG] [oshi.util.FileUtil/]: Reading file /proc/self/auxv
[16Oct2025 22:14:09.670] [main/DEBUG] [oshi.util.FileUtil/]: Reading file /proc/self/auxv
[16Oct2025 22:14:09.676] [main/DEBUG] [oshi.util.FileUtil/]: Reading file /proc/stat
[16Oct2025 22:14:09.685] [main/DEBUG] [oshi.util.FileUtil/]: Reading file /sys/devices/system/cpu/cpu0/topology/core_id
[16Oct2025 22:14:09.685] [main/DEBUG] [oshi.util.FileUtil/]: Reading file /sys/devices/system/cpu/cpu0/topology/core_id
[16Oct2025 22:14:09.685] [main/DEBUG] [oshi.util.FileUtil/]: Reading file /sys/devices/system/cpu/cpu0/topology/physical_package_id
[16Oct2025 22:14:09.685] [main/DEBUG] [oshi.util.FileUtil/]: Reading file /sys/devices/system/cpu/cpu0/topology/physical_package_id
[16Oct2025 22:14:09.685] [main/DEBUG] [oshi.util.FileUtil/]: Reading file /sys/devices/system/cpu/cpu0/cpu_capacity
[16Oct2025 22:14:09.687] [main/DEBUG] [oshi.util.FileUtil/]: Reading file /sys/devices/system/cpu/cpu1/topology/core_id
[16Oct2025 22:14:09.687] [main/DEBUG] [oshi.util.FileUtil/]: Reading file /sys/devices/system/cpu/cpu1/topology/core_id
[16Oct2025 22:14:09.687] [main/DEBUG] [oshi.util.FileUtil/]: Reading file /sys/devices/system/cpu/cpu1/topology/physical_package_id
[16Oct2025 22:14:09.687] [main/DEBUG] [oshi.util.FileUtil/]: Reading file /sys/devices/system/cpu/cpu1/topology/physical_package_id
[16Oct2025 22:14:09.687] [main/DEBUG] [oshi.util.FileUtil/]: Reading file /sys/devices/system/cpu/cpu1/cpu_capacity
[16Oct2025 22:14:09.688] [main/DEBUG] [oshi.util.FileUtil/]: Reading file /sys/devices/system/cpu/cpu2/topology/core_id
[16Oct2025 22:14:09.688] [main/DEBUG] [oshi.util.FileUtil/]: Reading file /sys/devices/system/cpu/cpu2/topology/core_id
[16Oct2025 22:14:09.688] [main/DEBUG] [oshi.util.FileUtil/]: Reading file /sys/devices/system/cpu/cpu2/topology/physical_package_id
[16Oct2025 22:14:09.688] [main/DEBUG] [oshi.util.FileUtil/]: Reading file /sys/devices/system/cpu/cpu2/topology/physical_package_id
[16Oct2025 22:14:09.688] [main/DEBUG] [oshi.util.FileUtil/]: Reading file /sys/devices/system/cpu/cpu2/cpu_capacity
[16Oct2025 22:14:09.689] [main/DEBUG] [oshi.util.FileUtil/]: Reading file /sys/devices/system/cpu/cpu3/topology/core_id
[16Oct2025 22:14:09.689] [main/DEBUG] [oshi.util.FileUtil/]: Reading file /sys/devices/system/cpu/cpu3/topology/core_id
[16Oct2025 22:14:09.689] [main/DEBUG] [oshi.util.FileUtil/]: Reading file /sys/devices/system/cpu/cpu3/topology/physical_package_id
[16Oct2025 22:14:09.689] [main/DEBUG] [oshi.util.FileUtil/]: Reading file /sys/devices/system/cpu/cpu3/topology/physical_package_id
[16Oct2025 22:14:09.689] [main/DEBUG] [oshi.util.FileUtil/]: Reading file /sys/devices/system/cpu/cpu3/cpu_capacity
[16Oct2025 22:14:09.691] [main/DEBUG] [oshi.util.FileUtil/]: Reading file /proc/cpuinfo
[16Oct2025 22:14:09.699] [main/DEBUG] [oshi.util.FileUtil/]: Reading file /proc/self/auxv
[16Oct2025 22:14:09.701] [main/DEBUG] [oshi.util.FileUtil/]: No oshi.architecture.properties file found from ClassLoader cpw.mods.modlauncher.TransformingClassLoader@4f327096
[16Oct2025 22:14:09.702] [main/DEBUG] [oshi.util.FileUtil/]: No oshi.architecture.properties file found from ClassLoader jdk.internal.loader.ClassLoaders$AppClassLoader@76ed5528
[16Oct2025 22:14:09.718] [main/DEBUG] [oshi.util.FileUtil/]: Reading file /proc/meminfo
[16Oct2025 22:14:09.719] [main/DEBUG] [oshi.util.FileUtil/]: Reading file /proc/meminfo
[16Oct2025 22:14:09.861] [main/DEBUG] [mixin/]: Mixing inject.MixinGameEvent from architectury-common.mixins.json into net.minecraft.world.level.gameevent.GameEvent
[16Oct2025 22:14:09.913] [main/DEBUG] [mixin/]: Mixing inject.MixinBlock from architectury-common.mixins.json into net.minecraft.world.level.block.Block
[16Oct2025 22:14:09.930] [main/DEBUG] [mixin/]: Mixing BlockBehaviorUse from watut.mixins.json into net.minecraft.world.level.block.state.BlockBehaviour$BlockStateBase
[16Oct2025 22:14:09.951] [main/DEBUG] [mixin/]: Mixing AccessorEntity from curios.mixins.json into net.minecraft.world.entity.Entity
[16Oct2025 22:14:09.956] [main/DEBUG] [mixin/]: Mixing EntityMixin from alexscaves.mixins.json into net.minecraft.world.entity.Entity
[16Oct2025 22:14:10.071] [main/DEBUG] [mixin/]: Mixing EntityMixin from mixins.irons_spellbooks.json into net.minecraft.world.entity.Entity
[16Oct2025 22:14:10.090] [main/DEBUG] [mixin/]: Mixing EntityMixin from tombstone.mixins.json into net.minecraft.world.entity.Entity
[16Oct2025 22:14:10.099] [main/DEBUG] [mixin/]: Mixing MixinEntity from vampirism.mixins.json into net.minecraft.world.entity.Entity
[16Oct2025 22:14:10.211] [main/DEBUG] [mixin/]: Mixing common.LivingEntityMixin from tacz.mixins.json into net.minecraft.world.entity.LivingEntity
[16Oct2025 22:14:10.216] [main/DEBUG] [mixin/]: Renaming synthetic method lambda$initialData$0()Lnet/minecraft/world/item/ItemStack; to mda7d183$lambda$initialData$0$0 in tacz.mixins.json:common.LivingEntityMixin
[16Oct2025 22:14:10.247] [main/DEBUG] [mixin/]: Mixing MixinLivingEntity from caelus.mixins.json into net.minecraft.world.entity.LivingEntity
[16Oct2025 22:14:10.248] [main/DEBUG] [mixin/]: Mixing MixinLivingEntity from curios.mixins.json into net.minecraft.world.entity.LivingEntity
[16Oct2025 22:14:10.250] [main/DEBUG] [mixin/]: Mixing LivingEntityMixin from citadel.mixins.json into net.minecraft.world.entity.LivingEntity
[16Oct2025 22:14:10.256] [main/DEBUG] [mixin/]: Mixing LivingEntityMixin from alexscaves.mixins.json into net.minecraft.world.entity.LivingEntity
[16Oct2025 22:14:10.276] [main/DEBUG] [mixin/]: Mixing LivingEntityMixin from mixins.irons_spellbooks.json into net.minecraft.world.entity.LivingEntity
[16Oct2025 22:14:10.277] [main/DEBUG] [mixin/]: Renaming synthetic method lambda$static$1(Lnet/minecraft/world/entity/ai/attributes/Attribute;)Z to mda7d183$lambda$static$1$1 in mixins.irons_spellbooks.json:LivingEntityMixin
[16Oct2025 22:14:10.277] [main/DEBUG] [mixin/]: Renaming synthetic method lambda$static$0(Lnet/minecraft/world/entity/ai/attributes/Attribute;)Z to mda7d183$lambda$static$0$2 in mixins.irons_spellbooks.json:LivingEntityMixin
[16Oct2025 22:14:10.305] [main/DEBUG] [mixin/]: Mixing LivingEntityMixin from tombstone.mixins.json into net.minecraft.world.entity.LivingEntity
[16Oct2025 22:14:10.317] [main/DEBUG] [mixin/]: Mixing LivingEntityAccessor from vampirism.mixins.json into net.minecraft.world.entity.LivingEntity
[16Oct2025 22:14:10.318] [main/DEBUG] [mixin/]: Mixing MixinLivingEntity from vampirism.mixins.json into net.minecraft.world.entity.LivingEntity
[16Oct2025 22:14:10.479] [main/DEBUG] [mixin/]: Mixing LevelMixin from citadel.mixins.json into net.minecraft.world.level.Level
[16Oct2025 22:14:10.500] [main/DEBUG] [mixin/]: Mixing ServerLevelMixin from citadel.mixins.json into net.minecraft.server.level.ServerLevel
[16Oct2025 22:14:10.533] [main/DEBUG] [mixin/]: Mixing PlayerMixin from alexscaves.mixins.json into net.minecraft.world.entity.player.Player
[16Oct2025 22:14:10.540] [main/DEBUG] [mixin/]: Mixing PlayerMixin from mixins.irons_spellbooks.json into net.minecraft.world.entity.player.Player
[16Oct2025 22:14:10.541] [main/DEBUG] [mixin/]: Mixing MixinPlayerEntity from vampirism.mixins.json into net.minecraft.world.entity.player.Player
[16Oct2025 22:14:10.614] [main/DEBUG] [mixin/]: Mixing inject.MixinFluid from architectury-common.mixins.json into net.minecraft.world.level.material.Fluid
[16Oct2025 22:14:10.618] [main/DEBUG] [mixin/]: Mixing ItemMixin from mixins.irons_spellbooks.json into net.minecraft.world.item.Item
[16Oct2025 22:14:10.621] [main/DEBUG] [mixin/]: Mixing ItemMixin from tombstone.mixins.json into net.minecraft.world.item.Item
[16Oct2025 22:14:10.622] [main/DEBUG] [mixin/]: Renaming synthetic method lambda$methodIsFoil$1(Lnet/minecraft/world/item/ItemStack;Lovh/corail/tombstone/api/capability/ISoulConsumer;)Ljava/lang/Boolean; to mda7d183$lambda$methodIsFoil$1$0 in tombstone.mixins.json:ItemMixin
[16Oct2025 22:14:10.622] [main/DEBUG] [mixin/]: Renaming synthetic method lambda$methodGetName$0(Lnet/minecraft/world/item/ItemStack;Lovh/corail/tombstone/api/capability/ISoulConsumer;)Ljava/lang/Boolean; to mda7d183$lambda$methodGetName$0$1 in tombstone.mixins.json:ItemMixin
[16Oct2025 22:14:10.642] [main/DEBUG] [mixin/]: Mixing inject.MixinItem from architectury-common.mixins.json into net.minecraft.world.item.Item
[16Oct2025 22:14:10.646] [main/DEBUG] [mixin/]: Mixing ItemMixin from vampirism.mixins.json into net.minecraft.world.item.Item
[16Oct2025 22:14:10.671] [main/DEBUG] [net.minecraftforge.coremod.transformer.CoreModBaseTransformer/COREMOD]: Transforming net/minecraft/world/entity/EntityType
[16Oct2025 22:14:10.730] [main/DEBUG] [mixin/]: Mixing inject.MixinEntityType from architectury-common.mixins.json into net.minecraft.world.entity.EntityType
[16Oct2025 22:14:10.743] [main/DEBUG] [mixin/]: Mixing MobEffectMixin from mixins.irons_spellbooks.json into net.minecraft.world.effect.MobEffect
[16Oct2025 22:14:10.759] [main/DEBUG] [mixin/]: Mixing TileEntityTypeAccessor from vampirism.mixins.json into net.minecraft.world.level.block.entity.BlockEntityType
[16Oct2025 22:14:10.765] [main/DEBUG] [mixin/]: Mixing ChunkStatusMixin from alexscaves.mixins.json into net.minecraft.world.level.chunk.ChunkStatus
[16Oct2025 22:14:11.146] [main/DEBUG] [net.minecraftforge.coremod.transformer.CoreModBaseTransformer/COREMOD]: Transforming net/minecraft/world/level/block/LiquidBlock
[16Oct2025 22:14:11.146] [main/DEBUG] [mixin/]: Mixing inject.MixinLiquidBlock from architectury-common.mixins.json into net.minecraft.world.level.block.LiquidBlock
[16Oct2025 22:14:11.183] [main/DEBUG] [net.minecraftforge.coremod.transformer.CoreModBaseTransformer/COREMOD]: Transforming net/minecraft/world/level/block/StairBlock
[16Oct2025 22:14:11.189] [main/DEBUG] [mixin/]: Mixing ChestBlockMixin from tombstone.mixins.json into net.minecraft.world.level.block.ChestBlock
[16Oct2025 22:14:11.261] [main/DEBUG] [net.minecraftforge.coremod.transformer.CoreModBaseTransformer/COREMOD]: Transforming net/minecraft/world/level/block/FlowerPotBlock
[16Oct2025 22:14:11.323] [main/DEBUG] [mixin/]: Mixing MixinBellBlock from vampirism.mixins.json into net.minecraft.world.level.block.BellBlock
[16Oct2025 22:14:11.349] [main/DEBUG] [mixin/]: Mixing MixinPowderSnowBlock from curios.mixins.json into net.minecraft.world.level.block.PowderSnowBlock
[16Oct2025 22:14:11.412] [main/DEBUG] [mixin/]: Mixing FlowingFluidMixin from alexscaves.mixins.json into net.minecraft.world.level.material.FlowingFluid
[16Oct2025 22:14:11.531] [main/DEBUG] [mixin/]: Mixing BrushableBlockEntityMixin from tombstone.mixins.json into net.minecraft.world.level.block.entity.BrushableBlockEntity
[16Oct2025 22:14:11.586] [main/DEBUG] [mixin/]: Mixing FallingBlockEntityMixin from alexscaves.mixins.json into net.minecraft.world.entity.item.FallingBlockEntity
[16Oct2025 22:14:11.593] [main/DEBUG] [mixin/]: Mixing MixinFallingBlockEntity from architectury.mixins.json into net.minecraft.world.entity.item.FallingBlockEntity
[16Oct2025 22:14:11.941] [main/DEBUG] [mixin/]: Mixing common.ServerPlayerMixin from tacz.mixins.json into net.minecraft.server.level.ServerPlayer
[16Oct2025 22:14:11.942] [main/DEBUG] [mixin/]: Mixing ServerPlayerMixin from tombstone.mixins.json into net.minecraft.server.level.ServerPlayer
[16Oct2025 22:14:11.942] [main/DEBUG] [mixin/]: Renaming synthetic method lambda$static$0()Ljava/lang/Boolean; to mda7d183$lambda$static$0$0 in tombstone.mixins.json:ServerPlayerMixin
[16Oct2025 22:14:11.986] [main/DEBUG] [mixin/]: Mixing AttributesMixin from mixins.irons_spellbooks.json into net.minecraft.world.entity.ai.attributes.Attributes
[16Oct2025 22:14:12.330] [main/DEBUG] [mixin/]: Mixing AbstractContainerMenuDoClick from watut.mixins.json into net.minecraft.world.inventory.AbstractContainerMenu
[16Oct2025 22:14:12.349] [main/DEBUG] [mixin/]: Mixing AbstractFurnaceBlockEntityAccessor from vampirism.mixins.json into net.minecraft.world.level.block.entity.AbstractFurnaceBlockEntity
[16Oct2025 22:14:12.350] [main/DEBUG] [mixin/]: Renaming @Invoker method getTotalCookTime(Lnet/minecraft/world/level/Level;Lnet/minecraft/world/level/block/entity/AbstractFurnaceBlockEntity;)I to getTotalCookTime_$md$a7d183$0 in vampirism.mixins.json:AbstractFurnaceBlockEntityAccessor
[16Oct2025 22:14:12.523] [main/DEBUG] [mixin/]: Mixing AbstractArrowMixin from alexscaves.mixins.json into net.minecraft.world.entity.projectile.AbstractArrow
[16Oct2025 22:14:12.557] [main/DEBUG] [mixin/]: Mixing MobMixin from alexscaves.mixins.json into net.minecraft.world.entity.Mob
[16Oct2025 22:14:12.559] [main/DEBUG] [mixin/]: Mixing MobMixin from tombstone.mixins.json into net.minecraft.world.entity.Mob
[16Oct2025 22:14:12.561] [main/DEBUG] [mixin/]: Renaming synthetic method lambda$methodSetTarget$2(Lnet/minecraft/world/entity/LivingEntity;Ljava/util/UUID;)Ljava/lang/Boolean; to mda7d183$lambda$methodSetTarget$2$0 in tombstone.mixins.json:MobMixin
[16Oct2025 22:14:12.561] [main/DEBUG] [mixin/]: Renaming synthetic method lambda$methodCanBeLeashed$1(Lnet/minecraft/world/entity/player/Player;Ljava/util/UUID;)Ljava/lang/Boolean; to mda7d183$lambda$methodCanBeLeashed$1$1 in tombstone.mixins.json:MobMixin
[16Oct2025 22:14:12.561] [main/DEBUG] [mixin/]: Renaming synthetic method lambda$methodTick$0(Lnet/minecraft/world/entity/Mob;Lovh/corail/tombstone/api/capability/ISpellCaster;)V to mda7d183$lambda$methodTick$0$2 in tombstone.mixins.json:MobMixin
[16Oct2025 22:14:12.572] [main/DEBUG] [mixin/]: Mixing MixinMobEntity from vampirism.mixins.json into net.minecraft.world.entity.Mob
[16Oct2025 22:14:12.619] [main/DEBUG] [mixin/]: Mixing MonsterMixin from alexscaves.mixins.json into net.minecraft.world.entity.monster.Monster
[16Oct2025 22:14:12.626] [main/DEBUG] [mixin/]: Mixing MonsterMixin from tombstone.mixins.json into net.minecraft.world.entity.monster.Monster
[16Oct2025 22:14:12.709] [main/DEBUG] [net.minecraftforge.coremod.transformer.CoreModBaseTransformer/COREMOD]: Transforming net/minecraft/world/item/ItemStack
[16Oct2025 22:14:12.710] [main/DEBUG] [mixin/]: Mixing ItemStackMixin from mixins.irons_spellbooks.json into net.minecraft.world.item.ItemStack
[16Oct2025 22:14:12.711] [main/DEBUG] [mixin/]: Mixing ItemStackMixin from tombstone.mixins.json into net.minecraft.world.item.ItemStack
[16Oct2025 22:14:12.753] [main/DEBUG] [mixin/]: Mixing BeaconBlockEntityMixin from vampirism.mixins.json into net.minecraft.world.level.block.entity.BeaconBlockEntity
[16Oct2025 22:14:12.754] [main/DEBUG] [mixin/]: Renaming @Invoker method applyEffects(Lnet/minecraft/world/level/Level;Lnet/minecraft/core/BlockPos;ILnet/minecraft/world/effect/MobEffect;Lnet/minecraft/world/effect/MobEffect;)V to applyEffects_$md$a7d183$0 in vampirism.mixins.json:BeaconBlockEntityMixin
[16Oct2025 22:14:13.335] [main/DEBUG] [mixin/]: Mixing SmithingMenuMixin from citadel.mixins.json into net.minecraft.world.inventory.SmithingMenu
[16Oct2025 22:14:13.483] [main/DEBUG] [mixin/]: Mixing MixinLightningBolt from architectury-common.mixins.json into net.minecraft.world.entity.LightningBolt
[16Oct2025 22:14:13.576] [main/DEBUG] [net.minecraftforge.coremod.transformer.CoreModBaseTransformer/COREMOD]: Transforming net/minecraft/world/entity/animal/frog/Tadpole
[16Oct2025 22:14:13.600] [main/DEBUG] [mixin/]: Mixing ArmorItemAccessor from vampirism.mixins.json into net.minecraft.world.item.ArmorItem
[16Oct2025 22:14:13.600] [main/DEBUG] [mixin/]: Renaming @Accessor method getModifierUUID_vampirism()Ljava/util/EnumMap; to getModifierUUID_vampirism_$md$a7d183$0 in vampirism.mixins.json:ArmorItemAccessor
[16Oct2025 22:14:13.609] [main/DEBUG] [net.minecraftforge.coremod.transformer.CoreModBaseTransformer/COREMOD]: Transforming net/minecraft/world/item/BucketItem
[16Oct2025 22:14:13.609] [main/DEBUG] [mixin/]: Mixing inject.MixinBucketItem from architectury-common.mixins.json into net.minecraft.world.item.BucketItem
[16Oct2025 22:14:13.615] [main/DEBUG] [mixin/]: Mixing BundleItemMixin from tombstone.mixins.json into net.minecraft.world.item.BundleItem
[16Oct2025 22:14:13.615] [main/DEBUG] [mixin/]: Renaming synthetic method lambda$getEnchantmentLevel$0(Lnet/minecraft/world/item/ItemStack;Lovh/corail/tombstone/api/capability/ISoulConsumer;)Ljava/lang/Boolean; to mda7d183$lambda$getEnchantmentLevel$0$0 in tombstone.mixins.json:BundleItemMixin
[16Oct2025 22:14:13.624] [main/DEBUG] [mixin/]: Mixing MixinShearsItem from curios.mixins.json into net.minecraft.world.item.ShearsItem
[16Oct2025 22:14:13.627] [main/DEBUG] [mixin/]: Mixing PotionItemMixin from tombstone.mixins.json into net.minecraft.world.item.PotionItem
[16Oct2025 22:14:13.627] [main/DEBUG] [mixin/]: Renaming synthetic method lambda$methodFinishUsingItemReturn$1(Lnet/minecraft/world/entity/LivingEntity;Lovh/corail/tombstone/capability/ITBCapability;)V to mda7d183$lambda$methodFinishUsingItemReturn$1$0 in tombstone.mixins.json:PotionItemMixin
[16Oct2025 22:14:13.627] [main/DEBUG] [mixin/]: Renaming synthetic method lambda$effectList$0(Lnet/minecraft/world/effect/MobEffectInstance;)Ljava/lang/Integer; to mda7d183$lambda$effectList$0$1 in tombstone.mixins.json:PotionItemMixin
[16Oct2025 22:14:13.654] [main/DEBUG] [mixin/]: Mixing TridentItemMixin from mixins.irons_spellbooks.json into net.minecraft.world.item.TridentItem
[16Oct2025 22:14:13.658] [main/DEBUG] [mixin/]: Mixing CrossbowItemMixin from vampirism.mixins.json into net.minecraft.world.item.CrossbowItem
[16Oct2025 22:14:13.658] [main/DEBUG] [mixin/]: Renaming @Invoker method getChargedProjectiles(Lnet/minecraft/world/item/ItemStack;)Ljava/util/List; to getChargedProjectiles_$md$a7d183$0 in vampirism.mixins.json:CrossbowItemMixin
[16Oct2025 22:14:13.658] [main/DEBUG] [mixin/]: Renaming @Invoker method getShotPitches(Lnet/minecraft/util/RandomSource;)[F to getShotPitches_$md$a7d183$1 in vampirism.mixins.json:CrossbowItemMixin
[16Oct2025 22:14:13.659] [main/DEBUG] [mixin/]: Renaming @Invoker method onCrossbowShot(Lnet/minecraft/world/level/Level;Lnet/minecraft/world/entity/LivingEntity;Lnet/minecraft/world/item/ItemStack;)V to onCrossbowShot_$md$a7d183$2 in vampirism.mixins.json:CrossbowItemMixin
[16Oct2025 22:14:13.659] [main/DEBUG] [mixin/]: Renaming @Invoker method getArrow(Lnet/minecraft/world/level/Level;Lnet/minecraft/world/entity/LivingEntity;Lnet/minecraft/world/item/ItemStack;Lnet/minecraft/world/item/ItemStack;)Lnet/minecraft/world/entity/projectile/AbstractArrow; to getArrow_$md$a7d183$3 in vampirism.mixins.json:CrossbowItemMixin
[16Oct2025 22:14:13.659] [main/DEBUG] [mixin/]: Renaming @Invoker method addChargedProjectile(Lnet/minecraft/world/item/ItemStack;Lnet/minecraft/world/item/ItemStack;)V to addChargedProjectile_$md$a7d183$4 in vampirism.mixins.json:CrossbowItemMixin
[16Oct2025 22:14:13.669] [main/DEBUG] [mixin/]: Mixing inject.MixinItemProperties from architectury-common.mixins.json into net.minecraft.world.item.Item$Properties
[16Oct2025 22:14:13.687] [main/DEBUG] [mixin/]: Mixing AbstractMinecartMixin from alexscaves.mixins.json into net.minecraft.world.entity.vehicle.AbstractMinecart
[16Oct2025 22:14:14.516] [main/DEBUG] [mixin/]: Mixing AreaEffectCloudMixin from vampirism.mixins.json into net.minecraft.world.entity.AreaEffectCloud
[16Oct2025 22:14:14.567] [main/DEBUG] [mixin/]: Mixing HurtByTargetGoalMixin from tombstone.mixins.json into net.minecraft.world.entity.ai.goal.target.HurtByTargetGoal
[16Oct2025 22:14:14.569] [main/DEBUG] [mixin/]: Mixing accessor.TargetGoalAccessor from tombstone.mixins.json into net.minecraft.world.entity.ai.goal.target.TargetGoal
[16Oct2025 22:14:14.571] [main/DEBUG] [mixin/]: Mixing NearestAttackableTargetGoalMixin from vampirism.mixins.json into net.minecraft.world.entity.ai.goal.target.NearestAttackableTargetGoal
[16Oct2025 22:14:14.571] [main/DEBUG] [mixin/]: Renaming synthetic method lambda$static$1(Lnet/minecraft/world/entity/LivingEntity;)Z to mda7d183$lambda$static$1$0 in vampirism.mixins.json:NearestAttackableTargetGoalMixin
[16Oct2025 22:14:14.571] [main/DEBUG] [mixin/]: Renaming synthetic method lambda$static$0(Lnet/minecraft/world/entity/LivingEntity;)Z to mda7d183$lambda$static$0$1 in vampirism.mixins.json:NearestAttackableTargetGoalMixin
[16Oct2025 22:14:14.600] [main/DEBUG] [net.minecraftforge.coremod.transformer.CoreModBaseTransformer/COREMOD]: Transforming net/minecraft/world/entity/monster/Spider
[16Oct2025 22:14:14.633] [main/DEBUG] [mixin/]: Mixing CreeperMixin from mixins.irons_spellbooks.json into net.minecraft.world.entity.monster.Creeper
[16Oct2025 22:14:14.645] [main/DEBUG] [net.minecraftforge.coremod.transformer.CoreModBaseTransformer/COREMOD]: Transforming net/minecraft/world/entity/monster/Zombie
[16Oct2025 22:14:14.697] [main/DEBUG] [net.minecraftforge.coremod.transformer.CoreModBaseTransformer/COREMOD]: Transforming net/minecraft/world/entity/monster/ZombieVillager
[16Oct2025 22:14:14.734] [main/DEBUG] [mixin/]: Mixing ThrowableProjectileMixin from tombstone.mixins.json into net.minecraft.world.entity.projectile.ThrowableProjectile
[16Oct2025 22:14:14.757] [main/DEBUG] [net.minecraftforge.coremod.transformer.CoreModBaseTransformer/COREMOD]: Transforming net/minecraft/world/entity/monster/Evoker$EvokerSummonSpellGoal
[16Oct2025 22:14:14.780] [main/DEBUG] [mixin/]: Mixing FrogMixin from alexscaves.mixins.json into net.minecraft.world.entity.animal.frog.Frog
[16Oct2025 22:14:14.850] [main/DEBUG] [mixin/]: Mixing ThrowablePotionMixin from vampirism.mixins.json into net.minecraft.world.entity.projectile.ThrownPotion
[16Oct2025 22:14:14.875] [main/DEBUG] [net.minecraftforge.coremod.transformer.CoreModBaseTransformer/COREMOD]: Transforming net/minecraft/world/entity/animal/horse/SkeletonTrapGoal
[16Oct2025 22:14:14.894] [main/DEBUG] [net.minecraftforge.coremod.transformer.CoreModBaseTransformer/COREMOD]: Transforming net/minecraft/world/entity/monster/Strider
[16Oct2025 22:14:14.999] [main/DEBUG] [net.minecraftforge.coremod.transformer.CoreModBaseTransformer/COREMOD]: Transforming net/minecraft/world/entity/npc/Villager
[16Oct2025 22:14:15.081] [main/DEBUG] [mixin/]: Mixing accessor.VillagerAccessor from tombstone.mixins.json into net.minecraft.world.entity.npc.Villager
[16Oct2025 22:14:15.082] [main/DEBUG] [mixin/]: Mixing VillagerAccessor from trade_cycling.mixins.json into net.minecraft.world.entity.npc.Villager
[16Oct2025 22:14:15.091] [main/DEBUG] [mixin/]: Mixing MerchantMenuAccessor from trade_cycling.mixins.json into net.minecraft.world.inventory.MerchantMenu
[16Oct2025 22:14:15.128] [main/DEBUG] [mixin/]: Mixing IngredientAccessor from vampirism.mixins.json into net.minecraft.world.item.crafting.Ingredient
[16Oct2025 22:14:15.135] [main/DEBUG] [mixin/]: Mixing inject.MixinFoodPropertiesBuilder from architectury-common.mixins.json into net.minecraft.world.food.FoodProperties$Builder
[16Oct2025 22:14:15.138] [main/DEBUG] [net.minecraftforge.coremod.transformer.CoreModBaseTransformer/COREMOD]: Transforming net/minecraft/world/effect/MobEffectInstance
[16Oct2025 22:14:15.138] [main/DEBUG] [mixin/]: Mixing MixinMobEffectInstance from vampirism.mixins.json into net.minecraft.world.effect.MobEffectInstance
[16Oct2025 22:14:15.183] [main/DEBUG] [mixin/]: Mixing common.ServerGamePacketListenerImplMixin from tacz.mixins.json into net.minecraft.server.network.ServerGamePacketListenerImpl
[16Oct2025 22:14:15.184] [main/DEBUG] [mixin/]: Mixing common.ServerPlayNetHandlerMixin from tacz.mixins.json into net.minecraft.server.network.ServerGamePacketListenerImpl
[16Oct2025 22:14:15.212] [main/DEBUG] [mixin/]: Mixing MixinPotionBrewing from vampirism.mixins.json into net.minecraft.world.item.alchemy.PotionBrewing
[16Oct2025 22:14:15.213] [main/DEBUG] [mixin/]: Renaming synthetic method lambda$shouldBlockBrewing_vampirism$0(Ljava/util/List;)Ljava/util/Optional; to mda7d183$lambda$shouldBlockBrewing_vampirism$0$0 in vampirism.mixins.json:MixinPotionBrewing
[16Oct2025 22:14:15.296] [main/DEBUG] [mixin/]: Mixing ChunkGeneratorMixin from citadel.mixins.json into net.minecraft.world.level.chunk.ChunkGenerator
[16Oct2025 22:14:15.297] [main/DEBUG] [net.minecraftforge.coremod.transformer.CoreModBaseTransformer/COREMOD]: Transforming net/minecraft/world/level/biome/Biome
[16Oct2025 22:14:15.327] [main/DEBUG] [mixin/]: Mixing MixinInventory from curios.mixins.json into net.minecraft.world.entity.player.Inventory
[16Oct2025 22:14:15.349] [main/DEBUG] [mixin/]: Mixing accessor.ShapedRecipeAccessor from tombstone.mixins.json into net.minecraft.world.item.crafting.ShapedRecipe
[16Oct2025 22:14:15.350] [main/DEBUG] [mixin/]: Mixing ShapedRecipeAccessor from vampirism.mixins.json into net.minecraft.world.item.crafting.ShapedRecipe
[16Oct2025 22:14:15.350] [main/DEBUG] [mixin/]: Unexpected: Registered method getResult()Lnet/minecraft/world/item/ItemStack; in net.minecraft.world.item.crafting.ShapedRecipe was not merged
[16Oct2025 22:14:15.427] [main/DEBUG] [mixin/]: Mixing EnchantRandomlyFunctionMixin from alexscaves.mixins.json into net.minecraft.world.level.storage.loot.functions.EnchantRandomlyFunction
[16Oct2025 22:14:15.427] [main/DEBUG] [mixin/]: Renaming synthetic method lambda$ac_enchantItem$0(ZLnet/minecraft/world/item/ItemStack;Lnet/minecraft/world/item/enchantment/Enchantment;)Z to mda7d183$lambda$ac_enchantItem$0$0 in alexscaves.mixins.json:EnchantRandomlyFunctionMixin
[16Oct2025 22:14:15.448] [main/DEBUG] [mixin/]: Mixing MixinApplyBonusCount from curios.mixins.json into net.minecraft.world.level.storage.loot.functions.ApplyBonusCount
[16Oct2025 22:14:15.538] [main/DEBUG] [mixin/]: Mixing MultifaceGrowthFeatureMixin from alexscaves.mixins.json into net.minecraft.world.level.levelgen.feature.MultifaceGrowthFeature
[16Oct2025 22:14:15.543] [main/DEBUG] [mixin/]: Mixing gen.NoLakesInStructuresMixin from iceandfire.mixins.json into net.minecraft.world.level.levelgen.feature.LakeFeature
[16Oct2025 22:14:15.549] [main/DEBUG] [mixin/]: Mixing SeagrassFeatureMixin from alexscaves.mixins.json into net.minecraft.world.level.levelgen.feature.SeagrassFeature
[16Oct2025 22:14:15.551] [main/DEBUG] [mixin/]: Mixing KelpFeatureMixin from alexscaves.mixins.json into net.minecraft.world.level.levelgen.feature.KelpFeature
[16Oct2025 22:14:15.552] [main/DEBUG] [mixin/]: Mixing CoralFeatureMixin from alexscaves.mixins.json into net.minecraft.world.level.levelgen.feature.CoralFeature
[16Oct2025 22:14:15.650] [main/DEBUG] [net.minecraftforge.coremod.transformer.CoreModBaseTransformer/COREMOD]: Transforming net/minecraft/world/level/levelgen/structure/Structure
[16Oct2025 22:14:15.683] [main/DEBUG] [net.minecraftforge.coremod.transformer.CoreModBaseTransformer/COREMOD]: Transforming net/minecraft/world/level/levelgen/structure/structures/OceanRuinPieces$OceanRuinPiece
[16Oct2025 22:14:15.695] [main/DEBUG] [net.minecraftforge.coremod.transformer.CoreModBaseTransformer/COREMOD]: Transforming net/minecraft/world/level/levelgen/structure/structures/SwampHutPiece
[16Oct2025 22:14:15.702] [main/DEBUG] [mixin/]: Mixing SwampHutPieceMixin from alexscaves.mixins.json into net.minecraft.world.level.levelgen.structure.structures.SwampHutPiece
[16Oct2025 22:14:15.705] [main/WARN] [mixin/]: Mixin alexscaves.mixins.json:SwampHutPieceMixin has multiple constructors, (Lnet/minecraft/world/level/levelgen/structure/pieces/StructurePieceType;IIIIIILnet/minecraft/core/Direction;)V was selected

[16Oct2025 22:14:15.710] [main/DEBUG] [net.minecraftforge.coremod.transformer.CoreModBaseTransformer/COREMOD]: Transforming net/minecraft/world/level/levelgen/structure/structures/OceanMonumentPieces$OceanMonumentPiece
[16Oct2025 22:14:15.730] [main/DEBUG] [net.minecraftforge.coremod.transformer.CoreModBaseTransformer/COREMOD]: Transforming net/minecraft/world/level/levelgen/structure/structures/WoodlandMansionPieces$WoodlandMansionPiece
[16Oct2025 22:14:15.757] [main/DEBUG] [mixin/]: Mixing JigsawStructureMixin from alexscaves.mixins.json into net.minecraft.world.level.levelgen.structure.structures.JigsawStructure
[16Oct2025 22:14:15.757] [main/DEBUG] [net.minecraftforge.coremod.transformer.CoreModBaseTransformer/COREMOD]: Transforming net/minecraft/world/level/levelgen/structure/Structure
[16Oct2025 22:14:15.770] [main/DEBUG] [mixin/]: Mixing OceanMonumentStructureMixin from alexscaves.mixins.json into net.minecraft.world.level.levelgen.structure.structures.OceanMonumentStructure
[16Oct2025 22:14:15.778] [main/DEBUG] [mixin/]: Mixing ShipwreckStructureMixin from alexscaves.mixins.json into net.minecraft.world.level.levelgen.structure.structures.ShipwreckStructure
[16Oct2025 22:14:15.829] [main/DEBUG] [mixin/]: Mixing BiomeSourceMixin from alexscaves.mixins.json into net.minecraft.world.level.biome.BiomeSource
[16Oct2025 22:14:15.837] [main/DEBUG] [net.minecraftforge.coremod.transformer.CoreModBaseTransformer/COREMOD]: Transforming net/minecraft/world/level/biome/Biome
[16Oct2025 22:14:15.873] [main/DEBUG] [mixin/]: Mixing MultiNoiseBiomeSourceMixin from alexscaves.mixins.json into net.minecraft.world.level.biome.MultiNoiseBiomeSource
[16Oct2025 22:14:15.885] [main/DEBUG] [mixin/]: Mixing MultiNoiseBiomeSourceParameterListPresetAccessor from vampirism.mixins.json into net.minecraft.world.level.biome.MultiNoiseBiomeSourceParameterList$Preset
[16Oct2025 22:14:15.900] [main/DEBUG] [mixin/]: Mixing NoiseGeneratorSettingsMixin from citadel.mixins.json into net.minecraft.world.level.levelgen.NoiseGeneratorSettings
[16Oct2025 22:14:15.902] [main/DEBUG] [mixin/]: Mixing NoiseGeneratorSettingsMixin from vampirism.mixins.json into net.minecraft.world.level.levelgen.NoiseGeneratorSettings
[16Oct2025 22:14:16.147] [main/DEBUG] [net.minecraftforge.common.ForgeI18n/CORE]: Loading I18N data entries: 6430
[16Oct2025 22:14:16.167] [main/DEBUG] [net.minecraftforge.fml.ModWorkManager/LOADING]: Using 4 threads for parallel mod-loading
[16Oct2025 22:14:16.174] [main/DEBUG] [net.minecraftforge.fml.javafmlmod.FMLJavaModLanguageProvider/LOADING]: Loading FMLModContainer from classloader cpw.mods.modlauncher.TransformingClassLoader@4f327096 - got cpw.mods.cl.ModuleClassLoader@3d7fa3ae
[16Oct2025 22:14:16.174] [main/DEBUG] [net.minecraftforge.fml.javafmlmod.FMLModContainer/LOADING]: Creating FMLModContainer instance for de.maxhenkel.tradecycling.ForgeTradeCyclingMod
[16Oct2025 22:14:16.179] [main/DEBUG] [net.minecraftforge.fml.javafmlmod.FMLJavaModLanguageProvider/LOADING]: Loading FMLModContainer from classloader cpw.mods.modlauncher.TransformingClassLoader@4f327096 - got cpw.mods.cl.ModuleClassLoader@3d7fa3ae
[16Oct2025 22:14:16.179] [main/DEBUG] [net.minecraftforge.fml.javafmlmod.FMLModContainer/LOADING]: Creating FMLModContainer instance for com.cinemamod.mcef.ForgeMCEFMod
[16Oct2025 22:14:16.179] [main/DEBUG] [net.minecraftforge.fml.javafmlmod.FMLJavaModLanguageProvider/LOADING]: Loading FMLModContainer from classloader cpw.mods.modlauncher.TransformingClassLoader@4f327096 - got cpw.mods.cl.ModuleClassLoader@3d7fa3ae
[16Oct2025 22:14:16.179] [main/DEBUG] [net.minecraftforge.fml.javafmlmod.FMLModContainer/LOADING]: Creating FMLModContainer instance for software.bernie.example.GeckoLibMod
[16Oct2025 22:14:16.180] [main/DEBUG] [net.minecraftforge.fml.javafmlmod.FMLJavaModLanguageProvider/LOADING]: Loading FMLModContainer from classloader cpw.mods.modlauncher.TransformingClassLoader@4f327096 - got cpw.mods.cl.ModuleClassLoader@3d7fa3ae
[16Oct2025 22:14:16.180] [main/DEBUG] [net.minecraftforge.fml.javafmlmod.FMLModContainer/LOADING]: Creating FMLModContainer instance for dev.kosmx.playerAnim.forge.ForgeModInterface
[16Oct2025 22:14:16.180] [main/DEBUG] [net.minecraftforge.fml.javafmlmod.FMLJavaModLanguageProvider/LOADING]: Loading FMLModContainer from classloader cpw.mods.modlauncher.TransformingClassLoader@4f327096 - got cpw.mods.cl.ModuleClassLoader@3d7fa3ae
[16Oct2025 22:14:16.180] [main/DEBUG] [net.minecraftforge.fml.javafmlmod.FMLModContainer/LOADING]: Creating FMLModContainer instance for mezz.jei.forge.JustEnoughItems
[16Oct2025 22:14:16.181] [main/DEBUG] [net.minecraftforge.fml.javafmlmod.FMLJavaModLanguageProvider/LOADING]: Loading FMLModContainer from classloader cpw.mods.modlauncher.TransformingClassLoader@4f327096 - got cpw.mods.cl.ModuleClassLoader@3d7fa3ae
[16Oct2025 22:14:16.181] [main/DEBUG] [net.minecraftforge.fml.javafmlmod.FMLModContainer/LOADING]: Creating FMLModContainer instance for com.tacz.guns.GunMod
[16Oct2025 22:14:16.181] [main/DEBUG] [net.minecraftforge.fml.javafmlmod.FMLJavaModLanguageProvider/LOADING]: Loading FMLModContainer from classloader cpw.mods.modlauncher.TransformingClassLoader@4f327096 - got cpw.mods.cl.ModuleClassLoader@3d7fa3ae
[16Oct2025 22:14:16.182] [main/DEBUG] [net.minecraftforge.fml.javafmlmod.FMLModContainer/LOADING]: Creating FMLModContainer instance for top.theillusivec4.caelus.Caelus
[16Oct2025 22:14:16.182] [main/DEBUG] [net.minecraftforge.fml.javafmlmod.FMLJavaModLanguageProvider/LOADING]: Loading FMLModContainer from classloader cpw.mods.modlauncher.TransformingClassLoader@4f327096 - got cpw.mods.cl.ModuleClassLoader@3d7fa3ae
[16Oct2025 22:14:16.182] [main/DEBUG] [net.minecraftforge.fml.javafmlmod.FMLModContainer/LOADING]: Creating FMLModContainer instance for net.p3pp3rf1y.sophisticatedcore.SophisticatedCore
[16Oct2025 22:14:16.183] [main/DEBUG] [net.minecraftforge.fml.javafmlmod.FMLJavaModLanguageProvider/LOADING]: Loading FMLModContainer from classloader cpw.mods.modlauncher.TransformingClassLoader@4f327096 - got cpw.mods.cl.ModuleClassLoader@3d7fa3ae
[16Oct2025 22:14:16.183] [main/DEBUG] [net.minecraftforge.fml.javafmlmod.FMLModContainer/LOADING]: Creating FMLModContainer instance for top.theillusivec4.curios.Curios
[16Oct2025 22:14:16.183] [main/DEBUG] [net.minecraftforge.fml.javafmlmod.FMLJavaModLanguageProvider/LOADING]: Loading FMLModContainer from classloader cpw.mods.modlauncher.TransformingClassLoader@4f327096 - got cpw.mods.cl.ModuleClassLoader@3d7fa3ae
[16Oct2025 22:14:16.184] [main/DEBUG] [net.minecraftforge.fml.javafmlmod.FMLModContainer/LOADING]: Creating FMLModContainer instance for com.github.alexthe666.citadel.Citadel
[16Oct2025 22:14:16.185] [main/DEBUG] [net.minecraftforge.fml.javafmlmod.FMLJavaModLanguageProvider/LOADING]: Loading FMLModContainer from classloader cpw.mods.modlauncher.TransformingClassLoader@4f327096 - got cpw.mods.cl.ModuleClassLoader@3d7fa3ae
[16Oct2025 22:14:16.185] [main/DEBUG] [net.minecraftforge.fml.javafmlmod.FMLModContainer/LOADING]: Creating FMLModContainer instance for com.github.alexmodguy.alexscaves.AlexsCaves
[16Oct2025 22:14:16.186] [main/DEBUG] [net.minecraftforge.fml.javafmlmod.FMLJavaModLanguageProvider/LOADING]: Loading FMLModContainer from classloader cpw.mods.modlauncher.TransformingClassLoader@4f327096 - got cpw.mods.cl.ModuleClassLoader@3d7fa3ae
[16Oct2025 22:14:16.186] [main/DEBUG] [net.minecraftforge.fml.javafmlmod.FMLModContainer/LOADING]: Creating FMLModContainer instance for io.redspace.ironsspellbooks.IronsSpellbooks
[16Oct2025 22:14:16.187] [main/DEBUG] [net.minecraftforge.fml.javafmlmod.FMLJavaModLanguageProvider/LOADING]: Loading FMLModContainer from classloader cpw.mods.modlauncher.TransformingClassLoader@4f327096 - got cpw.mods.cl.ModuleClassLoader@3d7fa3ae
[16Oct2025 22:14:16.187] [main/DEBUG] [net.minecraftforge.fml.javafmlmod.FMLModContainer/LOADING]: Creating FMLModContainer instance for com.llamalad7.mixinextras.platform.forge.MixinExtrasMod
[16Oct2025 22:14:16.187] [main/DEBUG] [net.minecraftforge.fml.javafmlmod.FMLJavaModLanguageProvider/LOADING]: Loading FMLModContainer from classloader cpw.mods.modlauncher.TransformingClassLoader@4f327096 - got cpw.mods.cl.ModuleClassLoader@3d7fa3ae
[16Oct2025 22:14:16.188] [main/DEBUG] [net.minecraftforge.fml.javafmlmod.FMLModContainer/LOADING]: Creating FMLModContainer instance for ovh.corail.tombstone.ModTombstone
[16Oct2025 22:14:16.188] [main/DEBUG] [net.minecraftforge.fml.javafmlmod.FMLJavaModLanguageProvider/LOADING]: Loading FMLModContainer from classloader cpw.mods.modlauncher.TransformingClassLoader@4f327096 - got cpw.mods.cl.ModuleClassLoader@3d7fa3ae
[16Oct2025 22:14:16.188] [main/DEBUG] [net.minecraftforge.fml.javafmlmod.FMLModContainer/LOADING]: Creating FMLModContainer instance for net.p3pp3rf1y.sophisticatedbackpacks.SophisticatedBackpacks
[16Oct2025 22:14:16.189] [main/DEBUG] [net.minecraftforge.fml.javafmlmod.FMLJavaModLanguageProvider/LOADING]: Loading FMLModContainer from classloader cpw.mods.modlauncher.TransformingClassLoader@4f327096 - got cpw.mods.cl.ModuleClassLoader@3d7fa3ae
[16Oct2025 22:14:16.189] [main/DEBUG] [net.minecraftforge.fml.javafmlmod.FMLModContainer/LOADING]: Creating FMLModContainer instance for com.corosus.coroutil.loader.forge.ConfigModForge
[16Oct2025 22:14:16.190] [main/DEBUG] [net.minecraftforge.fml.javafmlmod.FMLJavaModLanguageProvider/LOADING]: Loading FMLModContainer from classloader cpw.mods.modlauncher.TransformingClassLoader@4f327096 - got cpw.mods.cl.ModuleClassLoader@3d7fa3ae
[16Oct2025 22:14:16.190] [main/DEBUG] [net.minecraftforge.fml.javafmlmod.FMLModContainer/LOADING]: Creating FMLModContainer instance for dev.architectury.forge.ArchitecturyForge
[16Oct2025 22:14:16.190] [main/DEBUG] [net.minecraftforge.fml.javafmlmod.FMLJavaModLanguageProvider/LOADING]: Loading FMLModContainer from classloader cpw.mods.modlauncher.TransformingClassLoader@4f327096 - got cpw.mods.cl.ModuleClassLoader@3d7fa3ae
[16Oct2025 22:14:16.190] [main/DEBUG] [net.minecraftforge.fml.javafmlmod.FMLModContainer/LOADING]: Creating FMLModContainer instance for it.hurts.octostudios.octolib.forge.OctoLibForge
[16Oct2025 22:14:16.190] [main/DEBUG] [net.minecraftforge.fml.javafmlmod.FMLJavaModLanguageProvider/LOADING]: Loading FMLModContainer from classloader cpw.mods.modlauncher.TransformingClassLoader@4f327096 - got cpw.mods.cl.ModuleClassLoader@3d7fa3ae
[16Oct2025 22:14:16.190] [main/DEBUG] [net.minecraftforge.fml.javafmlmod.FMLModContainer/LOADING]: Creating FMLModContainer instance for de.teamlapen.vampirism.VampirismMod
[16Oct2025 22:14:16.191] [main/DEBUG] [net.minecraftforge.fml.javafmlmod.FMLJavaModLanguageProvider/LOADING]: Loading FMLModContainer from classloader cpw.mods.modlauncher.TransformingClassLoader@4f327096 - got cpw.mods.cl.ModuleClassLoader@3d7fa3ae
[16Oct2025 22:14:16.192] [main/DEBUG] [net.minecraftforge.fml.javafmlmod.FMLModContainer/LOADING]: Creating FMLModContainer instance for de.teamlapen.lib.VampLib
[16Oct2025 22:14:16.192] [main/DEBUG] [net.minecraftforge.fml.javafmlmod.FMLJavaModLanguageProvider/LOADING]: Loading FMLModContainer from classloader cpw.mods.modlauncher.TransformingClassLoader@4f327096 - got cpw.mods.cl.ModuleClassLoader@3d7fa3ae
[16Oct2025 22:14:16.192] [main/DEBUG] [net.minecraftforge.fml.javafmlmod.FMLModContainer/LOADING]: Creating FMLModContainer instance for com.github.alexthe666.iceandfire.IceAndFire
[16Oct2025 22:14:16.193] [main/DEBUG] [net.minecraftforge.fml.javafmlmod.FMLJavaModLanguageProvider/LOADING]: Loading FMLModContainer from classloader cpw.mods.modlauncher.TransformingClassLoader@4f327096 - got cpw.mods.cl.ModuleClassLoader@3d7fa3ae
[16Oct2025 22:14:16.193] [main/DEBUG] [net.minecraftforge.fml.javafmlmod.FMLModContainer/LOADING]: Creating FMLModContainer instance for net.mcreator.crucifix.CrucifixMod
[16Oct2025 22:14:16.194] [main/DEBUG] [net.minecraftforge.fml.javafmlmod.FMLJavaModLanguageProvider/LOADING]: Loading FMLModContainer from classloader cpw.mods.modlauncher.TransformingClassLoader@4f327096 - got cpw.mods.cl.ModuleClassLoader@3d7fa3ae
[16Oct2025 22:14:16.194] [main/DEBUG] [net.minecraftforge.fml.javafmlmod.FMLModContainer/LOADING]: Creating FMLModContainer instance for com.corosus.watut.loader.forge.WatutModForge
[16Oct2025 22:14:16.195] [main/DEBUG] [net.minecraftforge.fml.javafmlmod.FMLJavaModLanguageProvider/LOADING]: Loading FMLModContainer from classloader cpw.mods.modlauncher.TransformingClassLoader@4f327096 - got cpw.mods.cl.ModuleClassLoader@3d7fa3ae
[16Oct2025 22:14:16.195] [main/DEBUG] [net.minecraftforge.fml.javafmlmod.FMLModContainer/LOADING]: Creating FMLModContainer instance for net.minecraftforge.common.ForgeMod
[16Oct2025 22:14:16.197] [main/DEBUG] [net.minecraftforge.fml.javafmlmod.FMLJavaModLanguageProvider/LOADING]: Loading FMLModContainer from classloader cpw.mods.modlauncher.TransformingClassLoader@4f327096 - got cpw.mods.cl.ModuleClassLoader@3d7fa3ae
[16Oct2025 22:14:16.197] [main/DEBUG] [net.minecraftforge.fml.javafmlmod.FMLModContainer/LOADING]: Creating FMLModContainer instance for net.montoyo.wd.WebDisplays
[16Oct2025 22:14:16.198] [main/DEBUG] [net.minecraftforge.fml.javafmlmod.FMLJavaModLanguageProvider/LOADING]: Loading FMLModContainer from classloader cpw.mods.modlauncher.TransformingClassLoader@4f327096 - got cpw.mods.cl.ModuleClassLoader@3d7fa3ae
[16Oct2025 22:14:16.198] [main/DEBUG] [net.minecraftforge.fml.javafmlmod.FMLModContainer/LOADING]: Creating FMLModContainer instance for com.chaosthedude.endermail.EnderMail
[16Oct2025 22:14:16.213] [modloading-worker-0/DEBUG] [net.minecraftforge.fml.javafmlmod.AutomaticEventSubscriber/LOADING]: Attempting to inject @EventBusSubscriber classes into the eventbus for playeranimator
[16Oct2025 22:14:16.218] [modloading-worker-0/DEBUG] [net.minecraftforge.fml.javafmlmod.AutomaticEventSubscriber/LOADING]: Attempting to inject @EventBusSubscriber classes into the eventbus for trade_cycling
[16Oct2025 22:14:16.222] [modloading-worker-0/DEBUG] [net.minecraftforge.fml.javafmlmod.AutomaticEventSubscriber/LOADING]: Attempting to inject @EventBusSubscriber classes into the eventbus for mcef
[16Oct2025 22:14:16.225] [modloading-worker-0/DEBUG] [mixin/]: Mixing MixinCaelusApi from caelus.mixins.json into top.theillusivec4.caelus.api.CaelusApi
[16Oct2025 22:14:16.254] [modloading-worker-0/DEBUG] [net.minecraftforge.fml.config.ConfigTracker/CONFIG]: Config file tacz-common.toml for tacz tracking
[16Oct2025 22:14:16.254] [modloading-worker-0/DEBUG] [net.minecraftforge.fml.javafmlmod.AutomaticEventSubscriber/LOADING]: Attempting to inject @EventBusSubscriber classes into the eventbus for caelus
[16Oct2025 22:14:16.256] [modloading-worker-0/DEBUG] [net.minecraftforge.fml.config.ConfigTracker/CONFIG]: Config file jei-server.toml for jei tracking
[16Oct2025 22:14:16.257] [modloading-worker-0/DEBUG] [net.minecraftforge.fml.config.ConfigTracker/CONFIG]: Config file tacz-server.toml for tacz tracking
[16Oct2025 22:14:16.260] [modloading-worker-0/DEBUG] [net.minecraftforge.fml.javafmlmod.AutomaticEventSubscriber/LOADING]: Attempting to inject @EventBusSubscriber classes into the eventbus for jei
[16Oct2025 22:14:16.263] [modloading-worker-0/DEBUG] [net.minecraftforge.fml.config.ConfigTracker/CONFIG]: Config file tacz-client.toml for tacz tracking
[16Oct2025 22:14:16.267] [modloading-worker-0/DEBUG] [net.minecraftforge.fml.config.ConfigTracker/CONFIG]: Config file sophisticatedcore-common.toml for sophisticatedcore tracking
[16Oct2025 22:14:16.270] [modloading-worker-0/DEBUG] [net.minecraftforge.fml.config.ConfigTracker/CONFIG]: Config file sophisticatedcore-client.toml for sophisticatedcore tracking
[16Oct2025 22:14:16.271] [modloading-worker-0/DEBUG] [mixin/]: Mixing ReloadableServerResourcesAccessor from vampirism.mixins.json into net.minecraft.server.ReloadableServerResources
[16Oct2025 22:14:16.275] [modloading-worker-0/DEBUG] [net.minecraftforge.fml.javafmlmod.AutomaticEventSubscriber/LOADING]: Attempting to inject @EventBusSubscriber classes into the eventbus for geckolib
[16Oct2025 22:14:16.275] [modloading-worker-0/DEBUG] [net.minecraftforge.fml.javafmlmod.AutomaticEventSubscriber/LOADING]: Auto-subscribing software.bernie.example.GeckoLibMod to FORGE
[16Oct2025 22:14:16.275] [modloading-worker-0/DEBUG] [net.minecraftforge.fml.javafmlmod.AutomaticEventSubscriber/LOADING]: Auto-subscribing software.bernie.example.CommonListener to MOD
[16Oct2025 22:14:16.277] [modloading-worker-0/DEBUG] [net.minecraftforge.fml.config.ConfigTracker/CONFIG]: Config file curios-client.toml for curios tracking
[16Oct2025 22:14:16.285] [modloading-worker-0/DEBUG] [net.minecraftforge.fml.config.ConfigTracker/CONFIG]: Config file curios-common.toml for curios tracking
[16Oct2025 22:14:16.285] [modloading-worker-0/DEBUG] [net.minecraftforge.fml.config.ConfigTracker/CONFIG]: Config file curios-server.toml for curios tracking
[16Oct2025 22:14:16.285] [modloading-worker-0/DEBUG] [net.minecraftforge.fml.javafmlmod.AutomaticEventSubscriber/LOADING]: Attempting to inject @EventBusSubscriber classes into the eventbus for curios
[16Oct2025 22:14:16.294] [modloading-worker-0/DEBUG] [net.minecraftforge.fml.config.ConfigTracker/CONFIG]: Config file alexscaves-general.toml for alexscaves tracking
[16Oct2025 22:14:16.296] [modloading-worker-0/DEBUG] [net.minecraftforge.fml.config.ConfigTracker/CONFIG]: Config file alexscaves-client.toml for alexscaves tracking
[16Oct2025 22:14:16.301] [modloading-worker-0/DEBUG] [mixin/]: Mixing RecipeManagerAccessor from vampirism.mixins.json into net.minecraft.world.item.crafting.RecipeManager
[16Oct2025 22:14:16.308] [modloading-worker-0/DEBUG] [net.minecraftforge.fml.config.ConfigTracker/CONFIG]: Config file citadel-common.toml for citadel tracking
[16Oct2025 22:14:16.315] [modloading-worker-0/DEBUG] [net.minecraftforge.fml.javafmlmod.AutomaticEventSubscriber/LOADING]: Attempting to inject @EventBusSubscriber classes into the eventbus for citadel
[16Oct2025 22:14:16.315] [modloading-worker-0/DEBUG] [mixin/]: Mixing MixinLevelEvent from architectury.mixins.json into net.minecraftforge.event.level.LevelEvent
[16Oct2025 22:14:16.315] [modloading-worker-0/DEBUG] [net.minecraftforge.fml.javafmlmod.AutomaticEventSubscriber/LOADING]: Auto-subscribing com.github.alexthe666.citadel.ServerProxy to MOD
[16Oct2025 22:14:16.346] [modloading-worker-0/DEBUG] [net.minecraftforge.fml.javafmlmod.AutomaticEventSubscriber/LOADING]: Attempting to inject @EventBusSubscriber classes into the eventbus for sophisticatedcore
[16Oct2025 22:14:16.347] [modloading-worker-0/DEBUG] [net.minecraftforge.fml.javafmlmod.AutomaticEventSubscriber/LOADING]: Attempting to inject @EventBusSubscriber classes into the eventbus for mixinextras
[16Oct2025 22:14:16.398] [modloading-worker-0/DEBUG] [net.minecraftforge.fml.config.ConfigTracker/CONFIG]: Config file tombstone-client.toml for tombstone tracking
[16Oct2025 22:14:16.398] [modloading-worker-0/DEBUG] [net.minecraftforge.fml.config.ConfigTracker/CONFIG]: Config file tombstone-common.toml for tombstone tracking
[16Oct2025 22:14:16.411] [modloading-worker-0/DEBUG] [net.minecraftforge.fml.config.ConfigTracker/CONFIG]: Config file tombstone-server.toml for tombstone tracking
[16Oct2025 22:14:16.415] [modloading-worker-0/DEBUG] [net.minecraftforge.fml.javafmlmod.AutomaticEventSubscriber/LOADING]: Attempting to inject @EventBusSubscriber classes into the eventbus for tombstone
[16Oct2025 22:14:16.416] [modloading-worker-0/DEBUG] [net.minecraftforge.fml.javafmlmod.AutomaticEventSubscriber/LOADING]: Auto-subscribing ovh.corail.tombstone.registry.Registration to MOD
[16Oct2025 22:14:16.421] [modloading-worker-0/DEBUG] [net.minecraftforge.fml.javafmlmod.AutomaticEventSubscriber/LOADING]: Auto-subscribing ovh.corail.tombstone.perk.PerkRegistry to MOD
[16Oct2025 22:14:16.423] [modloading-worker-0/DEBUG] [net.minecraftforge.fml.javafmlmod.AutomaticEventSubscriber/LOADING]: Auto-subscribing ovh.corail.tombstone.helper.PlacedBlocksTracker$PlacedBlocksEvents to FORGE
[16Oct2025 22:14:16.430] [modloading-worker-0/DEBUG] [net.minecraftforge.fml.javafmlmod.AutomaticEventSubscriber/LOADING]: Auto-subscribing ovh.corail.tombstone.helper.LootHelper to FORGE
[16Oct2025 22:14:16.490] [modloading-worker-0/DEBUG] [mixin/]: Mixing LootTableAccessor from vampirism.mixins.json into net.minecraft.world.level.storage.loot.LootTable
[16Oct2025 22:14:16.497] [modloading-worker-0/DEBUG] [net.minecraftforge.fml.javafmlmod.AutomaticEventSubscriber/LOADING]: Auto-subscribing ovh.corail.tombstone.event.EventHandler to FORGE
[16Oct2025 22:14:16.655] [modloading-worker-0/DEBUG] [net.minecraftforge.fml.javafmlmod.AutomaticEventSubscriber/LOADING]: Attempting to inject @EventBusSubscriber classes into the eventbus for tacz
[16Oct2025 22:14:16.655] [modloading-worker-0/DEBUG] [net.minecraftforge.fml.javafmlmod.AutomaticEventSubscriber/LOADING]: Auto-subscribing com.tacz.guns.resource.CommonAssetsManager to FORGE
[16Oct2025 22:14:16.662] [modloading-worker-0/DEBUG] [net.minecraftforge.fml.javafmlmod.AutomaticEventSubscriber/LOADING]: Auto-subscribing ovh.corail.tombstone.config.ConfigTombstone$ConfigEvent to MOD
[16Oct2025 22:14:16.704] [modloading-worker-0/DEBUG] [net.minecraftforge.fml.javafmlmod.AutomaticEventSubscriber/LOADING]: Auto-subscribing com.tacz.guns.init.ModRecipe to MOD
[16Oct2025 22:14:16.704] [modloading-worker-0/DEBUG] [net.minecraftforge.fml.javafmlmod.AutomaticEventSubscriber/LOADING]: Auto-subscribing com.tacz.guns.init.ModItems to MOD
[16Oct2025 22:14:16.705] [modloading-worker-0/DEBUG] [net.minecraftforge.fml.javafmlmod.AutomaticEventSubscriber/LOADING]: Auto-subscribing com.tacz.guns.init.CompatRegistry to MOD
[16Oct2025 22:14:16.706] [modloading-worker-0/DEBUG] [net.minecraftforge.fml.javafmlmod.AutomaticEventSubscriber/LOADING]: Auto-subscribing com.tacz.guns.init.CommonRegistry to MOD
[16Oct2025 22:14:16.718] [modloading-worker-0/DEBUG] [net.minecraftforge.fml.javafmlmod.AutomaticEventSubscriber/LOADING]: Auto-subscribing com.tacz.guns.init.CommandRegistry to FORGE
[16Oct2025 22:14:16.719] [modloading-worker-0/DEBUG] [net.minecraftforge.fml.javafmlmod.AutomaticEventSubscriber/LOADING]: Auto-subscribing com.tacz.guns.init.CapabilityRegistry to MOD
[16Oct2025 22:14:16.720] [modloading-worker-0/DEBUG] [net.minecraftforge.fml.javafmlmod.AutomaticEventSubscriber/LOADING]: Auto-subscribing com.tacz.guns.event.TravelToDimensionEvent to FORGE
[16Oct2025 22:14:16.724] [modloading-worker-0/DEBUG] [net.minecraftforge.fml.javafmlmod.AutomaticEventSubscriber/LOADING]: Auto-subscribing com.tacz.guns.event.SyncedEntityDataEvent to FORGE
[16Oct2025 22:14:16.729] [modloading-worker-0/DEBUG] [net.minecraftforge.fml.javafmlmod.AutomaticEventSubscriber/LOADING]: Auto-subscribing com.tacz.guns.event.SyncBaseTimestamp to FORGE
[16Oct2025 22:14:16.736] [modloading-worker-0/DEBUG] [net.minecraftforge.fml.javafmlmod.AutomaticEventSubscriber/LOADING]: Auto-subscribing com.tacz.guns.event.ServerTickEvent to FORGE
[16Oct2025 22:14:16.737] [modloading-worker-0/DEBUG] [net.minecraftforge.fml.javafmlmod.AutomaticEventSubscriber/LOADING]: Auto-subscribing com.tacz.guns.event.PreventGunClick to FORGE
[16Oct2025 22:14:16.738] [modloading-worker-0/DEBUG] [net.minecraftforge.fml.javafmlmod.AutomaticEventSubscriber/LOADING]: Auto-subscribing com.tacz.guns.event.PlayerRespawnEvent to FORGE
[16Oct2025 22:14:16.743] [modloading-worker-0/DEBUG] [net.minecraftforge.fml.javafmlmod.AutomaticEventSubscriber/LOADING]: Auto-subscribing com.tacz.guns.event.LoadingConfigEvent to MOD
[16Oct2025 22:14:16.745] [modloading-worker-0/DEBUG] [net.minecraftforge.fml.javafmlmod.AutomaticEventSubscriber/LOADING]: Auto-subscribing com.tacz.guns.event.KnockbackChange to FORGE
[16Oct2025 22:14:16.747] [modloading-worker-0/DEBUG] [net.minecraftforge.fml.javafmlmod.AutomaticEventSubscriber/LOADING]: Auto-subscribing com.tacz.guns.event.HitboxHelperEvent to FORGE
[16Oct2025 22:14:16.748] [modloading-worker-0/DEBUG] [net.minecraftforge.fml.javafmlmod.AutomaticEventSubscriber/LOADING]: Auto-subscribing com.tacz.guns.event.EntityDamageEvent to FORGE
[16Oct2025 22:14:16.750] [modloading-worker-0/DEBUG] [net.minecraftforge.fml.javafmlmod.AutomaticEventSubscriber/LOADING]: Auto-subscribing com.tacz.guns.event.CommonLoadPack to MOD
[16Oct2025 22:14:16.753] [modloading-worker-0/DEBUG] [net.minecraftforge.fml.config.ConfigTracker/CONFIG]: Config file sophisticatedbackpacks-server.toml for sophisticatedbackpacks tracking
[16Oct2025 22:14:16.753] [modloading-worker-0/DEBUG] [net.minecraftforge.fml.config.ConfigTracker/CONFIG]: Config file sophisticatedbackpacks-common.toml for sophisticatedbackpacks tracking
[16Oct2025 22:14:16.753] [modloading-worker-0/DEBUG] [net.minecraftforge.fml.javafmlmod.AutomaticEventSubscriber/LOADING]: Auto-subscribing com.tacz.guns.event.ammo.DestroyGlassBlock to FORGE
[16Oct2025 22:14:16.761] [modloading-worker-0/DEBUG] [net.minecraftforge.fml.javafmlmod.AutomaticEventSubscriber/LOADING]: Auto-subscribing com.tacz.guns.event.ammo.BellRing to FORGE
[16Oct2025 22:14:16.762] [modloading-worker-0/DEBUG] [net.minecraftforge.fml.javafmlmod.AutomaticEventSubscriber/LOADING]: Auto-subscribing com.tacz.guns.client.event.TooltipEvent to FORGE
[16Oct2025 22:14:16.789] [modloading-worker-0/INFO] [coroutil/]: forge loader environment detected
[16Oct2025 22:14:16.814] [modloading-worker-0/DEBUG] [net.minecraftforge.fml.config.ConfigTracker/CONFIG]: Config file CoroUtil/General.toml for coroutil tracking
[16Oct2025 22:14:16.816] [modloading-worker-0/DEBUG] [net.minecraftforge.fml.javafmlmod.AutomaticEventSubscriber/LOADING]: Attempting to inject @EventBusSubscriber classes into the eventbus for coroutil
[16Oct2025 22:14:16.901] [modloading-worker-0/DEBUG] [net.minecraftforge.fml.javafmlmod.AutomaticEventSubscriber/LOADING]: Attempting to inject @EventBusSubscriber classes into the eventbus for architectury
[16Oct2025 22:14:16.905] [modloading-worker-0/DEBUG] [net.minecraftforge.fml.javafmlmod.AutomaticEventSubscriber/LOADING]: Auto-subscribing dev.architectury.registry.level.entity.trade.forge.TradeRegistryImpl to FORGE
[16Oct2025 22:14:16.910] [modloading-worker-0/DEBUG] [net.minecraftforge.fml.javafmlmod.AutomaticEventSubscriber/LOADING]: Auto-subscribing dev.architectury.registry.forge.ReloadListenerRegistryImpl to FORGE
[16Oct2025 22:14:16.911] [modloading-worker-0/DEBUG] [net.minecraftforge.fml.javafmlmod.AutomaticEventSubscriber/LOADING]: Auto-subscribing dev.architectury.networking.forge.NetworkManagerImpl to FORGE
[16Oct2025 22:14:16.922] [modloading-worker-0/INFO] [dev.architectury.networking.forge.NetworkManagerImpl/]: Registering C2S receiver with id architectury:sync_ids
[16Oct2025 22:14:16.950] [modloading-worker-0/DEBUG] [net.minecraftforge.fml.javafmlmod.AutomaticEventSubscriber/LOADING]: Attempting to inject @EventBusSubscriber classes into the eventbus for octolib
[16Oct2025 22:14:16.969] [modloading-worker-0/DEBUG] [net.minecraftforge.fml.config.ConfigTracker/CONFIG]: Config file irons_spellbooks-client.toml for irons_spellbooks tracking
[16Oct2025 22:14:16.986] [modloading-worker-0/DEBUG] [net.minecraftforge.fml.javafmlmod.AutomaticEventSubscriber/LOADING]: Attempting to inject @EventBusSubscriber classes into the eventbus for sophisticatedbackpacks
[16Oct2025 22:14:17.012] [modloading-worker-0/DEBUG] [net.minecraftforge.fml.javafmlmod.AutomaticEventSubscriber/LOADING]: Attempting to inject @EventBusSubscriber classes into the eventbus for teamlapenlib
[16Oct2025 22:14:17.016] [modloading-worker-0/DEBUG] [net.minecraftforge.fml.config.ConfigTracker/CONFIG]: Config file irons_spellbooks-server.toml for irons_spellbooks tracking
[16Oct2025 22:14:17.022] [modloading-worker-0/DEBUG] [net.minecraftforge.fml.javafmlmod.AutomaticEventSubscriber/LOADING]: Attempting to inject @EventBusSubscriber classes into the eventbus for irons_spellbooks
[16Oct2025 22:14:17.024] [modloading-worker-0/DEBUG] [net.minecraftforge.fml.javafmlmod.AutomaticEventSubscriber/LOADING]: Auto-subscribing io.redspace.ironsspellbooks.worldgen.VillageAddition to FORGE
[16Oct2025 22:14:17.025] [modloading-worker-0/DEBUG] [net.minecraftforge.fml.javafmlmod.AutomaticEventSubscriber/LOADING]: Auto-subscribing io.redspace.ironsspellbooks.setup.DataHandling to FORGE
[16Oct2025 22:14:17.027] [modloading-worker-0/DEBUG] [net.minecraftforge.fml.javafmlmod.AutomaticEventSubscriber/LOADING]: Auto-subscribing io.redspace.ironsspellbooks.setup.CommonSetup to MOD
[16Oct2025 22:14:17.038] [modloading-worker-0/DEBUG] [net.minecraftforge.fml.javafmlmod.AutomaticEventSubscriber/LOADING]: Auto-subscribing io.redspace.ironsspellbooks.registries.CreativeTabRegistry to MOD
[16Oct2025 22:14:17.042] [modloading-worker-0/DEBUG] [net.minecraftforge.fml.config.ConfigTracker/CONFIG]: Config file iceandfire-client.toml for iceandfire tracking
[16Oct2025 22:14:17.043] [modloading-worker-0/DEBUG] [net.minecraftforge.fml.config.ConfigTracker/CONFIG]: Config file iceandfire-common.toml for iceandfire tracking
[16Oct2025 22:14:17.043] [modloading-worker-0/DEBUG] [net.minecraftforge.fml.javafmlmod.AutomaticEventSubscriber/LOADING]: Auto-subscribing io.redspace.ironsspellbooks.registries.CommandRegistry to FORGE
[16Oct2025 22:14:17.044] [modloading-worker-0/DEBUG] [net.minecraftforge.fml.javafmlmod.AutomaticEventSubscriber/LOADING]: Auto-subscribing io.redspace.ironsspellbooks.player.ServerPlayerEvents to FORGE
[16Oct2025 22:14:17.048] [modloading-worker-0/INFO] [de.teamlapen.vampirism.config.BalanceConfig/]: IceAndFire is loaded -> Adjusting default fire related configuration.
[16Oct2025 22:14:17.084] [modloading-worker-0/DEBUG] [net.minecraftforge.fml.javafmlmod.AutomaticEventSubscriber/LOADING]: Auto-subscribing io.redspace.ironsspellbooks.player.AdditionalWanderingTrades to FORGE
[16Oct2025 22:14:17.088] [modloading-worker-0/DEBUG] [net.minecraftforge.fml.javafmlmod.AutomaticEventSubscriber/LOADING]: Auto-subscribing io.redspace.ironsspellbooks.loot.LootDebugEvents to FORGE
[16Oct2025 22:14:17.089] [modloading-worker-0/DEBUG] [net.minecraftforge.fml.javafmlmod.AutomaticEventSubscriber/LOADING]: Auto-subscribing io.redspace.ironsspellbooks.entity.mobs.wizards.WizardAIEvents to FORGE
[16Oct2025 22:14:17.097] [modloading-worker-0/DEBUG] [net.minecraftforge.fml.javafmlmod.AutomaticEventSubscriber/LOADING]: Auto-subscribing io.redspace.ironsspellbooks.effect.guiding_bolt.GuidingBoltManager to FORGE
[16Oct2025 22:14:17.102] [modloading-worker-0/DEBUG] [net.minecraftforge.fml.javafmlmod.AutomaticEventSubscriber/LOADING]: Auto-subscribing io.redspace.ironsspellbooks.effect.ThunderstormEffect to FORGE
[16Oct2025 22:14:17.104] [modloading-worker-0/DEBUG] [net.minecraftforge.fml.javafmlmod.AutomaticEventSubscriber/LOADING]: Auto-subscribing io.redspace.ironsspellbooks.effect.OakskinEffect to FORGE
[16Oct2025 22:14:17.105] [modloading-worker-0/DEBUG] [net.minecraftforge.fml.javafmlmod.AutomaticEventSubscriber/LOADING]: Auto-subscribing io.redspace.ironsspellbooks.effect.GluttonyEffect to FORGE
[16Oct2025 22:14:17.109] [modloading-worker-0/DEBUG] [net.minecraftforge.fml.javafmlmod.AutomaticEventSubscriber/LOADING]: Auto-subscribing io.redspace.ironsspellbooks.effect.EchoingStrikesEffect to FORGE
[16Oct2025 22:14:17.113] [modloading-worker-0/DEBUG] [net.minecraftforge.fml.javafmlmod.AutomaticEventSubscriber/LOADING]: Auto-subscribing io.redspace.ironsspellbooks.effect.BlightEffect to FORGE
[16Oct2025 22:14:17.114] [modloading-worker-0/DEBUG] [net.minecraftforge.fml.javafmlmod.AutomaticEventSubscriber/LOADING]: Auto-subscribing io.redspace.ironsspellbooks.datagen.DataGenerators to MOD
[16Oct2025 22:14:17.117] [modloading-worker-0/DEBUG] [net.minecraftforge.fml.javafmlmod.AutomaticEventSubscriber/LOADING]: Auto-subscribing io.redspace.ironsspellbooks.damage.DamageSources to FORGE
[16Oct2025 22:14:17.119] [modloading-worker-0/DEBUG] [net.minecraftforge.fml.javafmlmod.AutomaticEventSubscriber/LOADING]: Auto-subscribing io.redspace.ironsspellbooks.api.util.CameraShakeManager to FORGE
[16Oct2025 22:14:17.120] [modloading-worker-0/DEBUG] [net.minecraftforge.fml.javafmlmod.AutomaticEventSubscriber/LOADING]: Auto-subscribing io.redspace.ironsspellbooks.api.registry.AttributeRegistry to MOD
[16Oct2025 22:14:17.167] [modloading-worker-0/DEBUG] [net.minecraftforge.fml.javafmlmod.AutomaticEventSubscriber/LOADING]: Attempting to inject @EventBusSubscriber classes into the eventbus for crucifix
[16Oct2025 22:14:17.170] [modloading-worker-0/DEBUG] [net.minecraftforge.fml.javafmlmod.AutomaticEventSubscriber/LOADING]: Auto-subscribing net.mcreator.crucifix.world.inventory.LocatorGUIMenu$LocatorGUIOtherMessage to MOD
[16Oct2025 22:14:17.173] [modloading-worker-0/DEBUG] [net.minecraftforge.fml.javafmlmod.AutomaticEventSubscriber/LOADING]: Auto-subscribing net.mcreator.crucifix.procedures.ZombieOnTickProcedure to FORGE
[16Oct2025 22:14:17.174] [modloading-worker-0/DEBUG] [net.minecraftforge.fml.javafmlmod.AutomaticEventSubscriber/LOADING]: Auto-subscribing net.mcreator.crucifix.procedures.WitherSkeletonOnTickProcedure to FORGE
[16Oct2025 22:14:17.175] [modloading-worker-0/DEBUG] [net.minecraftforge.fml.javafmlmod.AutomaticEventSubscriber/LOADING]: Auto-subscribing net.mcreator.crucifix.procedures.WitherOnTickProcedure to FORGE
[16Oct2025 22:14:17.176] [modloading-worker-0/DEBUG] [net.minecraftforge.fml.javafmlmod.AutomaticEventSubscriber/LOADING]: Auto-subscribing net.mcreator.crucifix.procedures.WardenOnTickProcedure to FORGE
[16Oct2025 22:14:17.178] [modloading-worker-0/DEBUG] [net.minecraftforge.fml.javafmlmod.AutomaticEventSubscriber/LOADING]: Auto-subscribing net.mcreator.crucifix.procedures.VeteroSWEEPProcedure to FORGE
[16Oct2025 22:14:17.180] [modloading-worker-0/DEBUG] [net.minecraftforge.fml.javafmlmod.AutomaticEventSubscriber/LOADING]: Auto-subscribing net.mcreator.crucifix.procedures.SummonsrachProcedure to FORGE
[16Oct2025 22:14:17.182] [modloading-worker-0/DEBUG] [net.minecraftforge.fml.javafmlmod.AutomaticEventSubscriber/LOADING]: Auto-subscribing net.mcreator.crucifix.procedures.SpiderOnTickProcedure to FORGE
[16Oct2025 22:14:17.183] [modloading-worker-0/DEBUG] [net.minecraftforge.fml.javafmlmod.AutomaticEventSubscriber/LOADING]: Auto-subscribing net.mcreator.crucifix.procedures.SlowlyprogressProcedure to FORGE
[16Oct2025 22:14:17.185] [modloading-worker-0/DEBUG] [net.minecraftforge.fml.javafmlmod.AutomaticEventSubscriber/LOADING]: Auto-subscribing net.mcreator.crucifix.procedures.SkeletonOnTickProcedure to FORGE
[16Oct2025 22:14:17.186] [modloading-worker-0/DEBUG] [net.minecraftforge.fml.javafmlmod.AutomaticEventSubscriber/LOADING]: Auto-subscribing net.mcreator.crucifix.procedures.SilverFishOnTickProcedure to FORGE
[16Oct2025 22:14:17.187] [modloading-worker-0/DEBUG] [net.minecraftforge.fml.javafmlmod.AutomaticEventSubscriber/LOADING]: Auto-subscribing net.mcreator.crucifix.procedures.RunningbuffProcedure to FORGE
[16Oct2025 22:14:17.188] [modloading-worker-0/DEBUG] [net.minecraftforge.fml.javafmlmod.AutomaticEventSubscriber/LOADING]: Auto-subscribing net.mcreator.crucifix.procedures.RemoveWitherDmgProcedure to FORGE
[16Oct2025 22:14:17.189] [modloading-worker-0/DEBUG] [net.minecraftforge.fml.javafmlmod.AutomaticEventSubscriber/LOADING]: Auto-subscribing net.mcreator.crucifix.procedures.OnCompleteQuestsProcedure to FORGE
[16Oct2025 22:14:17.190] [modloading-worker-0/DEBUG] [net.minecraftforge.fml.javafmlmod.AutomaticEventSubscriber/LOADING]: Auto-subscribing net.mcreator.crucifix.procedures.NoCuchitProcedure to FORGE
[16Oct2025 22:14:17.191] [modloading-worker-0/DEBUG] [net.minecraftforge.fml.javafmlmod.AutomaticEventSubscriber/LOADING]: Auto-subscribing net.mcreator.crucifix.procedures.IronGolemOnTickProcedure to FORGE
[16Oct2025 22:14:17.193] [modloading-worker-0/DEBUG] [net.minecraftforge.fml.javafmlmod.AutomaticEventSubscriber/LOADING]: Auto-subscribing net.mcreator.crucifix.procedures.IfchatProcedure to FORGE
[16Oct2025 22:14:17.194] [modloading-worker-0/DEBUG] [net.minecraftforge.fml.javafmlmod.AutomaticEventSubscriber/LOADING]: Auto-subscribing net.mcreator.crucifix.procedures.GoldenCrucifixWhenGoldenCrucifixCrucifixEntityProcedure to FORGE
[16Oct2025 22:14:17.196] [modloading-worker-0/DEBUG] [net.minecraftforge.fml.javafmlmod.AutomaticEventSubscriber/LOADING]: Auto-subscribing net.mcreator.crucifix.procedures.GhastOnTickProcedure to FORGE
[16Oct2025 22:14:17.197] [modloading-worker-0/DEBUG] [net.minecraftforge.fml.javafmlmod.AutomaticEventSubscriber/LOADING]: Auto-subscribing net.mcreator.crucifix.procedures.GetthesrachtractProcedure to FORGE
[16Oct2025 22:14:17.200] [modloading-worker-0/DEBUG] [net.minecraftforge.fml.javafmlmod.AutomaticEventSubscriber/LOADING]: Auto-subscribing net.mcreator.crucifix.procedures.GenworldProcedure to FORGE
[16Oct2025 22:14:17.201] [modloading-worker-0/DEBUG] [net.minecraftforge.fml.javafmlmod.AutomaticEventSubscriber/LOADING]: Auto-subscribing net.mcreator.crucifix.procedures.GProcedure to FORGE
[16Oct2025 22:14:17.202] [modloading-worker-0/DEBUG] [net.minecraftforge.fml.javafmlmod.AutomaticEventSubscriber/LOADING]: Auto-subscribing net.mcreator.crucifix.procedures.FalldamageProcedure to FORGE
[16Oct2025 22:14:17.204] [modloading-worker-0/DEBUG] [net.minecraftforge.fml.javafmlmod.AutomaticEventSubscriber/LOADING]: Auto-subscribing net.mcreator.crucifix.procedures.EquipanimProcedure to FORGE
[16Oct2025 22:14:17.205] [modloading-worker-0/DEBUG] [net.minecraftforge.fml.javafmlmod.AutomaticEventSubscriber/LOADING]: Auto-subscribing net.mcreator.crucifix.procedures.EntityLessenDamageProcedure to FORGE
[16Oct2025 22:14:17.205] [modloading-worker-0/DEBUG] [net.minecraftforge.fml.javafmlmod.AutomaticEventSubscriber/LOADING]: Auto-subscribing net.mcreator.crucifix.procedures.EndermanOnTickProcedure to FORGE
[16Oct2025 22:14:17.206] [modloading-worker-0/DEBUG] [net.minecraftforge.fml.javafmlmod.AutomaticEventSubscriber/LOADING]: Auto-subscribing net.mcreator.crucifix.procedures.ElderGuardianOnTickProcedure to FORGE
[16Oct2025 22:14:17.208] [modloading-worker-0/DEBUG] [net.minecraftforge.fml.javafmlmod.AutomaticEventSubscriber/LOADING]: Auto-subscribing net.mcreator.crucifix.procedures.EggedlolProcedure to FORGE
[16Oct2025 22:14:17.209] [modloading-worker-0/DEBUG] [net.minecraftforge.fml.javafmlmod.AutomaticEventSubscriber/LOADING]: Auto-subscribing net.mcreator.crucifix.procedures.DudeHurtProcedure to FORGE
[16Oct2025 22:14:17.209] [modloading-worker-0/DEBUG] [net.minecraftforge.fml.javafmlmod.AutomaticEventSubscriber/LOADING]: Auto-subscribing net.mcreator.crucifix.procedures.CrusifixLivingEntityIsHitWithItemProcedure to FORGE
[16Oct2025 22:14:17.211] [modloading-worker-0/DEBUG] [net.minecraftforge.fml.javafmlmod.AutomaticEventSubscriber/LOADING]: Auto-subscribing net.mcreator.crucifix.procedures.CrucifixUnKillsomebodyandCrucifixSomethingProcedure to FORGE
[16Oct2025 22:14:17.213] [modloading-worker-0/DEBUG] [net.minecraftforge.fml.javafmlmod.AutomaticEventSubscriber/LOADING]: Auto-subscribing net.mcreator.crucifix.procedures.CrucifixAntiAllDamageProcedure to FORGE
[16Oct2025 22:14:17.214] [modloading-worker-0/DEBUG] [net.minecraftforge.fml.javafmlmod.AutomaticEventSubscriber/LOADING]: Auto-subscribing net.mcreator.crucifix.procedures.CreeperOnTickProcedure to FORGE
[16Oct2025 22:14:17.216] [modloading-worker-0/DEBUG] [net.minecraftforge.fml.javafmlmod.AutomaticEventSubscriber/LOADING]: Auto-subscribing net.mcreator.crucifix.procedures.CheckforstoneProcedure to FORGE
[16Oct2025 22:14:17.219] [modloading-worker-0/DEBUG] [net.minecraftforge.fml.javafmlmod.AutomaticEventSubscriber/LOADING]: Auto-subscribing net.mcreator.crucifix.procedures.CaveSpiderOnTickProcedure to FORGE
[16Oct2025 22:14:17.223] [modloading-worker-0/DEBUG] [net.minecraftforge.fml.javafmlmod.AutomaticEventSubscriber/LOADING]: Auto-subscribing net.mcreator.crucifix.procedures.CancelCheatingProcedure to FORGE
[16Oct2025 22:14:17.225] [modloading-worker-0/DEBUG] [net.minecraftforge.fml.javafmlmod.AutomaticEventSubscriber/LOADING]: Auto-subscribing net.mcreator.crucifix.procedures.BlazeOnTickProcedure to FORGE
[16Oct2025 22:14:17.228] [modloading-worker-0/DEBUG] [net.minecraftforge.fml.javafmlmod.AutomaticEventSubscriber/LOADING]: Auto-subscribing net.mcreator.crucifix.procedures.AxolotlOnTickProcedure to FORGE
[16Oct2025 22:14:17.229] [modloading-worker-0/DEBUG] [net.minecraftforge.fml.javafmlmod.AutomaticEventSubscriber/LOADING]: Auto-subscribing net.mcreator.crucifix.procedures.AutoBanishCreepersProcedure to FORGE
[16Oct2025 22:14:17.233] [modloading-worker-0/DEBUG] [net.minecraftforge.fml.javafmlmod.AutomaticEventSubscriber/LOADING]: Auto-subscribing net.mcreator.crucifix.procedures.AllayOnTickProcedure to FORGE
[16Oct2025 22:14:17.237] [modloading-worker-0/DEBUG] [net.minecraftforge.fml.javafmlmod.AutomaticEventSubscriber/LOADING]: Auto-subscribing net.mcreator.crucifix.network.MysteryBindMessage to MOD
[16Oct2025 22:14:17.238] [modloading-worker-0/DEBUG] [net.minecraftforge.fml.javafmlmod.AutomaticEventSubscriber/LOADING]: Auto-subscribing net.mcreator.crucifix.network.CrucifixModVariables to MOD
[16Oct2025 22:14:17.246] [modloading-worker-0/DEBUG] [net.minecraftforge.fml.javafmlmod.AutomaticEventSubscriber/LOADING]: Auto-subscribing net.mcreator.crucifix.network.CrucifixModVariables$PlayerVariablesProvider to FORGE
[16Oct2025 22:14:17.250] [modloading-worker-0/DEBUG] [net.minecraftforge.fml.javafmlmod.AutomaticEventSubscriber/LOADING]: Auto-subscribing net.mcreator.crucifix.network.CrucifixModVariables$EventBusVariableHandlers to FORGE
[16Oct2025 22:14:17.258] [modloading-worker-0/DEBUG] [net.minecraftforge.fml.javafmlmod.AutomaticEventSubscriber/LOADING]: Attempting to inject @EventBusSubscriber classes into the eventbus for alexscaves
[16Oct2025 22:14:17.258] [modloading-worker-0/DEBUG] [net.minecraftforge.fml.javafmlmod.AutomaticEventSubscriber/LOADING]: Auto-subscribing com.github.alexmodguy.alexscaves.server.entity.ACEntityRegistry to MOD
[16Oct2025 22:14:17.259] [modloading-worker-0/DEBUG] [net.minecraftforge.fml.javafmlmod.AutomaticEventSubscriber/LOADING]: Auto-subscribing net.mcreator.crucifix.network.AprilsroolsButtonMessage to MOD
[16Oct2025 22:14:17.263] [modloading-worker-0/DEBUG] [net.minecraftforge.fml.javafmlmod.AutomaticEventSubscriber/LOADING]: Auto-subscribing net.mcreator.crucifix.init.ItemAnimationFactory to FORGE
[16Oct2025 22:14:17.267] [modloading-worker-0/DEBUG] [net.minecraftforge.fml.javafmlmod.AutomaticEventSubscriber/LOADING]: Auto-subscribing net.mcreator.crucifix.init.EntityAnimationFactory to FORGE
[16Oct2025 22:14:17.268] [modloading-worker-0/DEBUG] [net.minecraftforge.fml.javafmlmod.AutomaticEventSubscriber/LOADING]: Auto-subscribing net.mcreator.crucifix.init.CrucifixModTrades to FORGE
[16Oct2025 22:14:17.269] [modloading-worker-0/DEBUG] [net.minecraftforge.fml.javafmlmod.AutomaticEventSubscriber/LOADING]: Auto-subscribing net.mcreator.crucifix.init.CrucifixModTabs to MOD
[16Oct2025 22:14:17.270] [modloading-worker-0/DEBUG] [net.minecraftforge.fml.javafmlmod.AutomaticEventSubscriber/LOADING]: Auto-subscribing net.mcreator.crucifix.init.CrucifixModMenus to MOD
[16Oct2025 22:14:17.270] [modloading-worker-0/DEBUG] [net.minecraftforge.fml.javafmlmod.AutomaticEventSubscriber/LOADING]: Auto-subscribing net.mcreator.crucifix.init.CrucifixModLootModifier to MOD
[16Oct2025 22:14:17.272] [modloading-worker-0/DEBUG] [net.minecraftforge.fml.javafmlmod.AutomaticEventSubscriber/LOADING]: Auto-subscribing net.mcreator.crucifix.init.CrucifixModEntities to MOD
[16Oct2025 22:14:17.273] [modloading-worker-0/DEBUG] [net.minecraftforge.fml.javafmlmod.AutomaticEventSubscriber/LOADING]: Auto-subscribing net.mcreator.crucifix.init.CrucifixModConfigs to MOD
[16Oct2025 22:14:17.274] [modloading-worker-0/DEBUG] [net.minecraftforge.fml.javafmlmod.AutomaticEventSubscriber/LOADING]: Auto-subscribing net.mcreator.crucifix.command.DialogeCommand to FORGE
[16Oct2025 22:14:17.275] [modloading-worker-0/DEBUG] [net.minecraftforge.fml.javafmlmod.AutomaticEventSubscriber/LOADING]: Auto-subscribing net.mcreator.crucifix.command.CrucifixCommand to FORGE
[16Oct2025 22:14:17.277] [modloading-worker-0/DEBUG] [net.minecraftforge.fml.javafmlmod.AutomaticEventSubscriber/LOADING]: Auto-subscribing net.mcreator.crucifix.command.ClearquestsCommand to FORGE
[16Oct2025 22:14:17.280] [modloading-worker-0/DEBUG] [net.minecraftforge.fml.config.ConfigTracker/CONFIG]: Config file watut-common.toml for watut tracking
[16Oct2025 22:14:17.292] [modloading-worker-0/DEBUG] [net.minecraftforge.versions.forge.ForgeVersion/CORE]: Forge Version package package net.minecraftforge.versions.forge, Forge, version 47.3 from cpw.mods.modlauncher.TransformingClassLoader@4f327096
[16Oct2025 22:14:17.292] [modloading-worker-0/DEBUG] [net.minecraftforge.versions.forge.ForgeVersion/CORE]: Found Forge version 47.3.7
[16Oct2025 22:14:17.292] [modloading-worker-0/DEBUG] [net.minecraftforge.versions.forge.ForgeVersion/CORE]: Found Forge spec 47.3
[16Oct2025 22:14:17.292] [modloading-worker-0/DEBUG] [net.minecraftforge.versions.forge.ForgeVersion/CORE]: Found Forge group net.minecraftforge
[16Oct2025 22:14:17.293] [modloading-worker-0/DEBUG] [net.minecraftforge.versions.mcp.MCPVersion/CORE]: MCP Version package package net.minecraftforge.versions.mcp, Minecraft, version 1.20.1 from cpw.mods.modlauncher.TransformingClassLoader@4f327096
[16Oct2025 22:14:17.293] [modloading-worker-0/DEBUG] [net.minecraftforge.versions.mcp.MCPVersion/CORE]: Found MC version information 1.20.1
[16Oct2025 22:14:17.293] [modloading-worker-0/DEBUG] [net.minecraftforge.versions.mcp.MCPVersion/CORE]: Found MCP version information 20230612.114412
[16Oct2025 22:14:17.293] [modloading-worker-0/INFO] [net.minecraftforge.common.ForgeMod/FORGEMOD]: Forge mod loading, version 47.3.7, for MC 1.20.1 with MCP 20230612.114412
[16Oct2025 22:14:17.294] [modloading-worker-0/INFO] [net.minecraftforge.common.MinecraftForge/FORGE]: MinecraftForge v47.3.7 Initialized
[16Oct2025 22:14:17.324] [modloading-worker-0/DEBUG] [net.minecraftforge.fml.config.ConfigTracker/CONFIG]: Config file watut-server.toml for watut tracking
[16Oct2025 22:14:17.327] [modloading-worker-0/DEBUG] [net.minecraftforge.fml.config.ConfigTracker/CONFIG]: Config file watut-client.toml for watut tracking
[16Oct2025 22:14:17.367] [modloading-worker-0/DEBUG] [net.minecraftforge.fml.javafmlmod.AutomaticEventSubscriber/LOADING]: Attempting to inject @EventBusSubscriber classes into the eventbus for watut
[16Oct2025 22:14:17.371] [modloading-worker-0/DEBUG] [net.minecraftforge.fml.javafmlmod.AutomaticEventSubscriber/LOADING]: Auto-subscribing com.corosus.watut.loader.forge.EventHandlerForge to MOD
[16Oct2025 22:14:17.401] [modloading-worker-0/DEBUG] [net.minecraftforge.fml.config.ConfigTracker/CONFIG]: Config file webdisplays_common.toml for webdisplays tracking
[16Oct2025 22:14:17.449] [modloading-worker-0/DEBUG] [io.netty.util.internal.PlatformDependent0/]: -Dio.netty.noUnsafe: false
[16Oct2025 22:14:17.449] [modloading-worker-0/DEBUG] [io.netty.util.internal.PlatformDependent0/]: Java version: 17
[16Oct2025 22:14:17.452] [modloading-worker-0/DEBUG] [io.netty.util.internal.PlatformDependent0/]: sun.misc.Unsafe.theUnsafe: available
[16Oct2025 22:14:17.452] [modloading-worker-0/DEBUG] [io.netty.util.internal.PlatformDependent0/]: sun.misc.Unsafe.copyMemory: available
[16Oct2025 22:14:17.455] [modloading-worker-0/DEBUG] [io.netty.util.internal.PlatformDependent0/]: sun.misc.Unsafe.storeFence: available
[16Oct2025 22:14:17.456] [modloading-worker-0/DEBUG] [io.netty.util.internal.PlatformDependent0/]: java.nio.Buffer.address: available
[16Oct2025 22:14:17.456] [modloading-worker-0/DEBUG] [io.netty.util.internal.PlatformDependent0/]: direct buffer constructor: unavailable
java.lang.UnsupportedOperationException: Reflective setAccessible(true) disabled
	at io.netty.util.internal.ReflectionUtil.trySetAccessible(ReflectionUtil.java:31) ~[netty-common-4.1.82.Final.jar%2382!/:4.1.82.Final]
	at io.netty.util.internal.PlatformDependent0$5.run(PlatformDependent0.java:288) ~[netty-common-4.1.82.Final.jar%2382!/:4.1.82.Final]
	at java.security.AccessController.doPrivileged(AccessController.java:318) ~[?:?]
	at io.netty.util.internal.PlatformDependent0.<clinit>(PlatformDependent0.java:282) ~[netty-common-4.1.82.Final.jar%2382!/:4.1.82.Final]
	at io.netty.util.internal.PlatformDependent.isAndroid(PlatformDependent.java:333) ~[netty-common-4.1.82.Final.jar%2382!/:4.1.82.Final]
	at io.netty.util.internal.PlatformDependent.<clinit>(PlatformDependent.java:88) ~[netty-common-4.1.82.Final.jar%2382!/:4.1.82.Final]
	at io.netty.util.ConstantPool.<init>(ConstantPool.java:34) ~[netty-common-4.1.82.Final.jar%2382!/:4.1.82.Final]
	at io.netty.util.AttributeKey$1.<init>(AttributeKey.java:27) ~[netty-common-4.1.82.Final.jar%2382!/:4.1.82.Final]
	at io.netty.util.AttributeKey.<clinit>(AttributeKey.java:27) ~[netty-common-4.1.82.Final.jar%2382!/:4.1.82.Final]
	at net.minecraftforge.network.NetworkConstants.<clinit>(NetworkConstants.java:34) ~[forge-1.20.1-47.3.7-universal.jar%23152!/:?]
	at net.minecraftforge.common.ForgeMod.<init>(ForgeMod.java:429) ~[forge-1.20.1-47.3.7-universal.jar%23152!/:?]
	at jdk.internal.reflect.NativeConstructorAccessorImpl.newInstance0(Native Method) ~[?:?]
	at jdk.internal.reflect.NativeConstructorAccessorImpl.newInstance(NativeConstructorAccessorImpl.java:77) ~[?:?]
	at jdk.internal.reflect.DelegatingConstructorAccessorImpl.newInstance(DelegatingConstructorAccessorImpl.java:45) ~[?:?]
	at java.lang.reflect.Constructor.newInstanceWithCaller(Constructor.java:500) ~[?:?]
	at java.lang.reflect.Constructor.newInstance(Constructor.java:481) ~[?:?]
	at net.minecraftforge.fml.javafmlmod.FMLModContainer.constructMod(FMLModContainer.java:70) ~[javafmllanguage-1.20.1-47.3.7.jar%23149!/:?]
	at net.minecraftforge.fml.ModContainer.lambda$buildTransitionHandler$4(ModContainer.java:124) ~[fmlcore-1.20.1-47.3.7.jar%23148!/:?]
	at java.util.concurrent.CompletableFuture$AsyncRun.run(CompletableFuture.java:1804) ~[?:?]
	at java.util.concurrent.CompletableFuture$AsyncRun.exec(CompletableFuture.java:1796) ~[?:?]
	at java.util.concurrent.ForkJoinTask.doExec(ForkJoinTask.java:373) ~[?:?]
	at java.util.concurrent.ForkJoinPool$WorkQueue.topLevelExec(ForkJoinPool.java:1182) ~[?:?]
	at java.util.concurrent.ForkJoinPool.scan(ForkJoinPool.java:1655) ~[?:?]
	at java.util.concurrent.ForkJoinPool.runWorker(ForkJoinPool.java:1622) ~[?:?]
	at java.util.concurrent.ForkJoinWorkerThread.run(ForkJoinWorkerThread.java:165) ~[?:?]
[16Oct2025 22:14:17.457] [modloading-worker-0/DEBUG] [io.netty.util.internal.PlatformDependent0/]: java.nio.Bits.unaligned: available, true
[16Oct2025 22:14:17.458] [modloading-worker-0/DEBUG] [io.netty.util.internal.PlatformDependent0/]: jdk.internal.misc.Unsafe.allocateUninitializedArray(int): unavailable
java.lang.IllegalAccessException: class io.netty.util.internal.PlatformDependent0$7 (in module io.netty.common) cannot access class jdk.internal.misc.Unsafe (in module java.base) because module java.base does not export jdk.internal.misc to module io.netty.common
	at jdk.internal.reflect.Reflection.newIllegalAccessException(Reflection.java:392) ~[?:?]
	at java.lang.reflect.AccessibleObject.checkAccess(AccessibleObject.java:674) ~[?:?]
	at java.lang.reflect.Method.invoke(Method.java:561) ~[?:?]
	at io.netty.util.internal.PlatformDependent0$7.run(PlatformDependent0.java:410) ~[netty-common-4.1.82.Final.jar%2382!/:4.1.82.Final]
	at java.security.AccessController.doPrivileged(AccessController.java:318) ~[?:?]
	at io.netty.util.internal.PlatformDependent0.<clinit>(PlatformDependent0.java:401) ~[netty-common-4.1.82.Final.jar%2382!/:4.1.82.Final]
	at io.netty.util.internal.PlatformDependent.isAndroid(PlatformDependent.java:333) ~[netty-common-4.1.82.Final.jar%2382!/:4.1.82.Final]
	at io.netty.util.internal.PlatformDependent.<clinit>(PlatformDependent.java:88) ~[netty-common-4.1.82.Final.jar%2382!/:4.1.82.Final]
	at io.netty.util.ConstantPool.<init>(ConstantPool.java:34) ~[netty-common-4.1.82.Final.jar%2382!/:4.1.82.Final]
	at io.netty.util.AttributeKey$1.<init>(AttributeKey.java:27) ~[netty-common-4.1.82.Final.jar%2382!/:4.1.82.Final]
	at io.netty.util.AttributeKey.<clinit>(AttributeKey.java:27) ~[netty-common-4.1.82.Final.jar%2382!/:4.1.82.Final]
	at net.minecraftforge.network.NetworkConstants.<clinit>(NetworkConstants.java:34) ~[forge-1.20.1-47.3.7-universal.jar%23152!/:?]
	at net.minecraftforge.common.ForgeMod.<init>(ForgeMod.java:429) ~[forge-1.20.1-47.3.7-universal.jar%23152!/:?]
	at jdk.internal.reflect.NativeConstructorAccessorImpl.newInstance0(Native Method) ~[?:?]
	at jdk.internal.reflect.NativeConstructorAccessorImpl.newInstance(NativeConstructorAccessorImpl.java:77) ~[?:?]
	at jdk.internal.reflect.DelegatingConstructorAccessorImpl.newInstance(DelegatingConstructorAccessorImpl.java:45) ~[?:?]
	at java.lang.reflect.Constructor.newInstanceWithCaller(Constructor.java:500) ~[?:?]
	at java.lang.reflect.Constructor.newInstance(Constructor.java:481) ~[?:?]
	at net.minecraftforge.fml.javafmlmod.FMLModContainer.constructMod(FMLModContainer.java:70) ~[javafmllanguage-1.20.1-47.3.7.jar%23149!/:?]
	at net.minecraftforge.fml.ModContainer.lambda$buildTransitionHandler$4(ModContainer.java:124) ~[fmlcore-1.20.1-47.3.7.jar%23148!/:?]
	at java.util.concurrent.CompletableFuture$AsyncRun.run(CompletableFuture.java:1804) ~[?:?]
	at java.util.concurrent.CompletableFuture$AsyncRun.exec(CompletableFuture.java:1796) ~[?:?]
	at java.util.concurrent.ForkJoinTask.doExec(ForkJoinTask.java:373) ~[?:?]
	at java.util.concurrent.ForkJoinPool$WorkQueue.topLevelExec(ForkJoinPool.java:1182) ~[?:?]
	at java.util.concurrent.ForkJoinPool.scan(ForkJoinPool.java:1655) ~[?:?]
	at java.util.concurrent.ForkJoinPool.runWorker(ForkJoinPool.java:1622) ~[?:?]
	at java.util.concurrent.ForkJoinWorkerThread.run(ForkJoinWorkerThread.java:165) ~[?:?]
[16Oct2025 22:14:17.462] [modloading-worker-0/DEBUG] [io.netty.util.internal.PlatformDependent0/]: java.nio.DirectByteBuffer.<init>(long, int): unavailable
[16Oct2025 22:14:17.462] [modloading-worker-0/DEBUG] [io.netty.util.internal.PlatformDependent/]: sun.misc.Unsafe: available
[16Oct2025 22:14:17.462] [modloading-worker-0/DEBUG] [io.netty.util.internal.PlatformDependent/]: maxDirectMemory: 12884901888 bytes (maybe)
[16Oct2025 22:14:17.462] [modloading-worker-0/DEBUG] [io.netty.util.internal.PlatformDependent/]: -Dio.netty.tmpdir: /tmp (java.io.tmpdir)
[16Oct2025 22:14:17.462] [modloading-worker-0/DEBUG] [io.netty.util.internal.PlatformDependent/]: -Dio.netty.bitMode: 64 (sun.arch.data.model)
[16Oct2025 22:14:17.463] [modloading-worker-0/DEBUG] [io.netty.util.internal.PlatformDependent/]: -Dio.netty.maxDirectMemory: -1 bytes
[16Oct2025 22:14:17.463] [modloading-worker-0/DEBUG] [io.netty.util.internal.PlatformDependent/]: -Dio.netty.uninitializedArrayAllocationThreshold: -1
[16Oct2025 22:14:17.464] [modloading-worker-0/DEBUG] [io.netty.util.internal.CleanerJava9/]: java.nio.ByteBuffer.cleaner(): available
[16Oct2025 22:14:17.464] [modloading-worker-0/DEBUG] [io.netty.util.internal.PlatformDependent/]: -Dio.netty.noPreferDirect: false
[16Oct2025 22:14:17.514] [modloading-worker-0/DEBUG] [net.minecraftforge.common.ForgeMod/FORGEMOD]: Loading Network data for FML net version: FML3
[16Oct2025 22:14:17.530] [modloading-worker-0/DEBUG] [net.minecraftforge.fml.javafmlmod.AutomaticEventSubscriber/LOADING]: Attempting to inject @EventBusSubscriber classes into the eventbus for webdisplays
[16Oct2025 22:14:17.538] [modloading-worker-0/DEBUG] [net.minecraftforge.fml.config.ConfigTracker/CONFIG]: Config file forge-client.toml for forge tracking
[16Oct2025 22:14:17.539] [modloading-worker-0/DEBUG] [net.minecraftforge.fml.config.ConfigTracker/CONFIG]: Config file forge-server.toml for forge tracking
[16Oct2025 22:14:17.539] [modloading-worker-0/DEBUG] [net.minecraftforge.fml.ModLoadingContext/]: Attempted to register an empty config for type COMMON on mod forge
[16Oct2025 22:14:17.552] [modloading-worker-0/DEBUG] [net.minecraftforge.fml.config.ConfigTracker/CONFIG]: Config file endermail-common.toml for endermail tracking
[16Oct2025 22:14:17.552] [modloading-worker-0/DEBUG] [net.minecraftforge.fml.config.ConfigTracker/CONFIG]: Config file endermail-client.toml for endermail tracking
[16Oct2025 22:14:17.552] [modloading-worker-0/DEBUG] [net.minecraftforge.fml.javafmlmod.AutomaticEventSubscriber/LOADING]: Attempting to inject @EventBusSubscriber classes into the eventbus for endermail
[16Oct2025 22:14:17.552] [modloading-worker-0/DEBUG] [net.minecraftforge.fml.javafmlmod.AutomaticEventSubscriber/LOADING]: Auto-subscribing com.chaosthedude.endermail.registry.EnderMailAttributes to MOD
[16Oct2025 22:14:17.555] [modloading-worker-0/DEBUG] [net.minecraftforge.fml.javafmlmod.AutomaticEventSubscriber/LOADING]: Attempting to inject @EventBusSubscriber classes into the eventbus for forge
[16Oct2025 22:14:17.555] [modloading-worker-0/DEBUG] [net.minecraftforge.fml.javafmlmod.AutomaticEventSubscriber/LOADING]: Auto-subscribing net.minecraftforge.common.ForgeSpawnEggItem$CommonHandler to MOD
[16Oct2025 22:14:17.621] [modloading-worker-0/DEBUG] [net.minecraftforge.fml.javafmlmod.AutomaticEventSubscriber/LOADING]: Attempting to inject @EventBusSubscriber classes into the eventbus for iceandfire
[16Oct2025 22:14:17.622] [modloading-worker-0/DEBUG] [net.minecraftforge.fml.javafmlmod.AutomaticEventSubscriber/LOADING]: Auto-subscribing com.github.alexthe666.iceandfire.recipe.IafRecipeRegistry to MOD
[16Oct2025 22:14:17.622] [modloading-worker-0/DEBUG] [net.minecraftforge.fml.javafmlmod.AutomaticEventSubscriber/LOADING]: Auto-subscribing com.github.alexthe666.iceandfire.misc.IafSoundRegistry to MOD
[16Oct2025 22:14:17.623] [modloading-worker-0/DEBUG] [net.minecraftforge.fml.javafmlmod.AutomaticEventSubscriber/LOADING]: Auto-subscribing com.github.alexthe666.iceandfire.misc.IafDamageRegistry to MOD
[16Oct2025 22:14:17.624] [modloading-worker-0/DEBUG] [net.minecraftforge.fml.javafmlmod.AutomaticEventSubscriber/LOADING]: Auto-subscribing com.github.alexthe666.iceandfire.item.IafItemRegistry to MOD
[16Oct2025 22:14:17.625] [modloading-worker-0/DEBUG] [net.minecraftforge.fml.javafmlmod.AutomaticEventSubscriber/LOADING]: Auto-subscribing com.github.alexthe666.iceandfire.event.ServerEvents to FORGE
[16Oct2025 22:14:17.632] [modloading-worker-0/DEBUG] [net.minecraftforge.fml.javafmlmod.AutomaticEventSubscriber/LOADING]: Auto-subscribing com.github.alexthe666.iceandfire.entity.props.CapabilityHandler to FORGE
[16Oct2025 22:14:17.635] [modloading-worker-0/DEBUG] [net.minecraftforge.fml.javafmlmod.AutomaticEventSubscriber/LOADING]: Auto-subscribing com.github.alexthe666.iceandfire.entity.IafVillagerRegistry to MOD
[16Oct2025 22:14:17.635] [modloading-worker-0/DEBUG] [net.minecraftforge.fml.javafmlmod.AutomaticEventSubscriber/LOADING]: Auto-subscribing com.github.alexthe666.iceandfire.entity.IafEntityRegistry to MOD
[16Oct2025 22:14:17.637] [modloading-worker-0/DEBUG] [net.minecraftforge.fml.javafmlmod.AutomaticEventSubscriber/LOADING]: Auto-subscribing com.github.alexthe666.iceandfire.datagen.DataGenerators to MOD
[16Oct2025 22:14:17.638] [modloading-worker-0/DEBUG] [mixin/]: Mixing RegistriesDatapackGeneratorAccessor from vampirism.mixins.json into net.minecraft.data.registries.RegistriesDatapackGenerator
[16Oct2025 22:14:17.643] [modloading-worker-0/DEBUG] [net.minecraftforge.fml.javafmlmod.AutomaticEventSubscriber/LOADING]: Auto-subscribing com.github.alexthe666.iceandfire.block.IafBlockRegistry to MOD
[16Oct2025 22:14:17.644] [modloading-worker-0/DEBUG] [net.minecraftforge.fml.javafmlmod.AutomaticEventSubscriber/LOADING]: Auto-subscribing com.github.alexthe666.iceandfire.IceAndFire to FORGE
[16Oct2025 22:14:17.644] [modloading-worker-0/DEBUG] [net.minecraftforge.fml.javafmlmod.AutomaticEventSubscriber/LOADING]: Auto-subscribing com.github.alexthe666.iceandfire.CommonProxy to MOD
[16Oct2025 22:14:17.963] [modloading-worker-0/DEBUG] [net.minecraftforge.fml.javafmlmod.AutomaticEventSubscriber/LOADING]: Attempting to inject @EventBusSubscriber classes into the eventbus for vampirism
[16Oct2025 22:14:17.964] [modloading-worker-0/DEBUG] [net.minecraftforge.fml.javafmlmod.AutomaticEventSubscriber/LOADING]: Auto-subscribing de.teamlapen.vampirism.misc.VampirismCreativeTab to MOD
[16Oct2025 22:14:17.964] [modloading-worker-0/DEBUG] [net.minecraftforge.fml.javafmlmod.AutomaticEventSubscriber/LOADING]: Auto-subscribing de.teamlapen.vampirism.data.provider.DataProvider to MOD
[16Oct2025 22:14:17.966] [main/DEBUG] [net.minecraftforge.fml.DeferredWorkQueue/LOADING]: Dispatching synchronous work for work queue CONSTRUCT: 2 jobs
[16Oct2025 22:14:17.968] [main/DEBUG] [net.minecraftforge.fml.config.ConfigTracker/CONFIG]: Config file Config_Unbanished.toml for crucifix tracking
[16Oct2025 22:14:17.969] [main/DEBUG] [net.minecraftforge.fml.DeferredWorkQueue/LOADING]: Synchronous work queue completed in 1.614 ms
[16Oct2025 22:14:18.039] [main/DEBUG] [net.minecraftforge.common.capabilities.CapabilityManager/CAPABILITIES]: Attempting to automatically register: Lnet/minecraftforge/energy/IEnergyStorage;
[16Oct2025 22:14:18.040] [main/DEBUG] [net.minecraftforge.common.capabilities.CapabilityManager/CAPABILITIES]: Attempting to automatically register: Lnet/minecraftforge/fluids/capability/IFluidHandler;
[16Oct2025 22:14:18.040] [main/DEBUG] [net.minecraftforge.common.capabilities.CapabilityManager/CAPABILITIES]: Attempting to automatically register: Lnet/minecraftforge/fluids/capability/IFluidHandlerItem;
[16Oct2025 22:14:18.040] [main/DEBUG] [net.minecraftforge.common.capabilities.CapabilityManager/CAPABILITIES]: Attempting to automatically register: Lnet/minecraftforge/items/IItemHandler;
[16Oct2025 22:14:18.060] [main/DEBUG] [net.minecraftforge.fml.config.ConfigTracker/CONFIG]: Config file vampirism-common.toml for vampirism tracking
[16Oct2025 22:14:18.061] [main/DEBUG] [net.minecraftforge.fml.config.ConfigTracker/CONFIG]: Config file vampirism-client.toml for vampirism tracking
[16Oct2025 22:14:18.061] [main/DEBUG] [net.minecraftforge.fml.config.ConfigTracker/CONFIG]: Config file vampirism-server.toml for vampirism tracking
[16Oct2025 22:14:18.061] [main/DEBUG] [net.minecraftforge.fml.config.ConfigTracker/CONFIG]: Config file vampirism-balance.toml for vampirism tracking
[16Oct2025 22:14:21.964] [main/DEBUG] [io.netty.util.internal.InternalThreadLocalMap/]: -Dio.netty.threadLocalMap.stringBuilder.initialSize: 1024
[16Oct2025 22:14:21.964] [main/DEBUG] [io.netty.util.internal.InternalThreadLocalMap/]: -Dio.netty.threadLocalMap.stringBuilder.maxSize: 4096
[16Oct2025 22:14:21.965] [main/DEBUG] [io.netty.util.internal.ThreadLocalRandom/]: -Dio.netty.initialSeedUniquifier: 0x61fe3c5bc4e3897a
[16Oct2025 22:14:22.430] [main/DEBUG] [mixin/]: Mixing PotionUtilsMixin from alexscaves.mixins.json into net.minecraft.world.item.alchemy.PotionUtils
[16Oct2025 22:14:22.431] [main/DEBUG] [mixin/]: Renaming synthetic method lambda$ac_getColor$0(Lnet/minecraft/world/effect/MobEffectInstance;)Z to mda7d183$lambda$ac_getColor$0$0 in alexscaves.mixins.json:PotionUtilsMixin
[16Oct2025 22:14:22.518] [main/DEBUG] [mixin/]: Mixing accessor.ShapelessRecipeAccessor from tombstone.mixins.json into net.minecraft.world.item.crafting.ShapelessRecipe
[16Oct2025 22:14:22.676] [main/DEBUG] [mixin/]: Mixing MixinEntityPredicate from vampirism.mixins.json into net.minecraft.world.entity.ai.targeting.TargetingConditions
[16Oct2025 22:14:22.677] [main/DEBUG] [mixin/]: Mixing TargetConditionAccessor from vampirism.mixins.json into net.minecraft.world.entity.ai.targeting.TargetingConditions
[16Oct2025 22:14:22.721] [main/DEBUG] [mixin/]: Mixing ForgeHooksMixin from tombstone.mixins.json into net.minecraftforge.common.ForgeHooks
[16Oct2025 22:14:22.760] [main/WARN] [net.minecraft.network.syncher.SynchedEntityData/]: defineId called for: class com.github.alexmodguy.alexscaves.server.entity.living.TremorzillaEntity from class com.github.alexmodguy.alexscaves.server.entity.living.LicowitchEntity
[16Oct2025 22:14:22.813] [main/DEBUG] [net.minecraftforge.fml.config.ConfigTracker/CONFIG]: Loading configs type COMMON
[16Oct2025 22:14:22.815] [main/DEBUG] [net.minecraftforge.fml.config.ConfigFileTypeHandler/CONFIG]: Built TOML config for /workspaces/Mega-Server/servidor_minecraft/config/tacz-common.toml
[16Oct2025 22:14:22.815] [main/DEBUG] [net.minecraftforge.fml.config.ConfigFileTypeHandler/CONFIG]: Loaded TOML config file /workspaces/Mega-Server/servidor_minecraft/config/tacz-common.toml
[16Oct2025 22:14:22.821] [main/DEBUG] [net.minecraftforge.fml.config.ConfigFileTypeHandler/CONFIG]: Watching TOML config file /workspaces/Mega-Server/servidor_minecraft/config/tacz-common.toml for changes
[16Oct2025 22:14:22.825] [Thread-3/DEBUG] [net.minecraftforge.fml.config.ConfigFileTypeHandler/CONFIG]: Config file tacz-common.toml changed, sending notifies
[16Oct2025 22:14:22.825] [main/DEBUG] [net.minecraftforge.fml.config.ConfigFileTypeHandler/CONFIG]: Built TOML config for /workspaces/Mega-Server/servidor_minecraft/config/sophisticatedcore-common.toml
[16Oct2025 22:14:22.826] [Thread-3/DEBUG] [net.minecraftforge.fml.config.ConfigFileTypeHandler/CONFIG]: Config file tacz-common.toml changed, sending notifies
[16Oct2025 22:14:22.850] [main/DEBUG] [net.minecraftforge.fml.config.ConfigFileTypeHandler/CONFIG]: Loaded TOML config file /workspaces/Mega-Server/servidor_minecraft/config/sophisticatedcore-common.toml
[16Oct2025 22:14:22.850] [main/DEBUG] [net.minecraftforge.fml.config.ConfigFileTypeHandler/CONFIG]: Watching TOML config file /workspaces/Mega-Server/servidor_minecraft/config/sophisticatedcore-common.toml for changes
[16Oct2025 22:14:22.850] [Thread-3/DEBUG] [net.minecraftforge.fml.config.ConfigFileTypeHandler/CONFIG]: Config file sophisticatedcore-common.toml changed, sending notifies
[16Oct2025 22:14:22.852] [main/DEBUG] [net.minecraftforge.fml.config.ConfigFileTypeHandler/CONFIG]: Built TOML config for /workspaces/Mega-Server/servidor_minecraft/config/curios-common.toml
[16Oct2025 22:14:22.852] [Thread-3/DEBUG] [net.minecraftforge.fml.config.ConfigFileTypeHandler/CONFIG]: Config file sophisticatedcore-common.toml changed, sending notifies
[16Oct2025 22:14:22.852] [main/DEBUG] [net.minecraftforge.fml.config.ConfigFileTypeHandler/CONFIG]: Loaded TOML config file /workspaces/Mega-Server/servidor_minecraft/config/curios-common.toml
[16Oct2025 22:14:22.852] [main/DEBUG] [net.minecraftforge.fml.config.ConfigFileTypeHandler/CONFIG]: Watching TOML config file /workspaces/Mega-Server/servidor_minecraft/config/curios-common.toml for changes
[16Oct2025 22:14:22.853] [Thread-3/DEBUG] [net.minecraftforge.fml.config.ConfigFileTypeHandler/CONFIG]: Config file curios-common.toml changed, sending notifies
[16Oct2025 22:14:22.853] [main/DEBUG] [net.minecraftforge.fml.config.ConfigFileTypeHandler/CONFIG]: Built TOML config for /workspaces/Mega-Server/servidor_minecraft/config/alexscaves-general.toml
[16Oct2025 22:14:22.853] [Thread-3/DEBUG] [net.minecraftforge.fml.config.ConfigFileTypeHandler/CONFIG]: Config file curios-common.toml changed, sending notifies
[16Oct2025 22:14:22.854] [main/DEBUG] [net.minecraftforge.fml.config.ConfigFileTypeHandler/CONFIG]: Loaded TOML config file /workspaces/Mega-Server/servidor_minecraft/config/alexscaves-general.toml
[16Oct2025 22:14:22.854] [main/DEBUG] [net.minecraftforge.fml.config.ConfigFileTypeHandler/CONFIG]: Watching TOML config file /workspaces/Mega-Server/servidor_minecraft/config/alexscaves-general.toml for changes
[16Oct2025 22:14:22.945] [Thread-3/DEBUG] [net.minecraftforge.fml.config.ConfigFileTypeHandler/CONFIG]: Config file alexscaves-general.toml changed, sending notifies
[16Oct2025 22:14:22.946] [main/DEBUG] [net.minecraftforge.fml.config.ConfigFileTypeHandler/CONFIG]: Built TOML config for /workspaces/Mega-Server/servidor_minecraft/config/citadel-common.toml
[16Oct2025 22:14:22.947] [main/DEBUG] [net.minecraftforge.fml.config.ConfigFileTypeHandler/CONFIG]: Loaded TOML config file /workspaces/Mega-Server/servidor_minecraft/config/citadel-common.toml
[16Oct2025 22:14:22.947] [main/DEBUG] [net.minecraftforge.fml.config.ConfigFileTypeHandler/CONFIG]: Watching TOML config file /workspaces/Mega-Server/servidor_minecraft/config/citadel-common.toml for changes
[16Oct2025 22:14:22.947] [Thread-3/DEBUG] [net.minecraftforge.fml.config.ConfigFileTypeHandler/CONFIG]: Config file alexscaves-general.toml changed, sending notifies
[16Oct2025 22:14:22.948] [main/DEBUG] [net.minecraftforge.fml.config.ConfigFileTypeHandler/CONFIG]: Built TOML config for /workspaces/Mega-Server/servidor_minecraft/config/tombstone-common.toml
[16Oct2025 22:14:22.950] [main/DEBUG] [net.minecraftforge.fml.config.ConfigFileTypeHandler/CONFIG]: Loaded TOML config file /workspaces/Mega-Server/servidor_minecraft/config/tombstone-common.toml
[16Oct2025 22:14:22.950] [main/DEBUG] [net.minecraftforge.fml.config.ConfigFileTypeHandler/CONFIG]: Watching TOML config file /workspaces/Mega-Server/servidor_minecraft/config/tombstone-common.toml for changes
[16Oct2025 22:14:22.952] [Thread-3/DEBUG] [net.minecraftforge.fml.config.ConfigFileTypeHandler/CONFIG]: Config file tombstone-common.toml changed, sending notifies
[16Oct2025 22:14:22.952] [main/DEBUG] [net.minecraftforge.fml.config.ConfigFileTypeHandler/CONFIG]: Built TOML config for /workspaces/Mega-Server/servidor_minecraft/config/sophisticatedbackpacks-common.toml
[16Oct2025 22:14:22.952] [main/DEBUG] [net.minecraftforge.fml.config.ConfigFileTypeHandler/CONFIG]: Loaded TOML config file /workspaces/Mega-Server/servidor_minecraft/config/sophisticatedbackpacks-common.toml
[16Oct2025 22:14:22.953] [main/DEBUG] [net.minecraftforge.fml.config.ConfigFileTypeHandler/CONFIG]: Watching TOML config file /workspaces/Mega-Server/servidor_minecraft/config/sophisticatedbackpacks-common.toml for changes
[16Oct2025 22:14:22.953] [main/DEBUG] [net.minecraftforge.fml.config.ConfigFileTypeHandler/CONFIG]: Built TOML config for /workspaces/Mega-Server/servidor_minecraft/config/CoroUtil/General.toml
[16Oct2025 22:14:22.953] [main/DEBUG] [net.minecraftforge.fml.config.ConfigFileTypeHandler/CONFIG]: Loaded TOML config file /workspaces/Mega-Server/servidor_minecraft/config/CoroUtil/General.toml
[16Oct2025 22:14:22.954] [main/DEBUG] [net.minecraftforge.fml.config.ConfigFileTypeHandler/CONFIG]: Watching TOML config file /workspaces/Mega-Server/servidor_minecraft/config/CoroUtil/General.toml for changes
[16Oct2025 22:14:22.954] [main/DEBUG] [net.minecraftforge.fml.config.ConfigFileTypeHandler/CONFIG]: Built TOML config for /workspaces/Mega-Server/servidor_minecraft/config/iceandfire-common.toml
[16Oct2025 22:14:22.954] [Thread-3/DEBUG] [net.minecraftforge.fml.config.ConfigFileTypeHandler/CONFIG]: Config file tombstone-common.toml changed, sending notifies
[16Oct2025 22:14:22.956] [main/DEBUG] [net.minecraftforge.fml.config.ConfigFileTypeHandler/CONFIG]: Loaded TOML config file /workspaces/Mega-Server/servidor_minecraft/config/iceandfire-common.toml
[16Oct2025 22:14:22.956] [main/DEBUG] [net.minecraftforge.fml.config.ConfigFileTypeHandler/CONFIG]: Watching TOML config file /workspaces/Mega-Server/servidor_minecraft/config/iceandfire-common.toml for changes
[16Oct2025 22:14:22.986] [Thread-3/DEBUG] [net.minecraftforge.fml.config.ConfigFileTypeHandler/CONFIG]: Config file iceandfire-common.toml changed, sending notifies
[16Oct2025 22:14:22.987] [main/DEBUG] [net.minecraftforge.fml.config.ConfigFileTypeHandler/CONFIG]: Built TOML config for /workspaces/Mega-Server/servidor_minecraft/config/watut-common.toml
[16Oct2025 22:14:22.988] [main/DEBUG] [net.minecraftforge.fml.config.ConfigFileTypeHandler/CONFIG]: Loaded TOML config file /workspaces/Mega-Server/servidor_minecraft/config/watut-common.toml
[16Oct2025 22:14:22.988] [main/DEBUG] [net.minecraftforge.fml.config.ConfigFileTypeHandler/CONFIG]: Watching TOML config file /workspaces/Mega-Server/servidor_minecraft/config/watut-common.toml for changes
[16Oct2025 22:14:22.989] [main/DEBUG] [net.minecraftforge.fml.config.ConfigFileTypeHandler/CONFIG]: Built TOML config for /workspaces/Mega-Server/servidor_minecraft/config/watut-server.toml
[16Oct2025 22:14:22.989] [Thread-3/DEBUG] [net.minecraftforge.fml.config.ConfigFileTypeHandler/CONFIG]: Config file watut-common.toml changed, sending notifies
[16Oct2025 22:14:22.989] [main/DEBUG] [net.minecraftforge.fml.config.ConfigFileTypeHandler/CONFIG]: Loaded TOML config file /workspaces/Mega-Server/servidor_minecraft/config/watut-server.toml
[16Oct2025 22:14:22.989] [main/DEBUG] [net.minecraftforge.fml.config.ConfigFileTypeHandler/CONFIG]: Watching TOML config file /workspaces/Mega-Server/servidor_minecraft/config/watut-server.toml for changes
[16Oct2025 22:14:22.990] [Thread-3/DEBUG] [net.minecraftforge.fml.config.ConfigFileTypeHandler/CONFIG]: Config file watut-server.toml changed, sending notifies
[16Oct2025 22:14:22.990] [main/DEBUG] [net.minecraftforge.fml.config.ConfigFileTypeHandler/CONFIG]: Built TOML config for /workspaces/Mega-Server/servidor_minecraft/config/watut-client.toml
[16Oct2025 22:14:22.990] [main/DEBUG] [net.minecraftforge.fml.config.ConfigFileTypeHandler/CONFIG]: Loaded TOML config file /workspaces/Mega-Server/servidor_minecraft/config/watut-client.toml
[16Oct2025 22:14:22.990] [main/DEBUG] [net.minecraftforge.fml.config.ConfigFileTypeHandler/CONFIG]: Watching TOML config file /workspaces/Mega-Server/servidor_minecraft/config/watut-client.toml for changes
[16Oct2025 22:14:22.990] [Thread-3/DEBUG] [net.minecraftforge.fml.config.ConfigFileTypeHandler/CONFIG]: Config file watut-server.toml changed, sending notifies
[16Oct2025 22:14:22.991] [Thread-3/DEBUG] [net.minecraftforge.fml.config.ConfigFileTypeHandler/CONFIG]: Config file watut-client.toml changed, sending notifies
[16Oct2025 22:14:22.991] [main/DEBUG] [net.minecraftforge.fml.config.ConfigFileTypeHandler/CONFIG]: Built TOML config for /workspaces/Mega-Server/servidor_minecraft/config/webdisplays_common.toml
[16Oct2025 22:14:22.991] [main/DEBUG] [net.minecraftforge.fml.config.ConfigFileTypeHandler/CONFIG]: Loaded TOML config file /workspaces/Mega-Server/servidor_minecraft/config/webdisplays_common.toml
[16Oct2025 22:14:22.991] [Thread-3/DEBUG] [net.minecraftforge.fml.config.ConfigFileTypeHandler/CONFIG]: Config file watut-client.toml changed, sending notifies
[16Oct2025 22:14:22.991] [main/DEBUG] [net.minecraftforge.fml.config.ConfigFileTypeHandler/CONFIG]: Watching TOML config file /workspaces/Mega-Server/servidor_minecraft/config/webdisplays_common.toml for changes
[16Oct2025 22:14:22.992] [main/DEBUG] [net.minecraftforge.fml.config.ConfigFileTypeHandler/CONFIG]: Built TOML config for /workspaces/Mega-Server/servidor_minecraft/config/endermail-common.toml
[16Oct2025 22:14:22.992] [Thread-3/DEBUG] [net.minecraftforge.fml.config.ConfigFileTypeHandler/CONFIG]: Config file webdisplays_common.toml changed, sending notifies
[16Oct2025 22:14:22.993] [main/DEBUG] [net.minecraftforge.fml.config.ConfigFileTypeHandler/CONFIG]: Loaded TOML config file /workspaces/Mega-Server/servidor_minecraft/config/endermail-common.toml
[16Oct2025 22:14:22.993] [Thread-3/DEBUG] [net.minecraftforge.fml.config.ConfigFileTypeHandler/CONFIG]: Config file webdisplays_common.toml changed, sending notifies
[16Oct2025 22:14:22.993] [main/DEBUG] [net.minecraftforge.fml.config.ConfigFileTypeHandler/CONFIG]: Watching TOML config file /workspaces/Mega-Server/servidor_minecraft/config/endermail-common.toml for changes
[16Oct2025 22:14:22.993] [main/DEBUG] [net.minecraftforge.fml.config.ConfigFileTypeHandler/CONFIG]: Built TOML config for /workspaces/Mega-Server/servidor_minecraft/config/Config_Unbanished.toml
[16Oct2025 22:14:22.994] [main/DEBUG] [net.minecraftforge.fml.config.ConfigFileTypeHandler/CONFIG]: Loaded TOML config file /workspaces/Mega-Server/servidor_minecraft/config/Config_Unbanished.toml
[16Oct2025 22:14:22.994] [Thread-3/DEBUG] [net.minecraftforge.fml.config.ConfigFileTypeHandler/CONFIG]: Config file endermail-common.toml changed, sending notifies
[16Oct2025 22:14:22.994] [main/DEBUG] [net.minecraftforge.fml.config.ConfigFileTypeHandler/CONFIG]: Watching TOML config file /workspaces/Mega-Server/servidor_minecraft/config/Config_Unbanished.toml for changes
[16Oct2025 22:14:22.994] [main/DEBUG] [net.minecraftforge.fml.config.ConfigFileTypeHandler/CONFIG]: Built TOML config for /workspaces/Mega-Server/servidor_minecraft/config/vampirism-common.toml
[16Oct2025 22:14:22.995] [main/DEBUG] [net.minecraftforge.fml.config.ConfigFileTypeHandler/CONFIG]: Loaded TOML config file /workspaces/Mega-Server/servidor_minecraft/config/vampirism-common.toml
[16Oct2025 22:14:22.995] [main/DEBUG] [net.minecraftforge.fml.config.ConfigFileTypeHandler/CONFIG]: Watching TOML config file /workspaces/Mega-Server/servidor_minecraft/config/vampirism-common.toml for changes
[16Oct2025 22:14:22.995] [Thread-3/DEBUG] [net.minecraftforge.fml.config.ConfigFileTypeHandler/CONFIG]: Config file vampirism-common.toml changed, sending notifies
[16Oct2025 22:14:22.996] [Thread-3/DEBUG] [net.minecraftforge.fml.config.ConfigFileTypeHandler/CONFIG]: Config file vampirism-common.toml changed, sending notifies
[16Oct2025 22:14:23.001] [modloading-worker-0/DEBUG] [mixin/]: Mixing MixinSlotAttribute from curios.mixins.json into top.theillusivec4.curios.api.SlotAttribute
[16Oct2025 22:14:23.004] [modloading-worker-0/DEBUG] [mixin/]: Mixing MixinCuriosApi from curios.mixins.json into top.theillusivec4.curios.api.CuriosApi
[16Oct2025 22:14:23.149] [Forge Version Check/INFO] [net.minecraftforge.fml.VersionChecker/]: [trade_cycling] Starting version check at https://update.maxhenkel.de/forge/trade_cycling
[16Oct2025 22:14:23.204] [main/DEBUG] [net.minecraftforge.fml.DeferredWorkQueue/LOADING]: Dispatching synchronous work for work queue COMMON_SETUP: 17 jobs
[16Oct2025 22:14:23.265] [main/INFO] [tacz/SYNCED_ENTITY_DATA_TAC_COPY]: Registered synced data key tacz:shoot_cool_down for minecraft:living_entity
[16Oct2025 22:14:23.266] [main/INFO] [tacz/SYNCED_ENTITY_DATA_TAC_COPY]: Registered synced data key tacz:melee_cool_down for minecraft:living_entity
[16Oct2025 22:14:23.266] [main/INFO] [tacz/SYNCED_ENTITY_DATA_TAC_COPY]: Registered synced data key tacz:reload_state for minecraft:living_entity
[16Oct2025 22:14:23.266] [main/INFO] [tacz/SYNCED_ENTITY_DATA_TAC_COPY]: Registered synced data key tacz:aiming_progress for minecraft:living_entity
[16Oct2025 22:14:23.266] [main/INFO] [tacz/SYNCED_ENTITY_DATA_TAC_COPY]: Registered synced data key tacz:draw_cool_down for minecraft:living_entity
[16Oct2025 22:14:23.266] [main/INFO] [tacz/SYNCED_ENTITY_DATA_TAC_COPY]: Registered synced data key tacz:is_aiming for minecraft:living_entity
[16Oct2025 22:14:23.266] [main/INFO] [tacz/SYNCED_ENTITY_DATA_TAC_COPY]: Registered synced data key tacz:sprint_time for minecraft:living_entity
[16Oct2025 22:14:23.266] [main/INFO] [tacz/SYNCED_ENTITY_DATA_TAC_COPY]: Registered synced data key tacz:is_bolting for minecraft:living_entity
[16Oct2025 22:14:23.266] [main/INFO] [tacz/SYNCED_ENTITY_DATA_TAC_COPY]: Registered synced data key tacz:throwable_using for minecraft:living_entity
[16Oct2025 22:14:23.315] [main/DEBUG] [mixin/]: Mixing MapDecorationTypeMixin from alexscaves.mixins.json into net.minecraft.world.level.saveddata.maps.MapDecoration$Type
[16Oct2025 22:14:23.315] [main/DEBUG] [mixin/]: Renaming @Invoker method ac_invokeInit(Ljava/lang/String;IZIZ)Lnet/minecraft/world/level/saveddata/maps/MapDecoration$Type; to ac_invokeInit_$md$a7d183$0 in alexscaves.mixins.json:MapDecorationTypeMixin
[16Oct2025 22:14:23.324] [main/INFO] [de.teamlapen.vampirism.core.ModEffects/]: Fixing vanilla night vision potion types
[16Oct2025 22:14:23.335] [main/DEBUG] [mixin/]: Mixing EntitySubPredicateTypesAccessor from vampirism.mixins.json into net.minecraft.advancements.critereon.EntitySubPredicate$Types
[16Oct2025 22:14:23.336] [main/DEBUG] [mixin/]: Renaming @Accessor method setTypes(Lcom/google/common/collect/BiMap;)V to setTypes_$md$a7d183$0 in vampirism.mixins.json:EntitySubPredicateTypesAccessor
[16Oct2025 22:14:23.353] [main/DEBUG] [net.minecraftforge.fml.DeferredWorkQueue/LOADING]: Synchronous work queue completed in 148.6 ms
[16Oct2025 22:14:23.366] [main/DEBUG] [net.minecraftforge.fml.DeferredWorkQueue/LOADING]: Dispatching synchronous work for work queue ENQUEUE_IMC: 4 jobs
[16Oct2025 22:14:23.367] [main/DEBUG] [net.minecraftforge.fml.DeferredWorkQueue/LOADING]: Synchronous work queue completed in 1.181 ms
[16Oct2025 22:14:23.368] [modloading-worker-0/INFO] [io.redspace.ironsspellbooks.IronsSpellbooks/]: Got IMC []
[16Oct2025 22:14:23.382] [main/DEBUG] [net.minecraftforge.fml.DeferredWorkQueue/LOADING]: Dispatching synchronous work for work queue COMPLETE: 4 jobs
[16Oct2025 22:14:23.385] [main/INFO] [de.teamlapen.vampirism.core.ModEffects/]: Fixing vanilla night vision potion types
[16Oct2025 22:14:23.386] [main/DEBUG] [net.minecraftforge.fml.DeferredWorkQueue/LOADING]: Synchronous work queue completed in 4.165 ms
[16Oct2025 22:14:23.656] [Forge Version Check/DEBUG] [net.minecraftforge.fml.VersionChecker/]: [trade_cycling] Received version check data:
{"1.20.2":{"1.20.2-1.0.8":"Updated update checker URL\nUpdated config builder","1.20.2-1.0.7":""},"1.21.1":{"1.21.1-1.0.18":"Updated Simplified Chinese translation"},"1.20.1":{"1.20.1-1.0.7":"","1.20.1-1.0.18":"Updated Simplified Chinese translation"},"1.21":{"1.21-1.0.13":"Updated dependencies\nFixed crash"},"1.20":{"1.20-1.0.5":"Updated to 1.20"},"1.19":{"1.19-1.0.5":"Fixed visual desync when cycling discounted trades"},"1.18.2":{"1.18.2-1.0.2":"Updated to 1.18.2"},"1.19.1":{"1.19.1-1.0.5":"Fixed visual desync when cycling discounted trades"},"1.19.2":{"1.19.2-1.0.5":"Fixed visual desync when cycling discounted trades","1.19.2-1.0.14":"Added Traditional Chinese translation"},"1.19.3":{"1.19.3-1.0.5":"Updated to 1.19.3"},"1.21.10":{"1.21.10-1.0.19":"Updated to 1.21.10"},"1.19.4":{"1.19.4-1.0.5":"Updated to 1.19.4"},"1.21.7":{"1.21.7-1.0.19":"Updated to 1.21.7"},"1.21.6":{"1.21.6-1.0.19":"Fixed Visible Traders integration"},"1.21.9":{"1.21.9-1.0.19":"Updated to 1.21.9"},"1.18.1":{"1.18.1-1.0.2":"Fixed duplication bug"},"1.21.8":{"1.21.8-1.0.19":"Updated to 1.21.8"},"1.20.4":{"1.20.4-1.0.7":"Updated to 1.20.4","1.20.4-1.0.11":""},"1.21.3":{"1.21.3-1.0.15":"Updated to 1.21.3"},"promos":{"1.18.1-latest":"1.18.1-1.0.2","1.21.4-latest":"1.21.4-1.0.18","1.21.3-latest":"1.21.3-1.0.15","1.18.2-latest":"1.18.2-1.0.2","1.20-recommended":"1.20-1.0.5","1.19.3-recommended":"1.19.3-1.0.5","1.19.1-recommended":"1.19.1-1.0.5","1.21.6-latest":"1.21.6-1.0.19","1.21.5-latest":"1.21.5-1.0.18","1.21.1-latest":"1.21.1-1.0.18","1.19.4-recommended":"1.19.4-1.0.5","1.19-latest":"1.19-1.0.5","1.19.2-recommended":"1.19.2-1.0.5","1.21.9-latest":"1.21.9-1.0.19","1.21.8-latest":"1.21.8-1.0.19","1.20.4-recommended":"1.20.4-1.0.7","1.21.7-latest":"1.21.7-1.0.19","1.21-latest":"1.21-1.0.13","1.20.1-recommended":"1.20.1-1.0.7","1.20.2-recommended":"1.20.2-1.0.7","1.20-latest":"1.20-1.0.5","1.18.2-recommended":"1.18.2-1.0.2","1.21.10-latest":"1.21.10-1.0.19","1.18.1-recommended":"1.18.1-1.0.2","1.20.1-latest":"1.20.1-1.0.18","1.20.2-latest":"1.20.2-1.0.8","1.19.2-latest":"1.19.2-1.0.14","1.19.4-latest":"1.19.4-1.0.5","1.19.3-latest":"1.19.3-1.0.5","1.19-recommended":"1.19-1.0.5","1.20.4-latest":"1.20.4-1.0.11","1.19.1-latest":"1.19.1-1.0.5","1.20.6-latest":"1.20.6-1.0.11"},"1.20.6":{"1.20.6-1.0.11":"Updated to 1.20.6"},"1.21.5":{"1.21.5-1.0.18":"Updated Simplified Chinese translation"},"1.21.4":{"1.21.4-1.0.18":"Updated Simplified Chinese translation"},"homepage":"https://modrepo.de/minecraft/trade_cycling/overview"}
[16Oct2025 22:14:23.659] [Forge Version Check/INFO] [net.minecraftforge.fml.VersionChecker/]: [trade_cycling] Found status: AHEAD Current: 1.20.1-1.0.18 Target: null
[16Oct2025 22:14:23.660] [Forge Version Check/INFO] [net.minecraftforge.fml.VersionChecker/]: [tombstone] Starting version check at https://raw.githubusercontent.com/Corail31/tombstone_lite/master/update.json
[16Oct2025 22:14:23.699] [Forge Version Check/DEBUG] [net.minecraftforge.fml.VersionChecker/]: [tombstone] Received version check data:
{
	"homepage": "https://www.curseforge.com/minecraft/mc-mods/corail-tombstone",
	"promos": {
		"1.21.8-latest": "9.5.9",
		"1.21.8-recommended": "9.5.9",
		"1.21.7-latest": "9.5.9",
		"1.21.7-recommended": "9.5.9",
		"1.21.6-latest": "9.5.1",
		"1.21.6-recommended": "9.5.1",
		"1.21.5-latest": "9.4.3",
		"1.21.5-recommended": "9.4.3",
		"1.21.4-latest": "9.3.9",
		"1.21.4-recommended": "9.3.9",
		"1.21.3-latest": "9.2.4",
		"1.21.3-recommended": "9.2.4",
		"1.21.1-latest": "9.1.10",
		"1.21.1-recommended": "9.1.10",
		"1.20.4-latest": "8.6.4",
		"1.20.4-recommended": "8.6.4",
		"1.20.2-latest": "8.6.3",
		"1.20.2-recommended": "8.6.3",
		"1.20.1-latest": "9.0.9",
		"1.20.1-recommended": "9.0.9",
		"1.19.4-latest": "8.4.2",
		"1.19.4-recommended": "8.4.2",
		"1.19.3-latest": "8.3.2",
		"1.19.3-recommended": "8.3.2",
		"1.19.2-latest": "8.3.9",
		"1.19.2-recommended": "8.3.9",
		"1.19.1-latest": "8.1.0",
		"1.19.1-recommended": "8.1.0",
		"1.18.2-latest": "7.7.7",
		"1.18.2-recommended": "7.7.7",
		"1.18.1-latest": "7.4.1",
		"1.18.1-recommended": "7.4.1",
		"1.17.1-latest": "7.3.0",
		"1.17.1-recommended": "7.3.0",
		"1.16.5-latest": "6.9.7",
		"1.16.5-recommended": "6.9.7",
		"1.15.2-latest": "4.6.0",
		"1.15.2-recommended": "4.6.0",
		"1.14.4-latest": "4.3.6",
		"1.14.4-recommended": "4.3.6",
		"1.13.2-latest": "3.5.2",
		"1.13.2-recommended": "3.5.2",
		"1.12.2-latest": "4.7.5",
		"1.12.2-recommended": "4.7.5",
		"1.11.2-latest": "2.9.0.1",
		"1.11.2-recommended": "2.9.0.1",
		"1.10.2-latest": "2.9.4",
		"1.10.2-recommended": "2.9.4",
		"1.9.4-latest": "1.4.1",
		"1.9.4-recommended": "1.4.1",
		"1.8.9-latest": "1.4.1",
		"1.8.9-recommended": "1.4.1"
	},
	"1.21.8": {
		"9.5.9": "improvements",
		"9.5.8": "reworks the perk system & improves all guiscreens",
		"9.5.7": "fourth forgotten knowledge",
		"9.5.6": "third forgotten knowledge & ritual flute"
	},
	"1.21.7": {
		"9.5.8": "final version"
	},
	"1.21.6": {
		"9.5.1": "final version"
	},
	"1.21.5": {
		"9.4.3": "final version"
	},
	"1.21.4": {
		"9.3.9": "final version"
	},
	"1.21.3": {
		"9.2.4": "final version"
	},
	"1.21.1": {
		"9.1.10": "final version"
	},
	"1.20.4": {
		"8.6.4": "final version"
	},
	"1.20.2": {
		"8.6.3": "final version"
	},
	"1.20.1": {
		"9.0.9": "fixes",
		"9.0.8": "improvements",
		"9.0.7": "reworks the perk system",
		"9.0.6": "improves all guiscreens",
		"9.0.5": "fourth forgotten knowledge",
		"9.0.4": "third forgotten knowledge & ritual flute",
		"9.0.3": "screaming graves",
		"9.0.2": "second forgotten knowledge & readable scrolls",
		"9.0.1": "new event Spring Bloom",
		"9.0.0": "first forgotten knowledge"
	},
	"1.19.4": {
		"8.4.2": "final version"
	},
	"1.19.2": {
		"8.3.9": "final version"
	},
	"1.18.2": {
		"7.7.7": "final version"
	},
	"1.16.5": {
		"6.9.7": "final version"
	},
	"1.12.2": {
		"4.7.5": "final version"
	}
}
[16Oct2025 22:14:23.700] [Forge Version Check/INFO] [net.minecraftforge.fml.VersionChecker/]: [tombstone] Found status: UP_TO_DATE Current: 9.0.9 Target: null
[16Oct2025 22:14:23.700] [Forge Version Check/INFO] [net.minecraftforge.fml.VersionChecker/]: [vampirism] Starting version check at https://api.modrinth.com/updates/vampirism/forge_updates.json
[16Oct2025 22:14:23.884] [Forge Version Check/DEBUG] [net.minecraftforge.fml.VersionChecker/]: [vampirism] Received version check data:
{"homepage":"https://modrinth.com/mod/vampirism","promos":{"1.20.1-latest":"1.10.13","1.16.5-latest":"1.16.5-1.9.10","1.19.3-latest":"1.19.3-1.9.1","1.18.2-latest":"1.18.2-1.8.8","1.19.2-recommended":"1.19.2-1.9.5","1.14.4-latest":"1.14.4-1.7.1","1.19.1-latest":"1.19.1-1.8.0-alpha+20220729-2305","1.12.2-recommended":"1.12.2-1.6.2","1.19.4-recommended":"1.19.4-1.9.3","1.18.1-latest":"1.18.1-1.8.1","1.18.2-recommended":"1.18.2-1.8.8","1.15.2-recommended":"1.15.2-1.7.2","1.16.4-recommended":"1.16.4-1.7.12","1.12.2-latest":"1.12.2-1.6.2","1.15.2-latest":"1.15.2-1.7.2","1.20.1-recommended":"1.10.13","1.19.2-latest":"1.19.2-1.9.5","1.19.3-recommended":"1.19.3-1.9.1","1.17.1-latest":"1.17.1-1.8.4-beta.1","1.14.4-recommended":"1.14.4-1.7.1","1.18.1-recommended":"1.18.1-1.8.1","1.16.5-recommended":"1.16.5-1.9.10","1.16.4-latest":"1.16.4-1.7.12","1.19.4-latest":"1.19.4-1.9.3"}}
[16Oct2025 22:14:23.884] [Forge Version Check/INFO] [net.minecraftforge.fml.VersionChecker/]: [vampirism] Found status: UP_TO_DATE Current: 1.10.13 Target: null
[16Oct2025 22:14:23.884] [Forge Version Check/INFO] [net.minecraftforge.fml.VersionChecker/]: [forge] Starting version check at https://files.minecraftforge.net/net/minecraftforge/forge/promotions_slim.json
[16Oct2025 22:14:24.011] [Forge Version Check/DEBUG] [net.minecraftforge.fml.VersionChecker/]: [forge] Received version check data:
{
  "homepage": "https://files.minecraftforge.net/net/minecraftforge/forge/",
  "promos": {
    "1.1-latest": "1.3.4.29",
    "1.2.3-latest": "1.4.1.64",
    "1.2.4-latest": "2.0.0.68",
    "1.2.5-latest": "3.4.9.171",
    "1.3.2-latest": "4.3.5.318",
    "1.4.0-latest": "5.0.0.326",
    "1.4.1-latest": "6.0.0.329",
    "1.4.2-latest": "6.0.1.355",
    "1.4.3-latest": "6.2.1.358",
    "1.4.4-latest": "6.3.0.378",
    "1.4.5-latest": "6.4.2.448",
    "1.4.6-latest": "6.5.0.489",
    "1.4.7-latest": "6.6.2.534",
    "1.5-latest": "7.7.0.598",
    "1.5.1-latest": "7.7.2.682",
    "1.5.2-latest": "7.8.1.738",
    "1.5.2-recommended": "7.8.1.738",
    "1.6.1-latest": "8.9.0.775",
    "1.6.2-latest": "9.10.1.871",
    "1.6.2-recommended": "9.10.1.871",
    "1.6.3-latest": "9.11.0.878",
    "1.6.4-latest": "9.11.1.1345",
    "1.6.4-recommended": "9.11.1.1345",
    "1.7.2-latest": "10.12.2.1161",
    "1.7.2-recommended": "10.12.2.1161",
    "1.7.10_pre4-latest": "10.12.2.1149",
    "1.7.10-latest": "10.13.4.1614",
    "1.7.10-recommended": "10.13.4.1614",
    "1.8-latest": "11.14.4.1577",
    "1.8-recommended": "11.14.4.1563",
    "1.8.8-latest": "11.15.0.1655",
    "1.8.9-latest": "11.15.1.2318",
    "1.8.9-recommended": "11.15.1.2318",
    "1.9-latest": "12.16.1.1938",
    "1.9-recommended": "12.16.1.1887",
    "1.9.4-latest": "12.17.0.2317",
    "1.9.4-recommended": "12.17.0.2317",
    "1.10-latest": "12.18.0.2000",
    "1.10.2-latest": "12.18.3.2511",
    "1.10.2-recommended": "12.18.3.2511",
    "1.11-latest": "13.19.1.2199",
    "1.11-recommended": "13.19.1.2189",
    "1.11.2-latest": "13.20.1.2588",
    "1.11.2-recommended": "13.20.1.2588",
    "1.12-latest": "14.21.1.2443",
    "1.12-recommended": "14.21.1.2387",
    "1.12.1-latest": "14.22.1.2485",
    "1.12.1-recommended": "14.22.1.2478",
    "1.12.2-latest": "14.23.5.2860",
    "1.12.2-recommended": "14.23.5.2859",
    "1.13.2-latest": "25.0.223",
    "1.14.2-latest": "26.0.63",
    "1.14.3-latest": "27.0.60",
    "1.14.4-latest": "28.2.26",
    "1.14.4-recommended": "28.2.26",
    "1.15-latest": "29.0.4",
    "1.15.1-latest": "30.0.51",
    "1.15.2-latest": "31.2.60",
    "1.15.2-recommended": "31.2.57",
    "1.16.1-latest": "32.0.108",
    "1.16.2-latest": "33.0.61",
    "1.16.3-latest": "34.1.42",
    "1.16.3-recommended": "34.1.0",
    "1.16.4-latest": "35.1.37",
    "1.16.4-recommended": "35.1.4",
    "1.16.5-latest": "36.2.42",
    "1.16.5-recommended": "36.2.34",
    "1.17.1-latest": "37.1.1",
    "1.17.1-recommended": "37.1.1",
    "1.18-latest": "38.0.17",
    "1.18.1-latest": "39.1.2",
    "1.18.1-recommended": "39.1.0",
    "1.18.2-recommended": "40.3.0",
    "1.18.2-latest": "40.3.11",
    "1.19-latest": "41.1.0",
    "1.19-recommended": "41.1.0",
    "1.19.1-latest": "42.0.9",
    "1.19.2-recommended": "43.5.0",
    "1.19.2-latest": "43.5.1",
    "1.19.3-latest": "44.1.23",
    "1.19.3-recommended": "44.1.0",
    "1.19.4-recommended": "45.4.0",
    "1.19.4-latest": "45.4.2",
    "1.20-latest": "46.0.14",
    "1.20.1-recommended": "47.4.0",
    "1.20.1-latest": "47.4.10",
    "1.20.2-latest": "48.1.0",
    "1.20.2-recommended": "48.1.0",
    "1.20.3-latest": "49.0.2",
    "1.20.4-latest": "49.2.2",
    "1.20.4-recommended": "49.2.0",
    "1.20.6-latest": "50.2.2",
    "1.20.6-recommended": "50.2.0",
    "1.21-latest": "51.0.33",
    "1.21.1-latest": "52.1.5",
    "1.21.1-recommended": "52.1.0",
    "1.21.3-latest": "53.1.4",
    "1.21.3-recommended": "53.1.0",
    "1.21.4-latest": "54.1.8",
    "1.21.4-recommended": "54.1.0",
    "1.21.5-latest": "55.1.2",
    "1.21.5-recommended": "55.1.0",
    "1.21.6-latest": "56.0.9",
    "1.21.7-latest": "57.0.3",
    "1.21.8-latest": "58.1.7",
    "1.21.8-recommended": "58.1.0",
    "1.21.9-latest": "59.0.5",
    "1.21.10-latest": "60.0.5"
  }
}
[16Oct2025 22:14:24.012] [Forge Version Check/INFO] [net.minecraftforge.fml.VersionChecker/]: [forge] Found status: OUTDATED Current: 47.3.7 Target: 47.4.0
[16Oct2025 22:14:25.567] [main/INFO] [com.mojang.authlib.yggdrasil.YggdrasilAuthenticationService/]: Environment: authHost='https://authserver.mojang.com', accountsHost='https://api.mojang.com', sessionHost='https://sessionserver.mojang.com', servicesHost='https://api.minecraftservices.com', name='PROD'
[16Oct2025 22:14:25.588] [main/DEBUG] [mixin/]: Mixing DataFixLevelStorageSourceMixin from mixins.irons_spellbooks.json into net.minecraft.world.level.storage.LevelStorageSource
[16Oct2025 22:14:26.802] [main/WARN] [net.minecraft.server.packs.VanillaPackResourcesBuilder/]: Assets URL 'union:/workspaces/Mega-Server/servidor_minecraft/libraries/net/minecraft/server/1.20.1-20230612.114412/server-1.20.1-20230612.114412-srg.jar%23147!/assets/.mcassetsroot' uses unexpected schema
[16Oct2025 22:14:26.802] [main/WARN] [net.minecraft.server.packs.VanillaPackResourcesBuilder/]: Assets URL 'union:/workspaces/Mega-Server/servidor_minecraft/libraries/net/minecraft/server/1.20.1-20230612.114412/server-1.20.1-20230612.114412-srg.jar%23147!/data/.mcassetsroot' uses unexpected schema
[16Oct2025 22:14:26.806] [main/DEBUG] [io.redspace.ironsspellbooks.IronsSpellbooks/]: addPackFinders
[16Oct2025 22:14:26.885] [main/DEBUG] [net.minecraftforge.fml.config.ConfigTracker/CONFIG]: Config file tacz-pre.toml for minecraft tracking
[16Oct2025 22:14:26.885] [main/DEBUG] [net.minecraftforge.fml.config.ConfigFileTypeHandler/CONFIG]: Built TOML config for /workspaces/Mega-Server/servidor_minecraft/tacz/tacz-pre.toml
[16Oct2025 22:14:26.886] [main/DEBUG] [net.minecraftforge.fml.config.ConfigFileTypeHandler/CONFIG]: Loaded TOML config file /workspaces/Mega-Server/servidor_minecraft/tacz/tacz-pre.toml
[16Oct2025 22:14:26.886] [main/DEBUG] [net.minecraftforge.fml.config.ConfigFileTypeHandler/CONFIG]: Watching TOML config file /workspaces/Mega-Server/servidor_minecraft/tacz/tacz-pre.toml for changes
[16Oct2025 22:14:26.887] [Thread-3/DEBUG] [net.minecraftforge.fml.config.ConfigFileTypeHandler/CONFIG]: Config file tacz-pre.toml changed, sending notifies
[16Oct2025 22:14:26.887] [Thread-3/DEBUG] [net.minecraftforge.fml.config.ConfigFileTypeHandler/CONFIG]: Config file tacz-pre.toml changed, sending notifies
[16Oct2025 22:14:40.830] [main/INFO] [tacz/GunPackFinder]: Start scanning for gun packs in /workspaces/Mega-Server/servidor_minecraft/tacz
[16Oct2025 22:14:40.832] [main/INFO] [tacz/GunPackFinder]: - tacz_default_gun, Main namespace: tacz
[16Oct2025 22:14:40.832] [main/INFO] [tacz/GunPackFinder]: Found 1 possible gunpack(s) and added them to resource set.
[16Oct2025 22:14:40.882] [main/DEBUG] [net.minecraftforge.server.ServerLifecycleHooks/CORE]: Generating PackInfo named mod:trade_cycling for mod file /workspaces/Mega-Server/servidor_minecraft/mods/trade-cycling-forge-1.20.1-1.0.18.jar
[16Oct2025 22:14:40.882] [main/DEBUG] [net.minecraftforge.server.ServerLifecycleHooks/CORE]: Generating PackInfo named mod:mcef for mod file /workspaces/Mega-Server/servidor_minecraft/mods/mcef-forge-2.1.6-1.20.1.jar
[16Oct2025 22:14:40.882] [main/DEBUG] [net.minecraftforge.server.ServerLifecycleHooks/CORE]: Generating PackInfo named mod:geckolib for mod file /workspaces/Mega-Server/servidor_minecraft/mods/geckolib-forge-1.20.1-4.7.4.jar
[16Oct2025 22:14:40.883] [main/DEBUG] [net.minecraftforge.server.ServerLifecycleHooks/CORE]: Generating PackInfo named mod:playeranimator for mod file /workspaces/Mega-Server/servidor_minecraft/mods/player-animation-lib-forge-1.0.2-rc1+1.20.jar
[16Oct2025 22:14:40.883] [main/DEBUG] [net.minecraftforge.server.ServerLifecycleHooks/CORE]: Generating PackInfo named mod:jei for mod file /workspaces/Mega-Server/servidor_minecraft/mods/jei-1.20.1-forge-15.20.0.116.jar
[16Oct2025 22:14:40.883] [main/DEBUG] [net.minecraftforge.server.ServerLifecycleHooks/CORE]: Generating PackInfo named mod:tacz for mod file /workspaces/Mega-Server/servidor_minecraft/mods/tacz-1.20.1-1.1.6-hotfix.jar
[16Oct2025 22:14:40.883] [main/DEBUG] [net.minecraftforge.server.ServerLifecycleHooks/CORE]: Generating PackInfo named mod:caelus for mod file /workspaces/Mega-Server/servidor_minecraft/mods/caelus-forge-3.2.0+1.20.1.jar
[16Oct2025 22:14:40.884] [main/DEBUG] [net.minecraftforge.server.ServerLifecycleHooks/CORE]: Generating PackInfo named mod:sophisticatedcore for mod file /workspaces/Mega-Server/servidor_minecraft/mods/sophisticatedcore-1.20.1-1.2.96.1185.jar
[16Oct2025 22:14:40.884] [main/DEBUG] [net.minecraftforge.server.ServerLifecycleHooks/CORE]: Generating PackInfo named mod:curios for mod file /workspaces/Mega-Server/servidor_minecraft/mods/curios-forge-5.14.1+1.20.1.jar
[16Oct2025 22:14:40.885] [main/DEBUG] [net.minecraftforge.server.ServerLifecycleHooks/CORE]: Generating PackInfo named mod:citadel for mod file /workspaces/Mega-Server/servidor_minecraft/mods/citadel-2.6.2-1.20.1.jar
[16Oct2025 22:14:40.885] [main/DEBUG] [net.minecraftforge.server.ServerLifecycleHooks/CORE]: Generating PackInfo named mod:alexscaves for mod file /workspaces/Mega-Server/servidor_minecraft/mods/alexscaves-2.0.2.jar
[16Oct2025 22:14:40.886] [main/DEBUG] [net.minecraftforge.server.ServerLifecycleHooks/CORE]: Generating PackInfo named mod:irons_spellbooks for mod file /workspaces/Mega-Server/servidor_minecraft/mods/irons_spellbooks-1.20.1-3.4.0.9.jar
[16Oct2025 22:14:40.886] [main/DEBUG] [net.minecraftforge.server.ServerLifecycleHooks/CORE]: Generating PackInfo named mod:mixinextras for mod file 
[16Oct2025 22:14:40.886] [main/DEBUG] [net.minecraftforge.server.ServerLifecycleHooks/CORE]: Generating PackInfo named mod:tombstone for mod file /workspaces/Mega-Server/servidor_minecraft/mods/tombstone-1.20.1-9.0.9.jar
[16Oct2025 22:14:40.886] [main/DEBUG] [net.minecraftforge.server.ServerLifecycleHooks/CORE]: Generating PackInfo named mod:sophisticatedbackpacks for mod file /workspaces/Mega-Server/servidor_minecraft/mods/sophisticatedbackpacks-1.20.1-3.24.8.1386.jar
[16Oct2025 22:14:40.887] [main/DEBUG] [net.minecraftforge.server.ServerLifecycleHooks/CORE]: Generating PackInfo named mod:coroutil for mod file /workspaces/Mega-Server/servidor_minecraft/mods/coroutil-forge-1.20.1-1.3.7.jar
[16Oct2025 22:14:40.887] [main/DEBUG] [net.minecraftforge.server.ServerLifecycleHooks/CORE]: Generating PackInfo named mod:architectury for mod file /workspaces/Mega-Server/servidor_minecraft/mods/architectury-9.2.14-forge.jar
[16Oct2025 22:14:40.887] [main/DEBUG] [net.minecraftforge.server.ServerLifecycleHooks/CORE]: Generating PackInfo named mod:octolib for mod file /workspaces/Mega-Server/servidor_minecraft/mods/OctoLib-FORGE-0.5.0.1+1.20.1.jar
[16Oct2025 22:14:40.887] [main/DEBUG] [net.minecraftforge.server.ServerLifecycleHooks/CORE]: Generating PackInfo named mod:vampirism for mod file /workspaces/Mega-Server/servidor_minecraft/mods/Vampirism-1.20.1-1.10.13.jar
[16Oct2025 22:14:40.887] [main/DEBUG] [net.minecraftforge.server.ServerLifecycleHooks/CORE]: Generating PackInfo named mod:iceandfire for mod file /workspaces/Mega-Server/servidor_minecraft/mods/iceandfire-2.1.13-1.20.1-beta-5.jar
[16Oct2025 22:14:40.888] [main/DEBUG] [net.minecraftforge.server.ServerLifecycleHooks/CORE]: Generating PackInfo named mod:crucifix for mod file /workspaces/Mega-Server/servidor_minecraft/mods/crucifix-1.3.1-forge-1.20.1.jar
[16Oct2025 22:14:40.888] [main/DEBUG] [net.minecraftforge.server.ServerLifecycleHooks/CORE]: Generating PackInfo named mod:watut for mod file /workspaces/Mega-Server/servidor_minecraft/mods/watut-forge-1.20.1-1.2.3.jar
[16Oct2025 22:14:40.888] [main/DEBUG] [net.minecraftforge.server.ServerLifecycleHooks/CORE]: Generating PackInfo named mod:forge for mod file /workspaces/Mega-Server/servidor_minecraft/libraries/net/minecraftforge/forge/1.20.1-47.3.7/forge-1.20.1-47.3.7-universal.jar
[16Oct2025 22:14:40.888] [main/DEBUG] [net.minecraftforge.server.ServerLifecycleHooks/CORE]: Generating PackInfo named mod:webdisplays for mod file /workspaces/Mega-Server/servidor_minecraft/mods/webdisplays-2.0.2-1.20.1.jar
[16Oct2025 22:14:40.888] [main/DEBUG] [net.minecraftforge.server.ServerLifecycleHooks/CORE]: Generating PackInfo named mod:endermail for mod file /workspaces/Mega-Server/servidor_minecraft/mods/EnderMail-1.20.1-1.2.9.jar
[16Oct2025 22:14:41.732] [main/DEBUG] [de.teamlapen.vampirism.world.biome.OverworldModifications/]: Removing biome ResourceKey[minecraft:worldgen/biome / minecraft:taiga] from parameter point ParameterPoint[temperature=[-4500--1500], humidity=[1000-3000], continentalness=[-1900-300], erosion=[-3750-500], depth=0, weirdness=[-5666--4000], offset=0] in overworld preset
[16Oct2025 22:14:41.732] [main/DEBUG] [de.teamlapen.vampirism.world.biome.OverworldModifications/]: Removing biome ResourceKey[minecraft:worldgen/biome / minecraft:taiga] from parameter point ParameterPoint[temperature=[-4500--1500], humidity=[1000-3000], continentalness=[300-10000], erosion=[-3750--2225], depth=0, weirdness=[-5666--4000], offset=0] in overworld preset
[16Oct2025 22:14:41.733] [main/DEBUG] [de.teamlapen.vampirism.world.biome.OverworldModifications/]: Removing biome ResourceKey[minecraft:worldgen/biome / minecraft:taiga] from parameter point ParameterPoint[temperature=[-4500--1500], humidity=[1000-3000], continentalness=[-1100-300], erosion=[-3750--2225], depth=0, weirdness=[-4000--2666], offset=0] in overworld preset
[16Oct2025 22:14:41.733] [main/DEBUG] [de.teamlapen.vampirism.world.biome.OverworldModifications/]: Removing biome ResourceKey[minecraft:worldgen/biome / minecraft:taiga] from parameter point ParameterPoint[temperature=[-4500--1500], humidity=[1000-3000], continentalness=[300-3000], erosion=[-3750--2225], depth=0, weirdness=[-4000--2666], offset=0] in overworld preset
[16Oct2025 22:14:41.734] [main/DEBUG] [de.teamlapen.vampirism.world.biome.OverworldModifications/]: Removing biome ResourceKey[minecraft:worldgen/biome / minecraft:taiga] from parameter point ParameterPoint[temperature=[-4500--1500], humidity=[1000-3000], continentalness=[3000-10000], erosion=[-3750--2225], depth=0, weirdness=[-4000--2666], offset=0] in overworld preset
[16Oct2025 22:14:41.734] [main/DEBUG] [de.teamlapen.vampirism.world.biome.OverworldModifications/]: Removing biome ResourceKey[minecraft:worldgen/biome / minecraft:taiga] from parameter point ParameterPoint[temperature=[-4500--1500], humidity=[1000-3000], continentalness=[-1100-300], erosion=[-3750-500], depth=0, weirdness=[-2666--500], offset=0] in overworld preset
[16Oct2025 22:14:41.735] [main/DEBUG] [de.teamlapen.vampirism.world.biome.OverworldModifications/]: Removing biome ResourceKey[minecraft:worldgen/biome / minecraft:taiga] from parameter point ParameterPoint[temperature=[-4500--1500], humidity=[1000-3000], continentalness=[300-10000], erosion=[-3750-500], depth=0, weirdness=[-2666--500], offset=0] in overworld preset
[16Oct2025 22:14:41.735] [main/DEBUG] [de.teamlapen.vampirism.world.biome.OverworldModifications/]: Removing biome ResourceKey[minecraft:worldgen/biome / minecraft:taiga] from parameter point ParameterPoint[temperature=[-4500--1500], humidity=[1000-3000], continentalness=[-1100-300], erosion=[-3750-500], depth=0, weirdness=[500-2666], offset=0] in overworld preset
[16Oct2025 22:14:41.736] [main/DEBUG] [de.teamlapen.vampirism.world.biome.OverworldModifications/]: Removing biome ResourceKey[minecraft:worldgen/biome / minecraft:taiga] from parameter point ParameterPoint[temperature=[-4500--1500], humidity=[1000-3000], continentalness=[300-10000], erosion=[-3750-500], depth=0, weirdness=[500-2666], offset=0] in overworld preset
[16Oct2025 22:14:41.736] [main/DEBUG] [de.teamlapen.vampirism.world.biome.OverworldModifications/]: Removing biome ResourceKey[minecraft:worldgen/biome / minecraft:taiga] from parameter point ParameterPoint[temperature=[-4500--1500], humidity=[1000-3000], continentalness=[-1100-300], erosion=[-3750--2225], depth=0, weirdness=[2666-4000], offset=0] in overworld preset
[16Oct2025 22:14:41.737] [main/DEBUG] [de.teamlapen.vampirism.world.biome.OverworldModifications/]: Removing biome ResourceKey[minecraft:worldgen/biome / minecraft:taiga] from parameter point ParameterPoint[temperature=[-4500--1500], humidity=[1000-3000], continentalness=[300-3000], erosion=[-3750--2225], depth=0, weirdness=[2666-4000], offset=0] in overworld preset
[16Oct2025 22:14:41.737] [main/DEBUG] [de.teamlapen.vampirism.world.biome.OverworldModifications/]: Removing biome ResourceKey[minecraft:worldgen/biome / minecraft:meadow] from parameter point ParameterPoint[temperature=[-4500--1500], humidity=[1000-3000], continentalness=[3000-10000], erosion=[-3750--2225], depth=0, weirdness=[2666-4000], offset=0] in overworld preset
[16Oct2025 22:14:41.739] [main/DEBUG] [de.teamlapen.vampirism.world.biome.OverworldModifications/]: Removed a total of 12 points from 7593
[16Oct2025 22:14:41.740] [main/INFO] [de.teamlapen.vampirism.world.biome.OverworldModifications/]: Adding biome vampirism:vampire_forest to ParameterPoints [ParameterPoint[temperature=[-4000--1900], humidity=[1000-3000], continentalness=[-1100-5500], erosion=[-3750--2225], depth=0, weirdness=[-5666--500], offset=0], ParameterPoint[temperature=[-4000--1900], humidity=[1000-3000], continentalness=[-1100-5500], erosion=[-3750--2225], depth=0, weirdness=[500-4000], offset=0]] in Preset.OVERWORLD
[16Oct2025 22:14:41.863] [main/DEBUG] [mixin/]: Mixing PrimaryLevelDataMixin from citadel.mixins.json into net.minecraft.world.level.storage.PrimaryLevelData
[16Oct2025 22:14:41.893] [main/DEBUG] [mixin/]: Mixing MixinLootDataManager from architectury.mixins.json into net.minecraft.world.level.storage.loot.LootDataManager
[16Oct2025 22:14:41.910] [main/DEBUG] [mixin/]: Mixing TagManagerAccessor from vampirism.mixins.json into net.minecraft.tags.TagManager
[16Oct2025 22:14:42.035] [main/DEBUG] [net.minecraftforge.coremod.transformer.CoreModBaseTransformer/COREMOD]: Transforming net/minecraft/server/commands/SummonCommand
[16Oct2025 22:14:42.689] [Worker-Main-4/DEBUG] [mixin/]: Mixing MixinNbtPredicate from curios.mixins.json into net.minecraft.advancements.critereon.NbtPredicate
[16Oct2025 22:14:42.746] [Worker-Main-4/DEBUG] [net.minecraftforge.coremod.transformer.CoreModBaseTransformer/COREMOD]: Transforming net/minecraft/world/entity/raid/Raid
[16Oct2025 22:14:43.515] [Worker-Main-4/DEBUG] [tombstone/]: Updating LootTables
[16Oct2025 22:14:43.630] [main/INFO] [net.minecraft.world.item.crafting.RecipeManager/]: Skipping loading recipe vampirism:general/umbrella as it's serializer returned null
[16Oct2025 22:14:43.667] [main/INFO] [net.minecraft.world.item.crafting.RecipeManager/]: Skipping loading recipe vampirism:general/guidebook as it's serializer returned null
[16Oct2025 22:14:43.672] [main/INFO] [net.minecraft.world.item.crafting.RecipeManager/]: Skipping loading recipe vampirism:vampire/blood_bottle as it's serializer returned null
[16Oct2025 22:14:43.679] [main/INFO] [net.minecraft.world.item.crafting.RecipeManager/]: Loaded 12 recipes
[16Oct2025 22:14:43.802] [main/INFO] [net.minecraft.advancements.AdvancementList/]: Loaded 2387 advancements
[16Oct2025 22:14:43.812] [main/INFO] [top.theillusivec4.curios.Curios/]: Loaded 13 curio slots
[16Oct2025 22:14:43.821] [main/INFO] [top.theillusivec4.curios.Curios/]: Loaded 1 curio entities
[16Oct2025 22:14:43.929] [main/DEBUG] [sophisticatedbackpacks/]: Started loading registry data from sophisticatedbackpacks:compat/woot/block_tools 
[16Oct2025 22:14:43.929] [main/DEBUG] [sophisticatedbackpacks/]: Started loading registry data from sophisticatedbackpacks:compat/fluxnetworks/block_tools 
[16Oct2025 22:14:43.929] [main/DEBUG] [sophisticatedbackpacks/]: Started loading registry data from sophisticatedbackpacks:compat/mob_grinding_utils/entity_tools 
[16Oct2025 22:14:43.929] [main/DEBUG] [sophisticatedbackpacks/]: Started loading registry data from sophisticatedbackpacks:compat/astralsorcery/block_tools 
[16Oct2025 22:14:43.929] [main/DEBUG] [sophisticatedbackpacks/]: Started loading registry data from sophisticatedbackpacks:compat/immersivepetroleum/block_tools 
[16Oct2025 22:14:43.929] [main/DEBUG] [sophisticatedbackpacks/]: Started loading registry data from sophisticatedbackpacks:compat/immersiveengineering/block_tools 
[16Oct2025 22:14:43.929] [main/DEBUG] [sophisticatedbackpacks/]: Started loading registry data from sophisticatedbackpacks:compat/pedestals/block_tools 
[16Oct2025 22:14:43.929] [main/DEBUG] [sophisticatedbackpacks/]: Started loading registry data from sophisticatedbackpacks:compat/platforms/block_tools 
[16Oct2025 22:14:43.930] [main/DEBUG] [sophisticatedbackpacks/]: Started loading registry data from sophisticatedbackpacks:compat/rftoolsutility/entity_tools 
[16Oct2025 22:14:43.930] [main/DEBUG] [sophisticatedbackpacks/]: Started loading registry data from sophisticatedbackpacks:compat/compactmachines/block_tools 
[16Oct2025 22:14:43.930] [main/DEBUG] [sophisticatedbackpacks/]: Started loading registry data from sophisticatedbackpacks:compat/mcwwindows/block_tools 
[16Oct2025 22:14:43.930] [main/DEBUG] [sophisticatedbackpacks/]: Started loading registry data from sophisticatedbackpacks:compat/integrateddynamics/block_tools 
[16Oct2025 22:14:43.930] [main/DEBUG] [sophisticatedbackpacks/]: Started loading registry data from sophisticatedbackpacks:entity_tools 
[16Oct2025 22:14:43.932] [main/DEBUG] [sophisticatedbackpacks/]: Finished loading registry data for sophisticatedbackpacks:entity_tools
[16Oct2025 22:14:43.932] [main/DEBUG] [sophisticatedbackpacks/]: Started loading registry data from sophisticatedbackpacks:compat/mekanism/block_tools 
[16Oct2025 22:14:43.932] [main/DEBUG] [sophisticatedbackpacks/]: Started loading registry data from sophisticatedbackpacks:compat/powah/block_tools 
[16Oct2025 22:14:43.932] [main/DEBUG] [sophisticatedbackpacks/]: Started loading registry data from sophisticatedbackpacks:compat/apotheosis/entity_tools 
[16Oct2025 22:14:43.932] [main/DEBUG] [sophisticatedbackpacks/]: Started loading registry data from sophisticatedbackpacks:compat/bloodmagic/block_tools 
[16Oct2025 22:14:43.932] [main/DEBUG] [sophisticatedbackpacks/]: Started loading registry data from sophisticatedbackpacks:compat/immersiveposts/block_tools 
[16Oct2025 22:14:43.932] [main/DEBUG] [sophisticatedbackpacks/]: Started loading registry data from sophisticatedbackpacks:compat/rats/entity_tools 
[16Oct2025 22:14:43.932] [main/DEBUG] [sophisticatedbackpacks/]: Started loading registry data from sophisticatedbackpacks:compat/framedcompactdrawers/block_tools 
[16Oct2025 22:14:43.932] [main/DEBUG] [sophisticatedbackpacks/]: Started loading registry data from sophisticatedbackpacks:compat/iceandfire/entity_tools 
[16Oct2025 22:14:43.932] [main/DEBUG] [sophisticatedbackpacks/]: Finished loading registry data for sophisticatedbackpacks:compat/iceandfire/entity_tools
[16Oct2025 22:14:43.932] [main/DEBUG] [sophisticatedbackpacks/]: Started loading registry data from sophisticatedbackpacks:compat/storagedrawers/block_tools 
[16Oct2025 22:14:43.932] [main/DEBUG] [sophisticatedbackpacks/]: Started loading registry data from sophisticatedbackpacks:compat/mcwroofs/block_tools 
[16Oct2025 22:14:43.932] [main/DEBUG] [sophisticatedbackpacks/]: Started loading registry data from sophisticatedbackpacks:compat/morphtool/block_tools 
[16Oct2025 22:14:43.932] [main/DEBUG] [sophisticatedbackpacks/]: Started loading registry data from sophisticatedbackpacks:compat/botania/block_tools 
[16Oct2025 22:14:43.932] [main/DEBUG] [sophisticatedbackpacks/]: Started loading registry data from sophisticatedbackpacks:compat/pneumaticraft/block_tools 
[16Oct2025 22:14:43.932] [main/DEBUG] [sophisticatedbackpacks/]: Started loading registry data from sophisticatedbackpacks:compat/shrink/entity_tools 
[16Oct2025 22:14:43.932] [main/DEBUG] [sophisticatedbackpacks/]: Started loading registry data from sophisticatedbackpacks:compat/blockcarpentry/block_tools 
[16Oct2025 22:14:43.932] [main/DEBUG] [sophisticatedbackpacks/]: Started loading registry data from sophisticatedbackpacks:compat/pipez/block_tools 
[16Oct2025 22:14:43.932] [main/DEBUG] [sophisticatedbackpacks/]: Started loading registry data from sophisticatedbackpacks:compat/transport/block_tools 
[16Oct2025 22:14:43.932] [main/DEBUG] [sophisticatedbackpacks/]: Started loading registry data from sophisticatedbackpacks:compat/thermal/block_tools 
[16Oct2025 22:14:43.932] [main/DEBUG] [sophisticatedbackpacks/]: Started loading registry data from sophisticatedbackpacks:block_tools 
[16Oct2025 22:14:43.932] [main/DEBUG] [sophisticatedbackpacks/]: Finished loading registry data for sophisticatedbackpacks:block_tools
[16Oct2025 22:14:43.932] [main/DEBUG] [sophisticatedbackpacks/]: Started loading registry data from sophisticatedbackpacks:compat/create/block_tools 
[16Oct2025 22:14:43.932] [main/DEBUG] [sophisticatedbackpacks/]: Started loading registry data from sophisticatedbackpacks:compat/farmersdelight/entity_tools 
[16Oct2025 22:14:43.932] [main/DEBUG] [sophisticatedbackpacks/]: Started loading registry data from sophisticatedbackpacks:compat/refinedstorage/block_tools 
[16Oct2025 22:14:43.932] [main/DEBUG] [sophisticatedbackpacks/]: Started loading registry data from sophisticatedbackpacks:compat/chiselsandbits/block_tools 
[16Oct2025 22:14:43.932] [main/DEBUG] [sophisticatedbackpacks/]: Started loading registry data from sophisticatedbackpacks:compat/farmersdelight/block_tools 
[16Oct2025 22:14:43.932] [main/DEBUG] [sophisticatedbackpacks/]: Started loading registry data from sophisticatedbackpacks:compat/resourcefulbees/entity_tools 
[16Oct2025 22:14:43.932] [main/DEBUG] [sophisticatedbackpacks/]: Started loading registry data from sophisticatedbackpacks:compat/tetra/swords 
[16Oct2025 22:14:43.932] [main/DEBUG] [sophisticatedbackpacks/]: Started loading registry data from sophisticatedbackpacks:swords 
[16Oct2025 22:14:43.932] [main/DEBUG] [sophisticatedbackpacks/]: Finished loading registry data for sophisticatedbackpacks:swords
[16Oct2025 22:14:43.933] [main/DEBUG] [sophisticatedbackpacks/]: Started loading registry data from sophisticatedbackpacks:compat/mythicbotany/block_tools 
[16Oct2025 22:14:43.933] [main/DEBUG] [sophisticatedbackpacks/]: Started loading registry data from sophisticatedbackpacks:compat/resourcefulbees/block_tools 
[16Oct2025 22:14:43.933] [main/DEBUG] [sophisticatedbackpacks/]: Started loading registry data from sophisticatedbackpacks:compat/syp/entity_tools 
[16Oct2025 22:14:43.933] [main/DEBUG] [sophisticatedbackpacks/]: Started loading registry data from sophisticatedbackpacks:compat/eidolon/block_tools 
[16Oct2025 22:14:43.933] [main/DEBUG] [sophisticatedbackpacks/]: Started loading registry data from sophisticatedbackpacks:compat/rftoolsbase/block_tools 
[16Oct2025 22:14:43.934] [main/INFO] [de.teamlapen.vampirism.entity.player.skills.SkillTree/]: Loaded 53 skill nodes
[16Oct2025 22:14:43.937] [main/DEBUG] [de.teamlapen.vampirism.entity.converted.VampirismEntityRegistry/]: Registering convertible Ocelot with blood 4 and handler de.teamlapen.vampirism.entity.converted.DefaultConvertingHandler
[16Oct2025 22:14:43.938] [main/DEBUG] [de.teamlapen.vampirism.entity.converted.VampirismEntityRegistry/]: Registering convertible Fox with blood 4 and handler de.teamlapen.vampirism.entity.converted.SpecialConvertingHandler
[16Oct2025 22:14:43.938] [main/DEBUG] [de.teamlapen.vampirism.entity.converted.VampirismEntityRegistry/]: Registering convertible Polar Bear with blood 10 and handler de.teamlapen.vampirism.entity.converted.DefaultConvertingHandler
[16Oct2025 22:14:43.938] [main/DEBUG] [de.teamlapen.vampirism.entity.converted.VampirismEntityRegistry/]: Registering convertible Villager with blood 15 and handler de.teamlapen.vampirism.entity.converted.SpecialConvertingHandler
[16Oct2025 22:14:43.938] [main/DEBUG] [de.teamlapen.vampirism.entity.converted.VampirismEntityRegistry/]: Registering convertible Llama with blood 10 and handler de.teamlapen.vampirism.entity.converted.DefaultConvertingHandler
[16Oct2025 22:14:43.938] [main/DEBUG] [de.teamlapen.vampirism.entity.converted.VampirismEntityRegistry/]: Registering convertible Rabbit with blood 2 and handler de.teamlapen.vampirism.entity.converted.DefaultConvertingHandler
[16Oct2025 22:14:43.938] [main/DEBUG] [de.teamlapen.vampirism.entity.converted.VampirismEntityRegistry/]: Registering convertible Pig with blood 5 and handler de.teamlapen.vampirism.entity.converted.DefaultConvertingHandler
[16Oct2025 22:14:43.938] [main/DEBUG] [de.teamlapen.vampirism.entity.converted.VampirismEntityRegistry/]: Registering convertible Goat with blood 7 and handler de.teamlapen.vampirism.entity.converted.SpecialConvertingHandler
[16Oct2025 22:14:43.938] [main/DEBUG] [de.teamlapen.vampirism.entity.converted.VampirismEntityRegistry/]: Registering convertible Sheep with blood 5 and handler de.teamlapen.vampirism.entity.converted.SpecialConvertingHandler
[16Oct2025 22:14:43.938] [main/DEBUG] [de.teamlapen.vampirism.entity.converted.VampirismEntityRegistry/]: Registering convertible Horse with blood 13 and handler de.teamlapen.vampirism.entity.converted.SpecialConvertingHandler
[16Oct2025 22:14:43.938] [main/DEBUG] [de.teamlapen.vampirism.entity.converted.VampirismEntityRegistry/]: Registering convertible Cow with blood 10 and handler de.teamlapen.vampirism.entity.converted.SpecialConvertingHandler
[16Oct2025 22:14:43.938] [main/DEBUG] [de.teamlapen.vampirism.entity.converted.VampirismEntityRegistry/]: Registering convertible Donkey with blood 13 and handler de.teamlapen.vampirism.entity.converted.SpecialConvertingHandler
[16Oct2025 22:14:43.939] [main/DEBUG] [de.teamlapen.vampirism.entity.converted.VampirismEntityRegistry/]: Registering convertible Mule with blood 13 and handler de.teamlapen.vampirism.entity.converted.SpecialConvertingHandler
[16Oct2025 22:14:43.939] [main/DEBUG] [de.teamlapen.vampirism.entity.converted.VampirismEntityRegistry/]: Registering convertible Panda with blood 13 and handler de.teamlapen.vampirism.entity.converted.DefaultConvertingHandler
[16Oct2025 22:14:43.939] [main/INFO] [de.teamlapen.vampirism.entity.converted.VampirismEntityRegistry/]: Registered 14 convertibles
[16Oct2025 22:14:44.967] [main/DEBUG] [net.minecraftforge.common.ForgeHooks/WP]: Gathering id map for writing to world save world
[16Oct2025 22:14:44.988] [main/DEBUG] [net.minecraftforge.common.ForgeHooks/WP]: ID Map collection complete world
[16Oct2025 22:14:45.039] [main/DEBUG] [mixin/]: Mixing DataFixPlayerDataStorageMixin from mixins.irons_spellbooks.json into net.minecraft.world.level.storage.PlayerDataStorage
[16Oct2025 22:14:45.047] [Server thread/INFO] [net.minecraft.server.dedicated.DedicatedServer/]: Starting minecraft server version 1.20.1
[16Oct2025 22:14:45.047] [Server thread/INFO] [net.minecraft.server.dedicated.DedicatedServer/]: Loading properties
[16Oct2025 22:14:45.047] [Server thread/INFO] [net.minecraft.server.dedicated.DedicatedServer/]: Default game type: SURVIVAL
[16Oct2025 22:14:45.047] [Server thread/INFO] [net.minecraft.server.MinecraftServer/]: Generating keypair
[16Oct2025 22:14:45.119] [Server thread/INFO] [net.minecraft.server.dedicated.DedicatedServer/]: Starting Minecraft server on *:25565
[16Oct2025 22:14:45.127] [Server thread/DEBUG] [net.minecraftforge.network.DualStackUtils/]: Detected IPv6 address: "0:0:0:0:0:0:0:0"
[16Oct2025 22:14:45.134] [Server thread/DEBUG] [io.netty.util.internal.NativeLibraryLoader/]: -Dio.netty.native.workdir: /tmp (io.netty.tmpdir)
[16Oct2025 22:14:45.134] [Server thread/DEBUG] [io.netty.util.internal.NativeLibraryLoader/]: -Dio.netty.native.deleteLibAfterLoading: true
[16Oct2025 22:14:45.134] [Server thread/DEBUG] [io.netty.util.internal.NativeLibraryLoader/]: -Dio.netty.native.tryPatchShadedId: true
[16Oct2025 22:14:45.134] [Server thread/DEBUG] [io.netty.util.internal.NativeLibraryLoader/]: -Dio.netty.native.detectNativeLibraryDuplicates: true
[16Oct2025 22:14:45.141] [Server thread/DEBUG] [io.netty.util.internal.NativeLibraryLoader/]: Successfully loaded the library /tmp/libnetty_transport_native_epoll_x86_6410112973949274445793.so
[16Oct2025 22:14:45.144] [Server thread/DEBUG] [io.netty.util.NetUtil/]: -Djava.net.preferIPv4Stack: false
[16Oct2025 22:14:45.144] [Server thread/DEBUG] [io.netty.util.NetUtil/]: -Djava.net.preferIPv6Addresses: true
[16Oct2025 22:14:45.146] [Server thread/DEBUG] [io.netty.util.NetUtilInitializations/]: Loopback interface: lo (lo, 0:0:0:0:0:0:0:1%lo)
[16Oct2025 22:14:45.146] [Server thread/DEBUG] [io.netty.util.NetUtil/]: /proc/sys/net/core/somaxconn: 4096
[16Oct2025 22:14:45.149] [Server thread/INFO] [net.minecraft.server.network.ServerConnectionListener/]: Using epoll channel type
[16Oct2025 22:14:45.165] [Server thread/DEBUG] [io.netty.channel.MultithreadEventLoopGroup/]: -Dio.netty.eventLoopThreads: 8
[16Oct2025 22:14:45.186] [Server thread/DEBUG] [io.netty.util.internal.PlatformDependent/]: org.jctools-core.MpscChunkedArrayQueue: available
[16Oct2025 22:14:45.194] [Server thread/DEBUG] [io.netty.channel.DefaultChannelId/]: -Dio.netty.processId: 5646 (auto-detected)
[16Oct2025 22:14:45.195] [Server thread/DEBUG] [io.netty.channel.DefaultChannelId/]: -Dio.netty.machineId: 60:45:bd:ff:fe:b8:1c:eb (auto-detected)
[16Oct2025 22:14:45.217] [Server thread/DEBUG] [io.netty.buffer.PooledByteBufAllocator/]: -Dio.netty.allocator.numHeapArenas: 8
[16Oct2025 22:14:45.217] [Server thread/DEBUG] [io.netty.buffer.PooledByteBufAllocator/]: -Dio.netty.allocator.numDirectArenas: 8
[16Oct2025 22:14:45.217] [Server thread/DEBUG] [io.netty.buffer.PooledByteBufAllocator/]: -Dio.netty.allocator.pageSize: 8192
[16Oct2025 22:14:45.217] [Server thread/DEBUG] [io.netty.buffer.PooledByteBufAllocator/]: -Dio.netty.allocator.maxOrder: 9
[16Oct2025 22:14:45.217] [Server thread/DEBUG] [io.netty.buffer.PooledByteBufAllocator/]: -Dio.netty.allocator.chunkSize: 4194304
[16Oct2025 22:14:45.218] [Server thread/DEBUG] [io.netty.buffer.PooledByteBufAllocator/]: -Dio.netty.allocator.smallCacheSize: 256
[16Oct2025 22:14:45.218] [Server thread/DEBUG] [io.netty.buffer.PooledByteBufAllocator/]: -Dio.netty.allocator.normalCacheSize: 64
[16Oct2025 22:14:45.218] [Server thread/DEBUG] [io.netty.buffer.PooledByteBufAllocator/]: -Dio.netty.allocator.maxCachedBufferCapacity: 32768
[16Oct2025 22:14:45.218] [Server thread/DEBUG] [io.netty.buffer.PooledByteBufAllocator/]: -Dio.netty.allocator.cacheTrimInterval: 8192
[16Oct2025 22:14:45.218] [Server thread/DEBUG] [io.netty.buffer.PooledByteBufAllocator/]: -Dio.netty.allocator.cacheTrimIntervalMillis: 0
[16Oct2025 22:14:45.218] [Server thread/DEBUG] [io.netty.buffer.PooledByteBufAllocator/]: -Dio.netty.allocator.useCacheForAllThreads: false
[16Oct2025 22:14:45.218] [Server thread/DEBUG] [io.netty.buffer.PooledByteBufAllocator/]: -Dio.netty.allocator.maxCachedByteBuffersPerChunk: 1023
[16Oct2025 22:14:45.225] [Server thread/DEBUG] [io.netty.buffer.ByteBufUtil/]: -Dio.netty.allocator.type: pooled
[16Oct2025 22:14:45.225] [Server thread/DEBUG] [io.netty.buffer.ByteBufUtil/]: -Dio.netty.threadLocalDirectBufferSize: 0
[16Oct2025 22:14:45.225] [Server thread/DEBUG] [io.netty.buffer.ByteBufUtil/]: -Dio.netty.maxThreadLocalCharBufferSize: 16384
[16Oct2025 22:14:45.232] [Server thread/WARN] [net.minecraft.server.dedicated.DedicatedServer/]: **** SERVER IS RUNNING IN OFFLINE/INSECURE MODE!
[16Oct2025 22:14:45.233] [Server thread/WARN] [net.minecraft.server.dedicated.DedicatedServer/]: The server will make no attempt to authenticate usernames. Beware.
[16Oct2025 22:14:45.233] [Server thread/WARN] [net.minecraft.server.dedicated.DedicatedServer/]: While this makes the game possible to play without internet access, it also opens up the ability for hackers to connect with any username they choose.
[16Oct2025 22:14:45.233] [Server thread/WARN] [net.minecraft.server.dedicated.DedicatedServer/]: To change this, set "online-mode" to "true" in the server.properties file.
[16Oct2025 22:14:45.246] [Server thread/DEBUG] [net.minecraftforge.fml.config.ConfigTracker/CONFIG]: Loading configs type SERVER
[16Oct2025 22:14:45.246] [Server thread/DEBUG] [net.minecraftforge.fml.config.ConfigFileTypeHandler/CONFIG]: Built TOML config for ./world/serverconfig/jei-server.toml
[16Oct2025 22:14:45.247] [Server thread/DEBUG] [net.minecraftforge.fml.config.ConfigFileTypeHandler/CONFIG]: Loaded TOML config file ./world/serverconfig/jei-server.toml
[16Oct2025 22:14:45.247] [Server thread/DEBUG] [net.minecraftforge.fml.config.ConfigFileTypeHandler/CONFIG]: Watching TOML config file ./world/serverconfig/jei-server.toml for changes
[16Oct2025 22:14:45.247] [Server thread/DEBUG] [net.minecraftforge.fml.config.ConfigFileTypeHandler/CONFIG]: Built TOML config for ./world/serverconfig/tacz-server.toml
[16Oct2025 22:14:45.248] [Server thread/DEBUG] [net.minecraftforge.fml.config.ConfigFileTypeHandler/CONFIG]: Loaded TOML config file ./world/serverconfig/tacz-server.toml
[16Oct2025 22:14:45.248] [Thread-3/DEBUG] [net.minecraftforge.fml.config.ConfigFileTypeHandler/CONFIG]: Config file jei-server.toml changed, sending notifies
[16Oct2025 22:14:45.248] [Server thread/DEBUG] [net.minecraftforge.fml.config.ConfigFileTypeHandler/CONFIG]: Watching TOML config file ./world/serverconfig/tacz-server.toml for changes
[16Oct2025 22:14:45.250] [Server thread/DEBUG] [net.minecraftforge.fml.config.ConfigFileTypeHandler/CONFIG]: Built TOML config for ./world/serverconfig/curios-server.toml
[16Oct2025 22:14:45.250] [Server thread/DEBUG] [net.minecraftforge.fml.config.ConfigFileTypeHandler/CONFIG]: Loaded TOML config file ./world/serverconfig/curios-server.toml
[16Oct2025 22:14:45.251] [Server thread/DEBUG] [net.minecraftforge.fml.config.ConfigFileTypeHandler/CONFIG]: Watching TOML config file ./world/serverconfig/curios-server.toml for changes
[16Oct2025 22:14:45.251] [Server thread/DEBUG] [net.minecraftforge.fml.config.ConfigFileTypeHandler/CONFIG]: Built TOML config for /workspaces/Mega-Server/servidor_minecraft/config/tombstone-server.toml
[16Oct2025 22:14:45.251] [Thread-3/DEBUG] [net.minecraftforge.fml.config.ConfigFileTypeHandler/CONFIG]: Config file curios-server.toml changed, sending notifies
[16Oct2025 22:14:45.252] [Server thread/DEBUG] [net.minecraftforge.fml.config.ConfigFileTypeHandler/CONFIG]: Loaded TOML config file /workspaces/Mega-Server/servidor_minecraft/config/tombstone-server.toml
[16Oct2025 22:14:45.252] [Server thread/DEBUG] [net.minecraftforge.fml.config.ConfigFileTypeHandler/CONFIG]: Watching TOML config file /workspaces/Mega-Server/servidor_minecraft/config/tombstone-server.toml for changes
[16Oct2025 22:14:45.253] [Thread-3/DEBUG] [net.minecraftforge.fml.config.ConfigFileTypeHandler/CONFIG]: Config file tombstone-server.toml changed, sending notifies
[16Oct2025 22:14:45.253] [Server thread/DEBUG] [net.minecraftforge.fml.config.ConfigFileTypeHandler/CONFIG]: Built TOML config for ./world/serverconfig/sophisticatedbackpacks-server.toml
[16Oct2025 22:14:45.254] [Thread-3/DEBUG] [net.minecraftforge.fml.config.ConfigFileTypeHandler/CONFIG]: Config file tombstone-server.toml changed, sending notifies
[16Oct2025 22:14:45.255] [Server thread/DEBUG] [net.minecraftforge.fml.config.ConfigFileTypeHandler/CONFIG]: Loaded TOML config file ./world/serverconfig/sophisticatedbackpacks-server.toml
[16Oct2025 22:14:45.255] [Server thread/DEBUG] [net.minecraftforge.fml.config.ConfigFileTypeHandler/CONFIG]: Watching TOML config file ./world/serverconfig/sophisticatedbackpacks-server.toml for changes
[16Oct2025 22:14:45.257] [Thread-3/DEBUG] [net.minecraftforge.fml.config.ConfigFileTypeHandler/CONFIG]: Config file sophisticatedbackpacks-server.toml changed, sending notifies
[16Oct2025 22:14:45.258] [Server thread/DEBUG] [net.minecraftforge.fml.config.ConfigFileTypeHandler/CONFIG]: Built TOML config for ./world/serverconfig/irons_spellbooks-server.toml
[16Oct2025 22:14:45.260] [Server thread/DEBUG] [net.minecraftforge.fml.config.ConfigFileTypeHandler/CONFIG]: Loaded TOML config file ./world/serverconfig/irons_spellbooks-server.toml
[16Oct2025 22:14:45.261] [Server thread/DEBUG] [net.minecraftforge.fml.config.ConfigFileTypeHandler/CONFIG]: Watching TOML config file ./world/serverconfig/irons_spellbooks-server.toml for changes
[16Oct2025 22:14:45.263] [Server thread/DEBUG] [io.redspace.ironsspellbooks.IronsSpellbooks/]: ServerConfigs load item blacklists:
[16Oct2025 22:14:45.264] [Thread-3/DEBUG] [net.minecraftforge.fml.config.ConfigFileTypeHandler/CONFIG]: Config file irons_spellbooks-server.toml changed, sending notifies
[16Oct2025 22:14:45.264] [Thread-3/DEBUG] [io.redspace.ironsspellbooks.IronsSpellbooks/]: ServerConfigs load item blacklists:
[16Oct2025 22:14:45.266] [Thread-3/DEBUG] [net.minecraftforge.fml.config.ConfigFileTypeHandler/CONFIG]: Config file irons_spellbooks-server.toml changed, sending notifies
[16Oct2025 22:14:45.267] [Server thread/DEBUG] [net.minecraftforge.fml.config.ConfigFileTypeHandler/CONFIG]: Built TOML config for ./world/serverconfig/forge-server.toml
[16Oct2025 22:14:45.267] [Thread-3/DEBUG] [io.redspace.ironsspellbooks.IronsSpellbooks/]: ServerConfigs load item blacklists:
[16Oct2025 22:14:45.267] [Server thread/DEBUG] [net.minecraftforge.fml.config.ConfigFileTypeHandler/CONFIG]: Loaded TOML config file ./world/serverconfig/forge-server.toml
[16Oct2025 22:14:45.267] [Server thread/DEBUG] [net.minecraftforge.fml.config.ConfigFileTypeHandler/CONFIG]: Watching TOML config file ./world/serverconfig/forge-server.toml for changes
[16Oct2025 22:14:45.267] [Server thread/DEBUG] [net.minecraftforge.common.ForgeConfig/FORGEMOD]: Loaded forge config file forge-server.toml
[16Oct2025 22:14:45.268] [Server thread/DEBUG] [net.minecraftforge.fml.config.ConfigFileTypeHandler/CONFIG]: Built TOML config for ./world/serverconfig/vampirism-server.toml
[16Oct2025 22:14:45.268] [Server thread/DEBUG] [net.minecraftforge.fml.config.ConfigFileTypeHandler/CONFIG]: Loaded TOML config file ./world/serverconfig/vampirism-server.toml
[16Oct2025 22:14:45.268] [Server thread/DEBUG] [net.minecraftforge.fml.config.ConfigFileTypeHandler/CONFIG]: Watching TOML config file ./world/serverconfig/vampirism-server.toml for changes
[16Oct2025 22:14:45.270] [Thread-3/DEBUG] [net.minecraftforge.fml.config.ConfigFileTypeHandler/CONFIG]: Config file vampirism-server.toml changed, sending notifies
[16Oct2025 22:14:45.270] [Server thread/DEBUG] [net.minecraftforge.fml.config.ConfigFileTypeHandler/CONFIG]: Built TOML config for ./world/serverconfig/vampirism-balance.toml
[16Oct2025 22:14:45.270] [Thread-3/DEBUG] [net.minecraftforge.fml.config.ConfigFileTypeHandler/CONFIG]: Config file vampirism-server.toml changed, sending notifies
[16Oct2025 22:14:45.271] [Server thread/DEBUG] [net.minecraftforge.fml.config.ConfigFileTypeHandler/CONFIG]: Loaded TOML config file ./world/serverconfig/vampirism-balance.toml
[16Oct2025 22:14:45.272] [Server thread/DEBUG] [net.minecraftforge.fml.config.ConfigFileTypeHandler/CONFIG]: Watching TOML config file ./world/serverconfig/vampirism-balance.toml for changes
[16Oct2025 22:14:45.273] [Thread-3/DEBUG] [net.minecraftforge.fml.config.ConfigFileTypeHandler/CONFIG]: Config file vampirism-balance.toml changed, sending notifies
[16Oct2025 22:14:45.275] [Thread-3/DEBUG] [net.minecraftforge.fml.config.ConfigFileTypeHandler/CONFIG]: Config file vampirism-balance.toml changed, sending notifies
[16Oct2025 22:14:45.290] [Server thread/DEBUG] [com.github.alexthe666.iceandfire.IceAndFire/]: Added the following features to the biome [minecraft:badlands]: 
	- iceandfire:silver_ore
	- iceandfire:lightning_dragon_roost
	- iceandfire:lightning_dragon_cave
[16Oct2025 22:14:45.290] [Server thread/DEBUG] [com.github.alexthe666.iceandfire.IceAndFire/]: Added the following features to the biome [minecraft:bamboo_jungle]: 
	- iceandfire:fire_lily
	- iceandfire:silver_ore
	- iceandfire:lightning_dragon_roost
	- iceandfire:lightning_dragon_cave
	- iceandfire:myrmex_hive_jungle
[16Oct2025 22:14:45.292] [Server thread/DEBUG] [com.github.alexthe666.iceandfire.IceAndFire/]: Added the following features to the biome [minecraft:beach]: 
	- iceandfire:silver_ore
	- iceandfire:cyclops_cave
[16Oct2025 22:14:45.292] [Server thread/DEBUG] [com.github.alexthe666.iceandfire.IceAndFire/]: Added the following features to the biome [minecraft:birch_forest]: 
	- iceandfire:silver_ore
[16Oct2025 22:14:45.294] [Server thread/DEBUG] [com.github.alexthe666.iceandfire.IceAndFire/]: Added the following features to the biome [minecraft:cherry_grove]: 
	- iceandfire:silver_ore
[16Oct2025 22:14:45.294] [Server thread/DEBUG] [com.github.alexthe666.iceandfire.IceAndFire/]: Added the following features to the biome [minecraft:cold_ocean]: 
	- iceandfire:silver_ore
	- iceandfire:ice_dragon_roost
	- iceandfire:ice_dragon_cave
	- iceandfire:siren_island
	- iceandfire:spawn_hippocampus
	- iceandfire:spawn_sea_serpent
[16Oct2025 22:14:45.296] [Server thread/DEBUG] [com.github.alexthe666.iceandfire.IceAndFire/]: Added the following features to the biome [minecraft:dark_forest]: 
	- iceandfire:silver_ore
	- iceandfire:pixie_village
[16Oct2025 22:14:45.297] [Server thread/DEBUG] [com.github.alexthe666.iceandfire.IceAndFire/]: Added the following features to the biome [minecraft:deep_cold_ocean]: 
	- iceandfire:silver_ore
	- iceandfire:ice_dragon_roost
	- iceandfire:ice_dragon_cave
	- iceandfire:siren_island
	- iceandfire:spawn_hippocampus
	- iceandfire:spawn_sea_serpent
[16Oct2025 22:14:45.298] [Server thread/DEBUG] [com.github.alexthe666.iceandfire.IceAndFire/]: Added the following features to the biome [minecraft:deep_dark]: 
	- iceandfire:silver_ore
[16Oct2025 22:14:45.298] [Server thread/DEBUG] [com.github.alexthe666.iceandfire.IceAndFire/]: Added the following features to the biome [minecraft:deep_frozen_ocean]: 
	- iceandfire:silver_ore
	- iceandfire:ice_dragon_roost
	- iceandfire:ice_dragon_cave
	- iceandfire:siren_island
	- iceandfire:spawn_hippocampus
	- iceandfire:spawn_sea_serpent
[16Oct2025 22:14:45.299] [Server thread/DEBUG] [com.github.alexthe666.iceandfire.IceAndFire/]: Added the following features to the biome [minecraft:deep_lukewarm_ocean]: 
	- iceandfire:silver_ore
	- iceandfire:siren_island
	- iceandfire:spawn_hippocampus
	- iceandfire:spawn_sea_serpent
[16Oct2025 22:14:45.300] [Server thread/DEBUG] [com.github.alexthe666.iceandfire.IceAndFire/]: Added the following features to the biome [minecraft:deep_ocean]: 
	- iceandfire:silver_ore
	- iceandfire:siren_island
	- iceandfire:spawn_hippocampus
	- iceandfire:spawn_sea_serpent
[16Oct2025 22:14:45.301] [Server thread/DEBUG] [com.github.alexthe666.iceandfire.IceAndFire/]: Added the following features to the biome [minecraft:desert]: 
	- iceandfire:fire_lily
	- iceandfire:silver_ore
	- iceandfire:fire_dragon_roost
	- iceandfire:fire_dragon_cave
	- iceandfire:myrmex_hive_desert
	- iceandfire:spawn_death_worm
	- iceandfire:spawn_dragon_skeleton_fire
[16Oct2025 22:14:45.302] [Server thread/DEBUG] [com.github.alexthe666.iceandfire.IceAndFire/]: Added the following features to the biome [minecraft:dripstone_caves]: 
	- iceandfire:silver_ore
[16Oct2025 22:14:45.303] [Server thread/DEBUG] [com.github.alexthe666.iceandfire.IceAndFire/]: Added the following features to the biome [minecraft:eroded_badlands]: 
	- iceandfire:fire_lily
	- iceandfire:silver_ore
	- iceandfire:lightning_dragon_roost
	- iceandfire:lightning_dragon_cave
[16Oct2025 22:14:45.304] [Server thread/DEBUG] [com.github.alexthe666.iceandfire.IceAndFire/]: Added the following features to the biome [minecraft:flower_forest]: 
	- iceandfire:silver_ore
[16Oct2025 22:14:45.305] [Server thread/DEBUG] [com.github.alexthe666.iceandfire.IceAndFire/]: Added the following features to the biome [minecraft:forest]: 
	- iceandfire:silver_ore
[16Oct2025 22:14:45.306] [Server thread/DEBUG] [com.github.alexthe666.iceandfire.IceAndFire/]: Added the following features to the biome [minecraft:frozen_ocean]: 
	- iceandfire:frost_lily
	- iceandfire:silver_ore
	- iceandfire:sapphire_ore
	- iceandfire:ice_dragon_roost
	- iceandfire:ice_dragon_cave
	- iceandfire:siren_island
	- iceandfire:spawn_dragon_skeleton_ice
	- iceandfire:spawn_hippocampus
	- iceandfire:spawn_sea_serpent
[16Oct2025 22:14:45.307] [Server thread/DEBUG] [com.github.alexthe666.iceandfire.IceAndFire/]: Added the following features to the biome [minecraft:frozen_peaks]: 
	- iceandfire:frost_lily
	- iceandfire:silver_ore
	- iceandfire:sapphire_ore
	- iceandfire:ice_dragon_roost
	- iceandfire:ice_dragon_cave
	- iceandfire:spawn_dragon_skeleton_ice
[16Oct2025 22:14:45.308] [Server thread/DEBUG] [com.github.alexthe666.iceandfire.IceAndFire/]: Added the following features to the biome [minecraft:frozen_river]: 
	- iceandfire:frost_lily
	- iceandfire:silver_ore
	- iceandfire:sapphire_ore
	- iceandfire:ice_dragon_roost
	- iceandfire:ice_dragon_cave
	- iceandfire:spawn_dragon_skeleton_ice
[16Oct2025 22:14:45.310] [Server thread/DEBUG] [com.github.alexthe666.iceandfire.IceAndFire/]: Added the following features to the biome [minecraft:grove]: 
	- iceandfire:frost_lily
	- iceandfire:silver_ore
	- iceandfire:sapphire_ore
	- iceandfire:ice_dragon_roost
	- iceandfire:ice_dragon_cave
	- iceandfire:spawn_dragon_skeleton_ice
[16Oct2025 22:14:45.311] [Server thread/DEBUG] [com.github.alexthe666.iceandfire.IceAndFire/]: Added the following features to the biome [minecraft:ice_spikes]: 
	- iceandfire:frost_lily
	- iceandfire:silver_ore
	- iceandfire:sapphire_ore
	- iceandfire:ice_dragon_roost
	- iceandfire:ice_dragon_cave
	- iceandfire:spawn_dragon_skeleton_ice
[16Oct2025 22:14:45.312] [Server thread/DEBUG] [com.github.alexthe666.iceandfire.IceAndFire/]: Added the following features to the biome [minecraft:jagged_peaks]: 
	- iceandfire:frost_lily
	- iceandfire:silver_ore
	- iceandfire:sapphire_ore
	- iceandfire:ice_dragon_roost
	- iceandfire:ice_dragon_cave
	- iceandfire:spawn_dragon_skeleton_ice
[16Oct2025 22:14:45.313] [Server thread/DEBUG] [com.github.alexthe666.iceandfire.IceAndFire/]: Added the following features to the biome [minecraft:jungle]: 
	- iceandfire:fire_lily
	- iceandfire:silver_ore
	- iceandfire:lightning_dragon_roost
	- iceandfire:lightning_dragon_cave
	- iceandfire:myrmex_hive_jungle
[16Oct2025 22:14:45.314] [Server thread/DEBUG] [com.github.alexthe666.iceandfire.IceAndFire/]: Added the following features to the biome [minecraft:lukewarm_ocean]: 
	- iceandfire:silver_ore
	- iceandfire:siren_island
	- iceandfire:spawn_hippocampus
	- iceandfire:spawn_sea_serpent
[16Oct2025 22:14:45.314] [Server thread/DEBUG] [com.github.alexthe666.iceandfire.IceAndFire/]: Added the following features to the biome [minecraft:lush_caves]: 
	- iceandfire:silver_ore
[16Oct2025 22:14:45.315] [Server thread/DEBUG] [com.github.alexthe666.iceandfire.IceAndFire/]: Added the following features to the biome [minecraft:mangrove_swamp]: 
	- iceandfire:fire_lily
	- iceandfire:silver_ore
	- iceandfire:fire_dragon_roost
	- iceandfire:fire_dragon_cave
	- iceandfire:hydra_cave
	- iceandfire:spawn_stymphalian_bird
[16Oct2025 22:14:45.316] [Server thread/DEBUG] [com.github.alexthe666.iceandfire.IceAndFire/]: Added the following features to the biome [minecraft:meadow]: 
	- iceandfire:silver_ore
	- iceandfire:fire_dragon_roost
	- iceandfire:fire_dragon_cave
	- iceandfire:spawn_wandering_cyclops
[16Oct2025 22:14:45.317] [Server thread/DEBUG] [com.github.alexthe666.iceandfire.IceAndFire/]: Added the following features to the biome [minecraft:mushroom_fields]: 
	- iceandfire:silver_ore
[16Oct2025 22:14:45.318] [Server thread/DEBUG] [com.github.alexthe666.iceandfire.IceAndFire/]: Added the following features to the biome [minecraft:ocean]: 
	- iceandfire:silver_ore
	- iceandfire:siren_island
	- iceandfire:spawn_hippocampus
	- iceandfire:spawn_sea_serpent
[16Oct2025 22:14:45.318] [Server thread/DEBUG] [com.github.alexthe666.iceandfire.IceAndFire/]: Added the following features to the biome [minecraft:old_growth_birch_forest]: 
	- iceandfire:silver_ore
	- iceandfire:pixie_village
[16Oct2025 22:14:45.319] [Server thread/DEBUG] [com.github.alexthe666.iceandfire.IceAndFire/]: Added the following features to the biome [minecraft:old_growth_pine_taiga]: 
	- iceandfire:silver_ore
	- iceandfire:ice_dragon_roost
	- iceandfire:ice_dragon_cave
[16Oct2025 22:14:45.320] [Server thread/DEBUG] [com.github.alexthe666.iceandfire.IceAndFire/]: Added the following features to the biome [minecraft:old_growth_spruce_taiga]: 
	- iceandfire:silver_ore
[16Oct2025 22:14:45.320] [Server thread/DEBUG] [com.github.alexthe666.iceandfire.IceAndFire/]: Added the following features to the biome [minecraft:plains]: 
	- iceandfire:silver_ore
	- iceandfire:fire_dragon_roost
	- iceandfire:fire_dragon_cave
	- iceandfire:spawn_wandering_cyclops
[16Oct2025 22:14:45.321] [Server thread/DEBUG] [com.github.alexthe666.iceandfire.IceAndFire/]: Added the following features to the biome [minecraft:river]: 
	- iceandfire:silver_ore
[16Oct2025 22:14:45.322] [Server thread/DEBUG] [com.github.alexthe666.iceandfire.IceAndFire/]: Added the following features to the biome [minecraft:savanna]: 
	- iceandfire:fire_lily
	- iceandfire:lightning_lily
	- iceandfire:silver_ore
	- iceandfire:lightning_dragon_roost
	- iceandfire:lightning_dragon_cave
	- iceandfire:spawn_dragon_skeleton_lightning
[16Oct2025 22:14:45.322] [Server thread/DEBUG] [com.github.alexthe666.iceandfire.IceAndFire/]: Added the following features to the biome [minecraft:savanna_plateau]: 
	- iceandfire:fire_lily
	- iceandfire:lightning_lily
	- iceandfire:silver_ore
	- iceandfire:lightning_dragon_roost
	- iceandfire:lightning_dragon_cave
	- iceandfire:spawn_dragon_skeleton_lightning
[16Oct2025 22:14:45.323] [Server thread/DEBUG] [com.github.alexthe666.iceandfire.IceAndFire/]: Added the following features to the biome [minecraft:snowy_beach]: 
	- iceandfire:frost_lily
	- iceandfire:silver_ore
	- iceandfire:sapphire_ore
	- iceandfire:ice_dragon_roost
	- iceandfire:ice_dragon_cave
	- iceandfire:cyclops_cave
	- iceandfire:spawn_dragon_skeleton_ice
[16Oct2025 22:14:45.324] [Server thread/DEBUG] [com.github.alexthe666.iceandfire.IceAndFire/]: Added the following features to the biome [minecraft:snowy_plains]: 
	- iceandfire:frost_lily
	- iceandfire:silver_ore
	- iceandfire:sapphire_ore
	- iceandfire:ice_dragon_roost
	- iceandfire:ice_dragon_cave
	- iceandfire:spawn_wandering_cyclops
	- iceandfire:spawn_dragon_skeleton_ice
[16Oct2025 22:14:45.325] [Server thread/DEBUG] [com.github.alexthe666.iceandfire.IceAndFire/]: Added the following features to the biome [minecraft:snowy_slopes]: 
	- iceandfire:frost_lily
	- iceandfire:silver_ore
	- iceandfire:sapphire_ore
	- iceandfire:ice_dragon_roost
	- iceandfire:ice_dragon_cave
	- iceandfire:spawn_dragon_skeleton_ice
[16Oct2025 22:14:45.326] [Server thread/DEBUG] [com.github.alexthe666.iceandfire.IceAndFire/]: Added the following features to the biome [minecraft:snowy_taiga]: 
	- iceandfire:frost_lily
	- iceandfire:silver_ore
	- iceandfire:sapphire_ore
	- iceandfire:ice_dragon_roost
	- iceandfire:ice_dragon_cave
	- iceandfire:spawn_dragon_skeleton_ice
[16Oct2025 22:14:45.327] [Server thread/DEBUG] [com.github.alexthe666.iceandfire.IceAndFire/]: Added the following features to the biome [minecraft:sparse_jungle]: 
	- iceandfire:fire_lily
	- iceandfire:silver_ore
	- iceandfire:lightning_dragon_roost
	- iceandfire:lightning_dragon_cave
	- iceandfire:myrmex_hive_jungle
[16Oct2025 22:14:45.327] [Server thread/DEBUG] [com.github.alexthe666.iceandfire.IceAndFire/]: Added the following features to the biome [minecraft:stony_peaks]: 
	- iceandfire:fire_lily
	- iceandfire:silver_ore
	- iceandfire:fire_dragon_roost
	- iceandfire:fire_dragon_cave
[16Oct2025 22:14:45.328] [Server thread/DEBUG] [com.github.alexthe666.iceandfire.IceAndFire/]: Added the following features to the biome [minecraft:stony_shore]: 
	- iceandfire:silver_ore
[16Oct2025 22:14:45.329] [Server thread/DEBUG] [com.github.alexthe666.iceandfire.IceAndFire/]: Added the following features to the biome [minecraft:sunflower_plains]: 
	- iceandfire:silver_ore
	- iceandfire:fire_dragon_roost
	- iceandfire:fire_dragon_cave
	- iceandfire:spawn_wandering_cyclops
[16Oct2025 22:14:45.329] [Server thread/DEBUG] [com.github.alexthe666.iceandfire.IceAndFire/]: Added the following features to the biome [minecraft:swamp]: 
	- iceandfire:silver_ore
	- iceandfire:hydra_cave
	- iceandfire:spawn_stymphalian_bird
[16Oct2025 22:14:45.330] [Server thread/DEBUG] [com.github.alexthe666.iceandfire.IceAndFire/]: Added the following features to the biome [minecraft:taiga]: 
	- iceandfire:silver_ore
	- iceandfire:ice_dragon_roost
	- iceandfire:ice_dragon_cave
[16Oct2025 22:14:45.332] [Server thread/DEBUG] [com.github.alexthe666.iceandfire.IceAndFire/]: Added the following features to the biome [vampirism:vampire_forest]: 
	- iceandfire:silver_ore
	- iceandfire:pixie_village
[16Oct2025 22:14:45.333] [Server thread/DEBUG] [com.github.alexthe666.iceandfire.IceAndFire/]: Added the following features to the biome [minecraft:warm_ocean]: 
	- iceandfire:fire_lily
	- iceandfire:silver_ore
	- iceandfire:fire_dragon_roost
	- iceandfire:fire_dragon_cave
	- iceandfire:siren_island
	- iceandfire:spawn_hippocampus
	- iceandfire:spawn_sea_serpent
[16Oct2025 22:14:45.334] [Server thread/DEBUG] [com.github.alexthe666.iceandfire.IceAndFire/]: Added the following features to the biome [minecraft:windswept_forest]: 
	- iceandfire:silver_ore
[16Oct2025 22:14:45.334] [Server thread/DEBUG] [com.github.alexthe666.iceandfire.IceAndFire/]: Added the following features to the biome [minecraft:windswept_gravelly_hills]: 
	- iceandfire:silver_ore
[16Oct2025 22:14:45.335] [Server thread/DEBUG] [com.github.alexthe666.iceandfire.IceAndFire/]: Added the following features to the biome [minecraft:windswept_hills]: 
	- iceandfire:silver_ore
[16Oct2025 22:14:45.336] [Server thread/DEBUG] [com.github.alexthe666.iceandfire.IceAndFire/]: Added the following features to the biome [minecraft:windswept_savanna]: 
	- iceandfire:fire_lily
	- iceandfire:lightning_lily
	- iceandfire:silver_ore
	- iceandfire:lightning_dragon_roost
	- iceandfire:lightning_dragon_cave
	- iceandfire:spawn_dragon_skeleton_lightning
[16Oct2025 22:14:45.337] [Server thread/DEBUG] [com.github.alexthe666.iceandfire.IceAndFire/]: Added the following features to the biome [minecraft:wooded_badlands]: 
	- iceandfire:silver_ore
	- iceandfire:lightning_dragon_roost
	- iceandfire:lightning_dragon_cave
[16Oct2025 22:14:45.346] [Server thread/DEBUG] [mixin/]: Mixing ProcessorListsAccessor from vampirism.mixins.json into net.minecraft.data.worldgen.ProcessorLists
[16Oct2025 22:14:45.363] [Server thread/DEBUG] [io.netty.buffer.AbstractByteBuf/]: -Dio.netty.buffer.checkAccessible: true
[16Oct2025 22:14:45.364] [Server thread/DEBUG] [io.netty.buffer.AbstractByteBuf/]: -Dio.netty.buffer.checkBounds: true
[16Oct2025 22:14:45.364] [Server thread/DEBUG] [io.netty.util.ResourceLeakDetectorFactory/]: Loaded default ResourceLeakDetector: io.netty.util.ResourceLeakDetector@5e83ce13
[16Oct2025 22:14:45.380] [Server thread/INFO] [net.minecraft.server.dedicated.DedicatedServer/]: Preparing level "world"
[16Oct2025 22:14:45.385] [Server thread/DEBUG] [net.minecraftforge.coremod.transformer.CoreModBaseTransformer/COREMOD]: Transforming net/minecraft/world/level/levelgen/PhantomSpawner
[16Oct2025 22:14:45.395] [Server thread/DEBUG] [net.minecraftforge.coremod.transformer.CoreModBaseTransformer/COREMOD]: Transforming net/minecraft/world/level/levelgen/PatrolSpawner
[16Oct2025 22:14:45.401] [Server thread/DEBUG] [net.minecraftforge.coremod.transformer.CoreModBaseTransformer/COREMOD]: Transforming net/minecraft/world/entity/npc/CatSpawner
[16Oct2025 22:14:45.407] [Server thread/DEBUG] [net.minecraftforge.coremod.transformer.CoreModBaseTransformer/COREMOD]: Transforming net/minecraft/world/entity/ai/village/VillageSiege
[16Oct2025 22:14:45.424] [Server thread/DEBUG] [mixin/]: Mixing DamageSourcesMixin from tombstone.mixins.json into net.minecraft.world.damagesource.DamageSources
[16Oct2025 22:14:45.940] [Server thread/INFO] [de.teamlapen.vampirism.GeneralEventHandler/]: Replacing DistanceManager.chunksToUpdateFutures for level ResourceKey[minecraft:dimension / minecraft:overworld] with concurrent set.
[16Oct2025 22:14:46.108] [Server thread/DEBUG] [mixin/]: Mixing WalkAnimationStateAccessor from vampirism.mixins.json into net.minecraft.world.entity.WalkAnimationState
[16Oct2025 22:14:46.132] [Server thread/DEBUG] [mixin/]: Mixing GoalSelectorMixin from vampirism.mixins.json into net.minecraft.world.entity.ai.goal.GoalSelector
[16Oct2025 22:14:46.778] [Server thread/DEBUG] [mixin/]: Mixing MixinPiglinAi from curios.mixins.json into net.minecraft.world.entity.monster.piglin.PiglinAi
[16Oct2025 22:14:51.620] [Server thread/INFO] [de.teamlapen.vampirism.GeneralEventHandler/]: Replacing DistanceManager.chunksToUpdateFutures for level ResourceKey[minecraft:dimension / minecraft:the_nether] with concurrent set.
[16Oct2025 22:14:51.636] [Server thread/INFO] [de.teamlapen.vampirism.GeneralEventHandler/]: Replacing DistanceManager.chunksToUpdateFutures for level ResourceKey[minecraft:dimension / minecraft:the_end] with concurrent set.
[16Oct2025 22:14:51.640] [Server thread/INFO] [net.minecraft.server.MinecraftServer/]: Preparing start region for dimension minecraft:overworld
[16Oct2025 22:14:53.081] [Server thread/DEBUG] [mixin/]: Mixing MixinChunkSerializer from architectury.mixins.json into net.minecraft.world.level.chunk.storage.ChunkSerializer
[16Oct2025 22:14:53.357] [Server thread/DEBUG] [net.minecraftforge.coremod.transformer.CoreModBaseTransformer/COREMOD]: Transforming net/minecraft/world/level/levelgen/structure/templatesystem/StructureTemplate
[16Oct2025 22:14:56.953] [Worker-Main-4/INFO] [net.minecraft.server.level.progress.LoggerChunkProgressListener/]: Preparing spawn area: 0%
[16Oct2025 22:14:56.954] [Worker-Main-3/INFO] [net.minecraft.server.level.progress.LoggerChunkProgressListener/]: Preparing spawn area: 0%
[16Oct2025 22:14:56.955] [Worker-Main-5/INFO] [net.minecraft.server.level.progress.LoggerChunkProgressListener/]: Preparing spawn area: 0%
[16Oct2025 22:14:56.955] [Worker-Main-3/INFO] [net.minecraft.server.level.progress.LoggerChunkProgressListener/]: Preparing spawn area: 0%
[16Oct2025 22:14:56.957] [Worker-Main-3/INFO] [net.minecraft.server.level.progress.LoggerChunkProgressListener/]: Preparing spawn area: 0%
[16Oct2025 22:14:56.958] [Worker-Main-3/INFO] [net.minecraft.server.level.progress.LoggerChunkProgressListener/]: Preparing spawn area: 0%
[16Oct2025 22:14:56.959] [Worker-Main-5/INFO] [net.minecraft.server.level.progress.LoggerChunkProgressListener/]: Preparing spawn area: 0%
[16Oct2025 22:14:56.960] [Worker-Main-5/INFO] [net.minecraft.server.level.progress.LoggerChunkProgressListener/]: Preparing spawn area: 0%
[16Oct2025 22:14:56.961] [Worker-Main-3/INFO] [net.minecraft.server.level.progress.LoggerChunkProgressListener/]: Preparing spawn area: 0%
[16Oct2025 22:14:56.961] [Worker-Main-4/INFO] [net.minecraft.server.level.progress.LoggerChunkProgressListener/]: Preparing spawn area: 0%
[16Oct2025 22:14:56.965] [Worker-Main-4/INFO] [net.minecraft.server.level.progress.LoggerChunkProgressListener/]: Preparing spawn area: 0%
[16Oct2025 22:14:57.141] [Worker-Main-5/INFO] [net.minecraft.server.level.progress.LoggerChunkProgressListener/]: Preparing spawn area: 0%
[16Oct2025 22:14:57.642] [Worker-Main-4/INFO] [net.minecraft.server.level.progress.LoggerChunkProgressListener/]: Preparing spawn area: 44%
[16Oct2025 22:14:57.998] [Server thread/INFO] [net.minecraft.server.level.progress.LoggerChunkProgressListener/]: Time elapsed: 6357 ms
[16Oct2025 22:14:57.999] [Server thread/INFO] [net.minecraft.server.dedicated.DedicatedServer/]: Done (12.753s)! For help, type "help"
[16Oct2025 22:14:58.008] [Server thread/DEBUG] [net.minecraftforge.network.DualStackUtils/]: Detected IPv6 address: "0:0:0:0:0:0:0:0"
[16Oct2025 22:14:58.056] [Server thread/DEBUG] [net.minecraftforge.common.ForgeI18n/CORE]: Loading I18N data entries: 8489
[16Oct2025 22:14:58.061] [Server thread/INFO] [net.minecraftforge.server.permission.PermissionAPI/]: Successfully initialized permission handler forge:default_handler
[16Oct2025 22:14:58.091] [Server thread/INFO] [com.github.alexthe666.iceandfire.IceAndFire/]: {iceandfire:fire_dragon_roost=true, iceandfire:fire_lily=true, iceandfire:spawn_dragon_skeleton_fire=true, iceandfire:lightning_dragon_roost=true, iceandfire:spawn_dragon_skeleton_lightning=true, iceandfire:ice_dragon_roost=true, iceandfire:ice_dragon_cave=true, iceandfire:lightning_dragon_cave=true, iceandfire:cyclops_cave=true, iceandfire:spawn_wandering_cyclops=true, iceandfire:spawn_sea_serpent=true, iceandfire:frost_lily=true, iceandfire:hydra_cave=true, iceandfire:lightning_lily=true, iceandfire:pixie_village=true, iceandfire:myrmex_hive_jungle=true, iceandfire:myrmex_hive_desert=true, iceandfire:silver_ore=true, iceandfire:siren_island=true, iceandfire:spawn_dragon_skeleton_ice=true, iceandfire:spawn_stymphalian_bird=true, iceandfire:fire_dragon_cave=true, iceandfire:sapphire_ore=true, iceandfire:spawn_hippocampus=true, iceandfire:spawn_death_worm=true}
[16Oct2025 22:14:58.092] [Server thread/INFO] [com.github.alexthe666.iceandfire.IceAndFire/]: {TROLL_S=true, HIPPOGRYPH=true, AMPHITHERE=true, COCKATRICE=true, TROLL_M=true, DREAD_LICH=true, TROLL_F=true}
[16Oct2025 22:14:58.133] [Server thread/DEBUG] [net.minecraftforge.coremod.transformer.CoreModBaseTransformer/COREMOD]: Transforming net/minecraft/world/level/NaturalSpawner
[16Oct2025 22:14:58.163] [Server thread/DEBUG] [mixin/]: Mixing NaturalSpawnerMixin from alexscaves.mixins.json into net.minecraft.world.level.NaturalSpawner
[16Oct2025 22:15:28.422] [Netty Epoll Server IO #1/DEBUG] [io.netty.util.Recycler/]: -Dio.netty.recycler.maxCapacityPerThread: 4096
[16Oct2025 22:15:28.423] [Netty Epoll Server IO #1/DEBUG] [io.netty.util.Recycler/]: -Dio.netty.recycler.ratio: 8
[16Oct2025 22:15:28.423] [Netty Epoll Server IO #1/DEBUG] [io.netty.util.Recycler/]: -Dio.netty.recycler.chunkSize: 32
[16Oct2025 22:15:28.423] [Netty Epoll Server IO #1/DEBUG] [io.netty.util.Recycler/]: -Dio.netty.recycler.blocking: false
[16Oct2025 22:15:28.493] [Netty Epoll Server IO #2/DEBUG] [net.minecraftforge.network.HandshakeHandler/FMLHANDSHAKE]: Starting new modded impl connection. Found 46 messages to dispatch.
[16Oct2025 22:15:28.543] [Server thread/DEBUG] [net.minecraftforge.network.HandshakeHandler/FMLHANDSHAKE]: Sending ticking packet info 'com.tacz.guns.network.message.handshake.ServerMessageSyncedEntityDataMapping' to 'tacz:handshake' sequence 0
[16Oct2025 22:15:28.592] [Server thread/DEBUG] [net.minecraftforge.network.HandshakeHandler/FMLHANDSHAKE]: Sending ticking packet info 'net.minecraftforge.network.HandshakeMessages$S2CModData' to 'fml:handshake' sequence 1
[16Oct2025 22:15:28.642] [Server thread/DEBUG] [net.minecraftforge.network.HandshakeHandler/FMLHANDSHAKE]: Sending ticking packet info 'net.minecraftforge.network.HandshakeMessages$S2CModList' to 'fml:handshake' sequence 2
[16Oct2025 22:15:28.692] [Server thread/DEBUG] [net.minecraftforge.network.HandshakeHandler/FMLHANDSHAKE]: Sending ticking packet info 'Registry minecraft:command_argument_type' to 'fml:handshake' sequence 3
[16Oct2025 22:15:28.700] [Netty Epoll Server IO #2/DEBUG] [net.minecraftforge.network.LoginWrapper/FMLHANDSHAKE]: Recieved login wrapper packet event for channel tacz:handshake with index 0
[16Oct2025 22:15:28.702] [Netty Epoll Server IO #2/DEBUG] [net.minecraftforge.network.HandshakeHandler/FMLHANDSHAKE]: Received client indexed reply 0 of type com.tacz.guns.network.message.handshake.Acknowledge
[16Oct2025 22:15:28.702] [Netty Epoll Server IO #2/DEBUG] [tacz/HANDSHAKE_ACKNOWLEDGE]: Received acknowledgement from client
[16Oct2025 22:15:28.742] [Server thread/DEBUG] [net.minecraftforge.network.HandshakeHandler/FMLHANDSHAKE]: Sending ticking packet info 'Registry irons_spellbooks:schools' to 'fml:handshake' sequence 4
[16Oct2025 22:15:28.778] [Netty Epoll Server IO #2/DEBUG] [net.minecraftforge.network.LoginWrapper/FMLHANDSHAKE]: Recieved login wrapper packet event for channel fml:handshake with index 2
[16Oct2025 22:15:28.779] [Netty Epoll Server IO #2/DEBUG] [net.minecraftforge.network.HandshakeHandler/FMLHANDSHAKE]: Received client indexed reply 2 of type net.minecraftforge.network.HandshakeMessages$C2SModListReply
[16Oct2025 22:15:28.779] [Netty Epoll Server IO #2/DEBUG] [net.minecraftforge.network.HandshakeHandler/FMLHANDSHAKE]: Received client connection with modlist [minecraft, immersiveui, trade_cycling, pick_up_tnt, mcef, geckolib, playeranimator, jei, tacz, a_good_place, caelus, sophisticatedcore, iceberg, curios, legendarytooltips, xaerominimap, xaeroworldmap, prism, citadel, alexscaves, irons_spellbooks, aaa_particles, mixinextras, tombstone, sophisticatedbackpacks, coroutil, architectury, octolib, aaa_particles_world, vampirism, teamlapenlib, iceandfire, crucifix, watut, forge, tlskincape, webdisplays, endermail]
[16Oct2025 22:15:28.780] [Netty Epoll Server IO #2/DEBUG] [net.minecraftforge.network.NetworkRegistry/NETREGISTRY]: Channel 'teamlapenlib:main' : Version test of '1' from client : ACCEPTED
[16Oct2025 22:15:28.780] [Netty Epoll Server IO #2/DEBUG] [net.minecraftforge.network.NetworkRegistry/NETREGISTRY]: Channel 'watut:main' : Version test of '4' from client : ACCEPTED
[16Oct2025 22:15:28.780] [Netty Epoll Server IO #2/DEBUG] [net.minecraftforge.network.NetworkRegistry/NETREGISTRY]: Channel 'alexscaves:main_channel' : Version test of '1' from client : ACCEPTED
[16Oct2025 22:15:28.781] [Netty Epoll Server IO #2/DEBUG] [net.minecraftforge.network.NetworkRegistry/NETREGISTRY]: Channel 'architectury:network' : Version test of '1' from client : ACCEPTED
[16Oct2025 22:15:28.781] [Netty Epoll Server IO #2/DEBUG] [net.minecraftforge.network.NetworkRegistry/NETREGISTRY]: Channel 'endermail:endermail' : Version test of '1.0' from client : ACCEPTED
[16Oct2025 22:15:28.781] [Netty Epoll Server IO #2/DEBUG] [net.minecraftforge.network.NetworkRegistry/NETREGISTRY]: Channel 'webdisplays:packetsystem' : Version test of '2' from client : ACCEPTED
[16Oct2025 22:15:28.781] [Netty Epoll Server IO #2/DEBUG] [net.minecraftforge.network.NetworkRegistry/NETREGISTRY]: Channel 'jei:channel' : Version test of '1.0.0' from client : ACCEPTED
[16Oct2025 22:15:28.781] [Netty Epoll Server IO #2/DEBUG] [net.minecraftforge.network.NetworkRegistry/NETREGISTRY]: Channel 'minecraft:unregister' : Version test of 'FML3' from client : ACCEPTED
[16Oct2025 22:15:28.781] [Netty Epoll Server IO #2/DEBUG] [net.minecraftforge.network.NetworkRegistry/NETREGISTRY]: Channel 'sophisticatedbackpacks:channel' : Version test of '1' from client : ACCEPTED
[16Oct2025 22:15:28.781] [Netty Epoll Server IO #2/DEBUG] [net.minecraftforge.network.NetworkRegistry/NETREGISTRY]: Channel 'citadel:main_channel' : Version test of '1' from client : ACCEPTED
[16Oct2025 22:15:28.781] [Netty Epoll Server IO #2/DEBUG] [net.minecraftforge.network.NetworkRegistry/NETREGISTRY]: Channel 'iceandfire:main_channel' : Version test of '1' from client : ACCEPTED
[16Oct2025 22:15:28.781] [Netty Epoll Server IO #2/DEBUG] [net.minecraftforge.network.NetworkRegistry/NETREGISTRY]: Channel 'trade_cycling:cycle_trades' : Version test of 'ALLOWVANILLA 💓💓💓' from client : ACCEPTED
[16Oct2025 22:15:28.781] [Netty Epoll Server IO #2/DEBUG] [net.minecraftforge.network.NetworkRegistry/NETREGISTRY]: Channel 'tacz:handshake' : Version test of '1.0.4' from client : ACCEPTED
[16Oct2025 22:15:28.781] [Netty Epoll Server IO #2/DEBUG] [net.minecraftforge.network.NetworkRegistry/NETREGISTRY]: Channel 'curios:main' : Version test of '1' from client : ACCEPTED
[16Oct2025 22:15:28.781] [Netty Epoll Server IO #2/DEBUG] [net.minecraftforge.network.NetworkRegistry/NETREGISTRY]: Channel 'irons_spellbooks:messages' : Version test of '1.0' from client : ACCEPTED
[16Oct2025 22:15:28.781] [Netty Epoll Server IO #2/DEBUG] [net.minecraftforge.network.NetworkRegistry/NETREGISTRY]: Channel 'fml:loginwrapper' : Version test of 'FML3' from client : ACCEPTED
[16Oct2025 22:15:28.781] [Netty Epoll Server IO #2/DEBUG] [net.minecraftforge.network.NetworkRegistry/NETREGISTRY]: Channel 'forge:tier_sorting' : Version test of '1.0' from client : ACCEPTED
[16Oct2025 22:15:28.781] [Netty Epoll Server IO #2/DEBUG] [net.minecraftforge.network.NetworkRegistry/NETREGISTRY]: Channel 'crucifix:crucifix' : Version test of '1' from client : ACCEPTED
[16Oct2025 22:15:28.782] [Netty Epoll Server IO #2/DEBUG] [net.minecraftforge.network.NetworkRegistry/NETREGISTRY]: Channel 'tombstone:tombstone_channel' : Version test of 'tombstone-9.0.9' from client : ACCEPTED
[16Oct2025 22:15:28.782] [Netty Epoll Server IO #2/DEBUG] [net.minecraftforge.network.NetworkRegistry/NETREGISTRY]: Channel 'fml:play' : Version test of 'FML3' from client : ACCEPTED
[16Oct2025 22:15:28.782] [Netty Epoll Server IO #2/DEBUG] [net.minecraftforge.network.NetworkRegistry/NETREGISTRY]: Channel 'sophisticatedcore:channel' : Version test of '1' from client : ACCEPTED
[16Oct2025 22:15:28.782] [Netty Epoll Server IO #2/DEBUG] [net.minecraftforge.network.NetworkRegistry/NETREGISTRY]: Channel 'caelus:main' : Version test of '1' from client : ACCEPTED
[16Oct2025 22:15:28.782] [Netty Epoll Server IO #2/DEBUG] [net.minecraftforge.network.NetworkRegistry/NETREGISTRY]: Channel 'fml:handshake' : Version test of 'FML3' from client : ACCEPTED
[16Oct2025 22:15:28.782] [Netty Epoll Server IO #2/DEBUG] [net.minecraftforge.network.NetworkRegistry/NETREGISTRY]: Channel 'vampirism:main' : Version test of '1' from client : ACCEPTED
[16Oct2025 22:15:28.782] [Netty Epoll Server IO #2/DEBUG] [net.minecraftforge.network.NetworkRegistry/NETREGISTRY]: Channel 'minecraft:register' : Version test of 'FML3' from client : ACCEPTED
[16Oct2025 22:15:28.782] [Netty Epoll Server IO #2/DEBUG] [net.minecraftforge.network.NetworkRegistry/NETREGISTRY]: Channel 'forge:split' : Version test of '1.1' from client : ACCEPTED
[16Oct2025 22:15:28.782] [Netty Epoll Server IO #2/DEBUG] [net.minecraftforge.network.NetworkRegistry/NETREGISTRY]: Channel 'tacz:network' : Version test of '1.0.4' from client : ACCEPTED
[16Oct2025 22:15:28.782] [Netty Epoll Server IO #2/DEBUG] [net.minecraftforge.network.NetworkRegistry/NETREGISTRY]: Channel 'geckolib:main' : Version test of '1' from client : ACCEPTED
[16Oct2025 22:15:28.782] [Netty Epoll Server IO #2/DEBUG] [net.minecraftforge.network.NetworkRegistry/NETREGISTRY]: Accepting channel list from client
[16Oct2025 22:15:28.783] [Netty Epoll Server IO #2/DEBUG] [net.minecraftforge.network.HandshakeHandler/FMLHANDSHAKE]: Accepted client connection mod list
[16Oct2025 22:15:28.792] [Server thread/DEBUG] [net.minecraftforge.network.HandshakeHandler/FMLHANDSHAKE]: Sending ticking packet info 'Registry minecraft:villager_profession' to 'fml:handshake' sequence 5
[16Oct2025 22:15:28.834] [Netty Epoll Server IO #2/DEBUG] [net.minecraftforge.network.LoginWrapper/FMLHANDSHAKE]: Recieved login wrapper packet event for channel fml:handshake with index 3
[16Oct2025 22:15:28.834] [Netty Epoll Server IO #2/DEBUG] [net.minecraftforge.network.HandshakeHandler/FMLHANDSHAKE]: Received client indexed reply 3 of type net.minecraftforge.network.HandshakeMessages$C2SAcknowledge
[16Oct2025 22:15:28.834] [Netty Epoll Server IO #2/DEBUG] [net.minecraftforge.network.HandshakeHandler/FMLHANDSHAKE]: Received acknowledgement from client
[16Oct2025 22:15:28.842] [Server thread/DEBUG] [net.minecraftforge.network.HandshakeHandler/FMLHANDSHAKE]: Sending ticking packet info 'Registry minecraft:item' to 'fml:handshake' sequence 6
[16Oct2025 22:15:28.874] [Netty Epoll Server IO #2/DEBUG] [net.minecraftforge.network.LoginWrapper/FMLHANDSHAKE]: Recieved login wrapper packet event for channel fml:handshake with index 4
[16Oct2025 22:15:28.875] [Netty Epoll Server IO #2/DEBUG] [net.minecraftforge.network.HandshakeHandler/FMLHANDSHAKE]: Received client indexed reply 4 of type net.minecraftforge.network.HandshakeMessages$C2SAcknowledge
[16Oct2025 22:15:28.875] [Netty Epoll Server IO #2/DEBUG] [net.minecraftforge.network.HandshakeHandler/FMLHANDSHAKE]: Received acknowledgement from client
[16Oct2025 22:15:28.892] [Server thread/DEBUG] [net.minecraftforge.network.HandshakeHandler/FMLHANDSHAKE]: Sending ticking packet info 'Registry minecraft:potion' to 'fml:handshake' sequence 7
[16Oct2025 22:15:28.924] [Netty Epoll Server IO #2/DEBUG] [net.minecraftforge.network.LoginWrapper/FMLHANDSHAKE]: Recieved login wrapper packet event for channel fml:handshake with index 5
[16Oct2025 22:15:28.924] [Netty Epoll Server IO #2/DEBUG] [net.minecraftforge.network.HandshakeHandler/FMLHANDSHAKE]: Received client indexed reply 5 of type net.minecraftforge.network.HandshakeMessages$C2SAcknowledge
[16Oct2025 22:15:28.924] [Netty Epoll Server IO #2/DEBUG] [net.minecraftforge.network.HandshakeHandler/FMLHANDSHAKE]: Received acknowledgement from client
[16Oct2025 22:15:28.942] [Server thread/DEBUG] [net.minecraftforge.network.HandshakeHandler/FMLHANDSHAKE]: Sending ticking packet info 'Registry vampirism:refinement' to 'fml:handshake' sequence 8
[16Oct2025 22:15:28.993] [Server thread/DEBUG] [net.minecraftforge.network.HandshakeHandler/FMLHANDSHAKE]: Sending ticking packet info 'Registry minecraft:block_entity_type' to 'fml:handshake' sequence 9
[16Oct2025 22:15:29.042] [Server thread/DEBUG] [net.minecraftforge.network.HandshakeHandler/FMLHANDSHAKE]: Sending ticking packet info 'Registry forge:display_contexts' to 'fml:handshake' sequence 10
[16Oct2025 22:15:29.092] [Server thread/DEBUG] [net.minecraftforge.network.HandshakeHandler/FMLHANDSHAKE]: Sending ticking packet info 'Registry vampirism:task_unlocker' to 'fml:handshake' sequence 11
[16Oct2025 22:15:29.142] [Server thread/DEBUG] [net.minecraftforge.network.HandshakeHandler/FMLHANDSHAKE]: Sending ticking packet info 'Registry irons_spellbooks:spells' to 'fml:handshake' sequence 12
[16Oct2025 22:15:29.192] [Server thread/DEBUG] [net.minecraftforge.network.HandshakeHandler/FMLHANDSHAKE]: Sending ticking packet info 'Registry vampirism:miniontasks' to 'fml:handshake' sequence 13
[16Oct2025 22:15:29.242] [Server thread/DEBUG] [net.minecraftforge.network.HandshakeHandler/FMLHANDSHAKE]: Sending ticking packet info 'Registry minecraft:stat_type' to 'fml:handshake' sequence 14
[16Oct2025 22:15:29.253] [Netty Epoll Server IO #2/DEBUG] [net.minecraftforge.network.LoginWrapper/FMLHANDSHAKE]: Recieved login wrapper packet event for channel fml:handshake with index 6
[16Oct2025 22:15:29.254] [Netty Epoll Server IO #2/DEBUG] [net.minecraftforge.network.HandshakeHandler/FMLHANDSHAKE]: Received client indexed reply 6 of type net.minecraftforge.network.HandshakeMessages$C2SAcknowledge
[16Oct2025 22:15:29.254] [Netty Epoll Server IO #2/DEBUG] [net.minecraftforge.network.HandshakeHandler/FMLHANDSHAKE]: Received acknowledgement from client
[16Oct2025 22:15:29.254] [Netty Epoll Server IO #2/DEBUG] [net.minecraftforge.network.LoginWrapper/FMLHANDSHAKE]: Recieved login wrapper packet event for channel fml:handshake with index 7
[16Oct2025 22:15:29.254] [Netty Epoll Server IO #2/DEBUG] [net.minecraftforge.network.HandshakeHandler/FMLHANDSHAKE]: Received client indexed reply 7 of type net.minecraftforge.network.HandshakeMessages$C2SAcknowledge
[16Oct2025 22:15:29.254] [Netty Epoll Server IO #2/DEBUG] [net.minecraftforge.network.HandshakeHandler/FMLHANDSHAKE]: Received acknowledgement from client
[16Oct2025 22:15:29.254] [Netty Epoll Server IO #2/DEBUG] [net.minecraftforge.network.LoginWrapper/FMLHANDSHAKE]: Recieved login wrapper packet event for channel fml:handshake with index 8
[16Oct2025 22:15:29.254] [Netty Epoll Server IO #2/DEBUG] [net.minecraftforge.network.HandshakeHandler/FMLHANDSHAKE]: Received client indexed reply 8 of type net.minecraftforge.network.HandshakeMessages$C2SAcknowledge
[16Oct2025 22:15:29.255] [Netty Epoll Server IO #2/DEBUG] [net.minecraftforge.network.HandshakeHandler/FMLHANDSHAKE]: Received acknowledgement from client
[16Oct2025 22:15:29.255] [Netty Epoll Server IO #2/DEBUG] [net.minecraftforge.network.LoginWrapper/FMLHANDSHAKE]: Recieved login wrapper packet event for channel fml:handshake with index 9
[16Oct2025 22:15:29.255] [Netty Epoll Server IO #2/DEBUG] [net.minecraftforge.network.HandshakeHandler/FMLHANDSHAKE]: Received client indexed reply 9 of type net.minecraftforge.network.HandshakeMessages$C2SAcknowledge
[16Oct2025 22:15:29.255] [Netty Epoll Server IO #2/DEBUG] [net.minecraftforge.network.HandshakeHandler/FMLHANDSHAKE]: Received acknowledgement from client
[16Oct2025 22:15:29.255] [Netty Epoll Server IO #2/DEBUG] [net.minecraftforge.network.LoginWrapper/FMLHANDSHAKE]: Recieved login wrapper packet event for channel fml:handshake with index 10
[16Oct2025 22:15:29.255] [Netty Epoll Server IO #2/DEBUG] [net.minecraftforge.network.HandshakeHandler/FMLHANDSHAKE]: Received client indexed reply 10 of type net.minecraftforge.network.HandshakeMessages$C2SAcknowledge
[16Oct2025 22:15:29.255] [Netty Epoll Server IO #2/DEBUG] [net.minecraftforge.network.HandshakeHandler/FMLHANDSHAKE]: Received acknowledgement from client
[16Oct2025 22:15:29.256] [Netty Epoll Server IO #2/DEBUG] [net.minecraftforge.network.LoginWrapper/FMLHANDSHAKE]: Recieved login wrapper packet event for channel fml:handshake with index 11
[16Oct2025 22:15:29.256] [Netty Epoll Server IO #2/DEBUG] [net.minecraftforge.network.HandshakeHandler/FMLHANDSHAKE]: Received client indexed reply 11 of type net.minecraftforge.network.HandshakeMessages$C2SAcknowledge
[16Oct2025 22:15:29.256] [Netty Epoll Server IO #2/DEBUG] [net.minecraftforge.network.HandshakeHandler/FMLHANDSHAKE]: Received acknowledgement from client
[16Oct2025 22:15:29.274] [Netty Epoll Server IO #2/DEBUG] [net.minecraftforge.network.LoginWrapper/FMLHANDSHAKE]: Recieved login wrapper packet event for channel fml:handshake with index 12
[16Oct2025 22:15:29.274] [Netty Epoll Server IO #2/DEBUG] [net.minecraftforge.network.HandshakeHandler/FMLHANDSHAKE]: Received client indexed reply 12 of type net.minecraftforge.network.HandshakeMessages$C2SAcknowledge
[16Oct2025 22:15:29.274] [Netty Epoll Server IO #2/DEBUG] [net.minecraftforge.network.HandshakeHandler/FMLHANDSHAKE]: Received acknowledgement from client
[16Oct2025 22:15:29.292] [Server thread/DEBUG] [net.minecraftforge.network.HandshakeHandler/FMLHANDSHAKE]: Sending ticking packet info 'Registry vampirism:skills' to 'fml:handshake' sequence 15
[16Oct2025 22:15:29.324] [Netty Epoll Server IO #2/DEBUG] [net.minecraftforge.network.LoginWrapper/FMLHANDSHAKE]: Recieved login wrapper packet event for channel fml:handshake with index 13
[16Oct2025 22:15:29.324] [Netty Epoll Server IO #2/DEBUG] [net.minecraftforge.network.HandshakeHandler/FMLHANDSHAKE]: Received client indexed reply 13 of type net.minecraftforge.network.HandshakeMessages$C2SAcknowledge
[16Oct2025 22:15:29.324] [Netty Epoll Server IO #2/DEBUG] [net.minecraftforge.network.HandshakeHandler/FMLHANDSHAKE]: Received acknowledgement from client
[16Oct2025 22:15:29.342] [Server thread/DEBUG] [net.minecraftforge.network.HandshakeHandler/FMLHANDSHAKE]: Sending ticking packet info 'Registry minecraft:menu' to 'fml:handshake' sequence 16
[16Oct2025 22:15:29.374] [Netty Epoll Server IO #2/DEBUG] [net.minecraftforge.network.LoginWrapper/FMLHANDSHAKE]: Recieved login wrapper packet event for channel fml:handshake with index 14
[16Oct2025 22:15:29.374] [Netty Epoll Server IO #2/DEBUG] [net.minecraftforge.network.HandshakeHandler/FMLHANDSHAKE]: Received client indexed reply 14 of type net.minecraftforge.network.HandshakeMessages$C2SAcknowledge
[16Oct2025 22:15:29.374] [Netty Epoll Server IO #2/DEBUG] [net.minecraftforge.network.HandshakeHandler/FMLHANDSHAKE]: Received acknowledgement from client
[16Oct2025 22:15:29.392] [Server thread/DEBUG] [net.minecraftforge.network.HandshakeHandler/FMLHANDSHAKE]: Sending ticking packet info 'Registry vampirism:actions' to 'fml:handshake' sequence 17
[16Oct2025 22:15:29.425] [Netty Epoll Server IO #2/DEBUG] [net.minecraftforge.network.LoginWrapper/FMLHANDSHAKE]: Recieved login wrapper packet event for channel fml:handshake with index 15
[16Oct2025 22:15:29.425] [Netty Epoll Server IO #2/DEBUG] [net.minecraftforge.network.HandshakeHandler/FMLHANDSHAKE]: Received client indexed reply 15 of type net.minecraftforge.network.HandshakeMessages$C2SAcknowledge
[16Oct2025 22:15:29.425] [Netty Epoll Server IO #2/DEBUG] [net.minecraftforge.network.HandshakeHandler/FMLHANDSHAKE]: Received acknowledgement from client
[16Oct2025 22:15:29.442] [Server thread/DEBUG] [net.minecraftforge.network.HandshakeHandler/FMLHANDSHAKE]: Sending ticking packet info 'Registry vampirism:refinement_set' to 'fml:handshake' sequence 18
[16Oct2025 22:15:29.474] [Netty Epoll Server IO #2/DEBUG] [net.minecraftforge.network.LoginWrapper/FMLHANDSHAKE]: Recieved login wrapper packet event for channel fml:handshake with index 16
[16Oct2025 22:15:29.474] [Netty Epoll Server IO #2/DEBUG] [net.minecraftforge.network.HandshakeHandler/FMLHANDSHAKE]: Received client indexed reply 16 of type net.minecraftforge.network.HandshakeMessages$C2SAcknowledge
[16Oct2025 22:15:29.474] [Netty Epoll Server IO #2/DEBUG] [net.minecraftforge.network.HandshakeHandler/FMLHANDSHAKE]: Received acknowledgement from client
[16Oct2025 22:15:29.492] [Server thread/DEBUG] [net.minecraftforge.network.HandshakeHandler/FMLHANDSHAKE]: Sending ticking packet info 'Registry minecraft:fluid' to 'fml:handshake' sequence 19
[16Oct2025 22:15:29.524] [Netty Epoll Server IO #2/DEBUG] [net.minecraftforge.network.LoginWrapper/FMLHANDSHAKE]: Recieved login wrapper packet event for channel fml:handshake with index 17
[16Oct2025 22:15:29.524] [Netty Epoll Server IO #2/DEBUG] [net.minecraftforge.network.HandshakeHandler/FMLHANDSHAKE]: Received client indexed reply 17 of type net.minecraftforge.network.HandshakeMessages$C2SAcknowledge
[16Oct2025 22:15:29.524] [Netty Epoll Server IO #2/DEBUG] [net.minecraftforge.network.HandshakeHandler/FMLHANDSHAKE]: Received acknowledgement from client
[16Oct2025 22:15:29.542] [Server thread/DEBUG] [net.minecraftforge.network.HandshakeHandler/FMLHANDSHAKE]: Sending ticking packet info 'Registry vampirism:task_requirement' to 'fml:handshake' sequence 20
[16Oct2025 22:15:29.574] [Netty Epoll Server IO #2/DEBUG] [net.minecraftforge.network.LoginWrapper/FMLHANDSHAKE]: Recieved login wrapper packet event for channel fml:handshake with index 18
[16Oct2025 22:15:29.574] [Netty Epoll Server IO #2/DEBUG] [net.minecraftforge.network.HandshakeHandler/FMLHANDSHAKE]: Received client indexed reply 18 of type net.minecraftforge.network.HandshakeMessages$C2SAcknowledge
[16Oct2025 22:15:29.575] [Netty Epoll Server IO #2/DEBUG] [net.minecraftforge.network.HandshakeHandler/FMLHANDSHAKE]: Received acknowledgement from client
[16Oct2025 22:15:29.592] [Server thread/DEBUG] [net.minecraftforge.network.HandshakeHandler/FMLHANDSHAKE]: Sending ticking packet info 'Registry minecraft:recipe_serializer' to 'fml:handshake' sequence 21
[16Oct2025 22:15:29.624] [Netty Epoll Server IO #2/DEBUG] [net.minecraftforge.network.LoginWrapper/FMLHANDSHAKE]: Recieved login wrapper packet event for channel fml:handshake with index 19
[16Oct2025 22:15:29.624] [Netty Epoll Server IO #2/DEBUG] [net.minecraftforge.network.HandshakeHandler/FMLHANDSHAKE]: Received client indexed reply 19 of type net.minecraftforge.network.HandshakeMessages$C2SAcknowledge
[16Oct2025 22:15:29.624] [Netty Epoll Server IO #2/DEBUG] [net.minecraftforge.network.HandshakeHandler/FMLHANDSHAKE]: Received acknowledgement from client
[16Oct2025 22:15:29.642] [Server thread/DEBUG] [net.minecraftforge.network.HandshakeHandler/FMLHANDSHAKE]: Sending ticking packet info 'Registry minecraft:sound_event' to 'fml:handshake' sequence 22
[16Oct2025 22:15:29.673] [Netty Epoll Server IO #2/DEBUG] [net.minecraftforge.network.LoginWrapper/FMLHANDSHAKE]: Recieved login wrapper packet event for channel fml:handshake with index 20
[16Oct2025 22:15:29.674] [Netty Epoll Server IO #2/DEBUG] [net.minecraftforge.network.HandshakeHandler/FMLHANDSHAKE]: Received client indexed reply 20 of type net.minecraftforge.network.HandshakeMessages$C2SAcknowledge
[16Oct2025 22:15:29.674] [Netty Epoll Server IO #2/DEBUG] [net.minecraftforge.network.HandshakeHandler/FMLHANDSHAKE]: Received acknowledgement from client
[16Oct2025 22:15:29.694] [Server thread/DEBUG] [net.minecraftforge.network.HandshakeHandler/FMLHANDSHAKE]: Sending ticking packet info 'Registry minecraft:particle_type' to 'fml:handshake' sequence 23
[16Oct2025 22:15:29.725] [Netty Epoll Server IO #2/DEBUG] [net.minecraftforge.network.LoginWrapper/FMLHANDSHAKE]: Recieved login wrapper packet event for channel fml:handshake with index 21
[16Oct2025 22:15:29.725] [Netty Epoll Server IO #2/DEBUG] [net.minecraftforge.network.HandshakeHandler/FMLHANDSHAKE]: Received client indexed reply 21 of type net.minecraftforge.network.HandshakeMessages$C2SAcknowledge
[16Oct2025 22:15:29.725] [Netty Epoll Server IO #2/DEBUG] [net.minecraftforge.network.HandshakeHandler/FMLHANDSHAKE]: Received acknowledgement from client
[16Oct2025 22:15:29.742] [Server thread/DEBUG] [net.minecraftforge.network.HandshakeHandler/FMLHANDSHAKE]: Sending ticking packet info 'Registry minecraft:painting_variant' to 'fml:handshake' sequence 24
[16Oct2025 22:15:29.792] [Server thread/DEBUG] [net.minecraftforge.network.HandshakeHandler/FMLHANDSHAKE]: Sending ticking packet info 'Registry forge:fluid_type' to 'fml:handshake' sequence 25
[16Oct2025 22:15:29.842] [Server thread/DEBUG] [net.minecraftforge.network.HandshakeHandler/FMLHANDSHAKE]: Sending ticking packet info 'Registry minecraft:block' to 'fml:handshake' sequence 26
[16Oct2025 22:15:29.892] [Server thread/DEBUG] [net.minecraftforge.network.HandshakeHandler/FMLHANDSHAKE]: Sending ticking packet info 'Registry forge:entity_data_serializers' to 'fml:handshake' sequence 27
[16Oct2025 22:15:29.913] [Netty Epoll Server IO #2/DEBUG] [net.minecraftforge.network.LoginWrapper/FMLHANDSHAKE]: Recieved login wrapper packet event for channel fml:handshake with index 22
[16Oct2025 22:15:29.913] [Netty Epoll Server IO #2/DEBUG] [net.minecraftforge.network.HandshakeHandler/FMLHANDSHAKE]: Received client indexed reply 22 of type net.minecraftforge.network.HandshakeMessages$C2SAcknowledge
[16Oct2025 22:15:29.913] [Netty Epoll Server IO #2/DEBUG] [net.minecraftforge.network.HandshakeHandler/FMLHANDSHAKE]: Received acknowledgement from client
[16Oct2025 22:15:29.914] [Netty Epoll Server IO #2/DEBUG] [net.minecraftforge.network.LoginWrapper/FMLHANDSHAKE]: Recieved login wrapper packet event for channel fml:handshake with index 23
[16Oct2025 22:15:29.914] [Netty Epoll Server IO #2/DEBUG] [net.minecraftforge.network.HandshakeHandler/FMLHANDSHAKE]: Received client indexed reply 23 of type net.minecraftforge.network.HandshakeMessages$C2SAcknowledge
[16Oct2025 22:15:29.914] [Netty Epoll Server IO #2/DEBUG] [net.minecraftforge.network.HandshakeHandler/FMLHANDSHAKE]: Received acknowledgement from client
[16Oct2025 22:15:29.914] [Netty Epoll Server IO #2/DEBUG] [net.minecraftforge.network.LoginWrapper/FMLHANDSHAKE]: Recieved login wrapper packet event for channel fml:handshake with index 24
[16Oct2025 22:15:29.914] [Netty Epoll Server IO #2/DEBUG] [net.minecraftforge.network.HandshakeHandler/FMLHANDSHAKE]: Received client indexed reply 24 of type net.minecraftforge.network.HandshakeMessages$C2SAcknowledge
[16Oct2025 22:15:29.914] [Netty Epoll Server IO #2/DEBUG] [net.minecraftforge.network.HandshakeHandler/FMLHANDSHAKE]: Received acknowledgement from client
[16Oct2025 22:15:29.924] [Netty Epoll Server IO #2/DEBUG] [net.minecraftforge.network.LoginWrapper/FMLHANDSHAKE]: Recieved login wrapper packet event for channel fml:handshake with index 25
[16Oct2025 22:15:29.924] [Netty Epoll Server IO #2/DEBUG] [net.minecraftforge.network.HandshakeHandler/FMLHANDSHAKE]: Received client indexed reply 25 of type net.minecraftforge.network.HandshakeMessages$C2SAcknowledge
[16Oct2025 22:15:29.925] [Netty Epoll Server IO #2/DEBUG] [net.minecraftforge.network.HandshakeHandler/FMLHANDSHAKE]: Received acknowledgement from client
[16Oct2025 22:15:29.942] [Server thread/DEBUG] [net.minecraftforge.network.HandshakeHandler/FMLHANDSHAKE]: Sending ticking packet info 'Registry vampirism:task_reward' to 'fml:handshake' sequence 28
[16Oct2025 22:15:29.992] [Server thread/DEBUG] [net.minecraftforge.network.HandshakeHandler/FMLHANDSHAKE]: Sending ticking packet info 'Registry vampirism:oil' to 'fml:handshake' sequence 29
[16Oct2025 22:15:30.042] [Server thread/DEBUG] [net.minecraftforge.network.HandshakeHandler/FMLHANDSHAKE]: Sending ticking packet info 'Registry vampirism:converting_handler' to 'fml:handshake' sequence 30
[16Oct2025 22:15:30.043] [Netty Epoll Server IO #2/DEBUG] [net.minecraftforge.network.LoginWrapper/FMLHANDSHAKE]: Recieved login wrapper packet event for channel fml:handshake with index 26
[16Oct2025 22:15:30.044] [Netty Epoll Server IO #2/DEBUG] [net.minecraftforge.network.HandshakeHandler/FMLHANDSHAKE]: Received client indexed reply 26 of type net.minecraftforge.network.HandshakeMessages$C2SAcknowledge
[16Oct2025 22:15:30.044] [Netty Epoll Server IO #2/DEBUG] [net.minecraftforge.network.HandshakeHandler/FMLHANDSHAKE]: Received acknowledgement from client
[16Oct2025 22:15:30.044] [Netty Epoll Server IO #2/DEBUG] [net.minecraftforge.network.LoginWrapper/FMLHANDSHAKE]: Recieved login wrapper packet event for channel fml:handshake with index 27
[16Oct2025 22:15:30.044] [Netty Epoll Server IO #2/DEBUG] [net.minecraftforge.network.HandshakeHandler/FMLHANDSHAKE]: Received client indexed reply 27 of type net.minecraftforge.network.HandshakeMessages$C2SAcknowledge
[16Oct2025 22:15:30.044] [Netty Epoll Server IO #2/DEBUG] [net.minecraftforge.network.HandshakeHandler/FMLHANDSHAKE]: Received acknowledgement from client
[16Oct2025 22:15:30.074] [Netty Epoll Server IO #2/DEBUG] [net.minecraftforge.network.LoginWrapper/FMLHANDSHAKE]: Recieved login wrapper packet event for channel fml:handshake with index 28
[16Oct2025 22:15:30.074] [Netty Epoll Server IO #2/DEBUG] [net.minecraftforge.network.HandshakeHandler/FMLHANDSHAKE]: Received client indexed reply 28 of type net.minecraftforge.network.HandshakeMessages$C2SAcknowledge
[16Oct2025 22:15:30.075] [Netty Epoll Server IO #2/DEBUG] [net.minecraftforge.network.HandshakeHandler/FMLHANDSHAKE]: Received acknowledgement from client
[16Oct2025 22:15:30.092] [Server thread/DEBUG] [net.minecraftforge.network.HandshakeHandler/FMLHANDSHAKE]: Sending ticking packet info 'Registry minecraft:mob_effect' to 'fml:handshake' sequence 31
[16Oct2025 22:15:30.124] [Netty Epoll Server IO #2/DEBUG] [net.minecraftforge.network.LoginWrapper/FMLHANDSHAKE]: Recieved login wrapper packet event for channel fml:handshake with index 29
[16Oct2025 22:15:30.124] [Netty Epoll Server IO #2/DEBUG] [net.minecraftforge.network.HandshakeHandler/FMLHANDSHAKE]: Received client indexed reply 29 of type net.minecraftforge.network.HandshakeMessages$C2SAcknowledge
[16Oct2025 22:15:30.124] [Netty Epoll Server IO #2/DEBUG] [net.minecraftforge.network.HandshakeHandler/FMLHANDSHAKE]: Received acknowledgement from client
[16Oct2025 22:15:30.142] [Server thread/DEBUG] [net.minecraftforge.network.HandshakeHandler/FMLHANDSHAKE]: Sending ticking packet info 'Registry vampirism:entityactions' to 'fml:handshake' sequence 32
[16Oct2025 22:15:30.176] [Netty Epoll Server IO #2/DEBUG] [net.minecraftforge.network.LoginWrapper/FMLHANDSHAKE]: Recieved login wrapper packet event for channel fml:handshake with index 30
[16Oct2025 22:15:30.176] [Netty Epoll Server IO #2/DEBUG] [net.minecraftforge.network.HandshakeHandler/FMLHANDSHAKE]: Received client indexed reply 30 of type net.minecraftforge.network.HandshakeMessages$C2SAcknowledge
[16Oct2025 22:15:30.176] [Netty Epoll Server IO #2/DEBUG] [net.minecraftforge.network.HandshakeHandler/FMLHANDSHAKE]: Received acknowledgement from client
[16Oct2025 22:15:30.193] [Server thread/DEBUG] [net.minecraftforge.network.HandshakeHandler/FMLHANDSHAKE]: Sending ticking packet info 'Registry tombstone:perks' to 'fml:handshake' sequence 33
[16Oct2025 22:15:30.225] [Netty Epoll Server IO #2/DEBUG] [net.minecraftforge.network.LoginWrapper/FMLHANDSHAKE]: Recieved login wrapper packet event for channel fml:handshake with index 31
[16Oct2025 22:15:30.225] [Netty Epoll Server IO #2/DEBUG] [net.minecraftforge.network.HandshakeHandler/FMLHANDSHAKE]: Received client indexed reply 31 of type net.minecraftforge.network.HandshakeMessages$C2SAcknowledge
[16Oct2025 22:15:30.225] [Netty Epoll Server IO #2/DEBUG] [net.minecraftforge.network.HandshakeHandler/FMLHANDSHAKE]: Received acknowledgement from client
[16Oct2025 22:15:30.242] [Server thread/DEBUG] [net.minecraftforge.network.HandshakeHandler/FMLHANDSHAKE]: Sending ticking packet info 'Registry minecraft:enchantment' to 'fml:handshake' sequence 34
[16Oct2025 22:15:30.277] [Netty Epoll Server IO #2/DEBUG] [net.minecraftforge.network.LoginWrapper/FMLHANDSHAKE]: Recieved login wrapper packet event for channel fml:handshake with index 32
[16Oct2025 22:15:30.277] [Netty Epoll Server IO #2/DEBUG] [net.minecraftforge.network.HandshakeHandler/FMLHANDSHAKE]: Received client indexed reply 32 of type net.minecraftforge.network.HandshakeMessages$C2SAcknowledge
[16Oct2025 22:15:30.277] [Netty Epoll Server IO #2/DEBUG] [net.minecraftforge.network.HandshakeHandler/FMLHANDSHAKE]: Received acknowledgement from client
[16Oct2025 22:15:30.292] [Server thread/DEBUG] [net.minecraftforge.network.HandshakeHandler/FMLHANDSHAKE]: Sending ticking packet info 'Registry vampirism:task_reward_instance' to 'fml:handshake' sequence 35
[16Oct2025 22:15:30.324] [Netty Epoll Server IO #2/DEBUG] [net.minecraftforge.network.LoginWrapper/FMLHANDSHAKE]: Recieved login wrapper packet event for channel fml:handshake with index 33
[16Oct2025 22:15:30.324] [Netty Epoll Server IO #2/DEBUG] [net.minecraftforge.network.HandshakeHandler/FMLHANDSHAKE]: Received client indexed reply 33 of type net.minecraftforge.network.HandshakeMessages$C2SAcknowledge
[16Oct2025 22:15:30.324] [Netty Epoll Server IO #2/DEBUG] [net.minecraftforge.network.HandshakeHandler/FMLHANDSHAKE]: Received acknowledgement from client
[16Oct2025 22:15:30.342] [Server thread/DEBUG] [net.minecraftforge.network.HandshakeHandler/FMLHANDSHAKE]: Sending ticking packet info 'Registry minecraft:entity_type' to 'fml:handshake' sequence 36
[16Oct2025 22:15:30.379] [Netty Epoll Server IO #2/DEBUG] [net.minecraftforge.network.LoginWrapper/FMLHANDSHAKE]: Recieved login wrapper packet event for channel fml:handshake with index 34
[16Oct2025 22:15:30.380] [Netty Epoll Server IO #2/DEBUG] [net.minecraftforge.network.HandshakeHandler/FMLHANDSHAKE]: Received client indexed reply 34 of type net.minecraftforge.network.HandshakeMessages$C2SAcknowledge
[16Oct2025 22:15:30.380] [Netty Epoll Server IO #2/DEBUG] [net.minecraftforge.network.HandshakeHandler/FMLHANDSHAKE]: Received acknowledgement from client
[16Oct2025 22:15:30.392] [Server thread/DEBUG] [net.minecraftforge.network.HandshakeHandler/FMLHANDSHAKE]: Sending ticking packet info 'Config curios-server.toml' to 'fml:handshake' sequence 37
[16Oct2025 22:15:30.442] [Server thread/DEBUG] [net.minecraftforge.network.HandshakeHandler/FMLHANDSHAKE]: Sending ticking packet info 'Config irons_spellbooks-server.toml' to 'fml:handshake' sequence 38
[16Oct2025 22:15:30.473] [Netty Epoll Server IO #2/DEBUG] [net.minecraftforge.network.LoginWrapper/FMLHANDSHAKE]: Recieved login wrapper packet event for channel fml:handshake with index 35
[16Oct2025 22:15:30.473] [Netty Epoll Server IO #2/DEBUG] [net.minecraftforge.network.HandshakeHandler/FMLHANDSHAKE]: Received client indexed reply 35 of type net.minecraftforge.network.HandshakeMessages$C2SAcknowledge
[16Oct2025 22:15:30.473] [Netty Epoll Server IO #2/DEBUG] [net.minecraftforge.network.HandshakeHandler/FMLHANDSHAKE]: Received acknowledgement from client
[16Oct2025 22:15:30.492] [Server thread/DEBUG] [net.minecraftforge.network.HandshakeHandler/FMLHANDSHAKE]: Sending ticking packet info 'Config tombstone-server.toml' to 'fml:handshake' sequence 39
[16Oct2025 22:15:30.542] [Server thread/DEBUG] [net.minecraftforge.network.HandshakeHandler/FMLHANDSHAKE]: Sending ticking packet info 'Config vampirism-server.toml' to 'fml:handshake' sequence 40
[16Oct2025 22:15:30.592] [Server thread/DEBUG] [net.minecraftforge.network.HandshakeHandler/FMLHANDSHAKE]: Sending ticking packet info 'Config sophisticatedbackpacks-server.toml' to 'fml:handshake' sequence 41
[16Oct2025 22:15:30.642] [Server thread/DEBUG] [net.minecraftforge.network.HandshakeHandler/FMLHANDSHAKE]: Sending ticking packet info 'Config vampirism-balance.toml' to 'fml:handshake' sequence 42
[16Oct2025 22:15:30.692] [Server thread/DEBUG] [net.minecraftforge.network.HandshakeHandler/FMLHANDSHAKE]: Sending ticking packet info 'Config jei-server.toml' to 'fml:handshake' sequence 43
[16Oct2025 22:15:30.742] [Server thread/DEBUG] [net.minecraftforge.network.HandshakeHandler/FMLHANDSHAKE]: Sending ticking packet info 'Config tacz-server.toml' to 'fml:handshake' sequence 44
[16Oct2025 22:15:30.792] [Server thread/DEBUG] [net.minecraftforge.network.HandshakeHandler/FMLHANDSHAKE]: Sending ticking packet info 'Config forge-server.toml' to 'fml:handshake' sequence 45
[16Oct2025 22:15:31.707] [Netty Epoll Server IO #2/DEBUG] [net.minecraftforge.network.LoginWrapper/FMLHANDSHAKE]: Recieved login wrapper packet event for channel fml:handshake with index 36
[16Oct2025 22:15:31.707] [Netty Epoll Server IO #2/DEBUG] [net.minecraftforge.network.HandshakeHandler/FMLHANDSHAKE]: Received client indexed reply 36 of type net.minecraftforge.network.HandshakeMessages$C2SAcknowledge
[16Oct2025 22:15:31.707] [Netty Epoll Server IO #2/DEBUG] [net.minecraftforge.network.HandshakeHandler/FMLHANDSHAKE]: Received acknowledgement from client
[16Oct2025 22:15:31.710] [Netty Epoll Server IO #2/DEBUG] [net.minecraftforge.network.LoginWrapper/FMLHANDSHAKE]: Recieved login wrapper packet event for channel fml:handshake with index 37
[16Oct2025 22:15:31.710] [Netty Epoll Server IO #2/DEBUG] [net.minecraftforge.network.HandshakeHandler/FMLHANDSHAKE]: Received client indexed reply 37 of type net.minecraftforge.network.HandshakeMessages$C2SAcknowledge
[16Oct2025 22:15:31.711] [Netty Epoll Server IO #2/DEBUG] [net.minecraftforge.network.HandshakeHandler/FMLHANDSHAKE]: Received acknowledgement from client
[16Oct2025 22:15:31.715] [Netty Epoll Server IO #2/DEBUG] [net.minecraftforge.network.LoginWrapper/FMLHANDSHAKE]: Recieved login wrapper packet event for channel fml:handshake with index 38
[16Oct2025 22:15:31.715] [Netty Epoll Server IO #2/DEBUG] [net.minecraftforge.network.HandshakeHandler/FMLHANDSHAKE]: Received client indexed reply 38 of type net.minecraftforge.network.HandshakeMessages$C2SAcknowledge
[16Oct2025 22:15:31.715] [Netty Epoll Server IO #2/DEBUG] [net.minecraftforge.network.HandshakeHandler/FMLHANDSHAKE]: Received acknowledgement from client
[16Oct2025 22:15:31.718] [Netty Epoll Server IO #2/DEBUG] [net.minecraftforge.network.LoginWrapper/FMLHANDSHAKE]: Recieved login wrapper packet event for channel fml:handshake with index 39
[16Oct2025 22:15:31.718] [Netty Epoll Server IO #2/DEBUG] [net.minecraftforge.network.HandshakeHandler/FMLHANDSHAKE]: Received client indexed reply 39 of type net.minecraftforge.network.HandshakeMessages$C2SAcknowledge
[16Oct2025 22:15:31.718] [Netty Epoll Server IO #2/DEBUG] [net.minecraftforge.network.HandshakeHandler/FMLHANDSHAKE]: Received acknowledgement from client
[16Oct2025 22:15:31.719] [Netty Epoll Server IO #2/DEBUG] [net.minecraftforge.network.LoginWrapper/FMLHANDSHAKE]: Recieved login wrapper packet event for channel fml:handshake with index 40
[16Oct2025 22:15:31.719] [Netty Epoll Server IO #2/DEBUG] [net.minecraftforge.network.HandshakeHandler/FMLHANDSHAKE]: Received client indexed reply 40 of type net.minecraftforge.network.HandshakeMessages$C2SAcknowledge
[16Oct2025 22:15:31.719] [Netty Epoll Server IO #2/DEBUG] [net.minecraftforge.network.HandshakeHandler/FMLHANDSHAKE]: Received acknowledgement from client
[16Oct2025 22:15:31.721] [Netty Epoll Server IO #2/DEBUG] [net.minecraftforge.network.LoginWrapper/FMLHANDSHAKE]: Recieved login wrapper packet event for channel fml:handshake with index 41
[16Oct2025 22:15:31.721] [Netty Epoll Server IO #2/DEBUG] [net.minecraftforge.network.HandshakeHandler/FMLHANDSHAKE]: Received client indexed reply 41 of type net.minecraftforge.network.HandshakeMessages$C2SAcknowledge
[16Oct2025 22:15:31.721] [Netty Epoll Server IO #2/DEBUG] [net.minecraftforge.network.HandshakeHandler/FMLHANDSHAKE]: Received acknowledgement from client
[16Oct2025 22:15:31.737] [Netty Epoll Server IO #2/DEBUG] [net.minecraftforge.network.LoginWrapper/FMLHANDSHAKE]: Recieved login wrapper packet event for channel fml:handshake with index 42
[16Oct2025 22:15:31.738] [Netty Epoll Server IO #2/DEBUG] [net.minecraftforge.network.HandshakeHandler/FMLHANDSHAKE]: Received client indexed reply 42 of type net.minecraftforge.network.HandshakeMessages$C2SAcknowledge
[16Oct2025 22:15:31.738] [Netty Epoll Server IO #2/DEBUG] [net.minecraftforge.network.HandshakeHandler/FMLHANDSHAKE]: Received acknowledgement from client
[16Oct2025 22:15:31.738] [Netty Epoll Server IO #2/DEBUG] [net.minecraftforge.network.LoginWrapper/FMLHANDSHAKE]: Recieved login wrapper packet event for channel fml:handshake with index 43
[16Oct2025 22:15:31.738] [Netty Epoll Server IO #2/DEBUG] [net.minecraftforge.network.HandshakeHandler/FMLHANDSHAKE]: Received client indexed reply 43 of type net.minecraftforge.network.HandshakeMessages$C2SAcknowledge
[16Oct2025 22:15:31.738] [Netty Epoll Server IO #2/DEBUG] [net.minecraftforge.network.HandshakeHandler/FMLHANDSHAKE]: Received acknowledgement from client
[16Oct2025 22:15:31.738] [Netty Epoll Server IO #2/DEBUG] [net.minecraftforge.network.LoginWrapper/FMLHANDSHAKE]: Recieved login wrapper packet event for channel fml:handshake with index 44
[16Oct2025 22:15:31.738] [Netty Epoll Server IO #2/DEBUG] [net.minecraftforge.network.HandshakeHandler/FMLHANDSHAKE]: Received client indexed reply 44 of type net.minecraftforge.network.HandshakeMessages$C2SAcknowledge
[16Oct2025 22:15:31.738] [Netty Epoll Server IO #2/DEBUG] [net.minecraftforge.network.HandshakeHandler/FMLHANDSHAKE]: Received acknowledgement from client
[16Oct2025 22:15:31.738] [Netty Epoll Server IO #2/DEBUG] [net.minecraftforge.network.LoginWrapper/FMLHANDSHAKE]: Recieved login wrapper packet event for channel fml:handshake with index 45
[16Oct2025 22:15:31.738] [Netty Epoll Server IO #2/DEBUG] [net.minecraftforge.network.HandshakeHandler/FMLHANDSHAKE]: Received client indexed reply 45 of type net.minecraftforge.network.HandshakeMessages$C2SAcknowledge
[16Oct2025 22:15:31.738] [Netty Epoll Server IO #2/DEBUG] [net.minecraftforge.network.HandshakeHandler/FMLHANDSHAKE]: Received acknowledgement from client
[16Oct2025 22:15:31.742] [Server thread/DEBUG] [net.minecraftforge.network.HandshakeHandler/FMLHANDSHAKE]: Handshake complete!
[16Oct2025 22:15:31.813] [Server thread/DEBUG] [mixin/]: Mixing FoodDataMixin from alexscaves.mixins.json into net.minecraft.world.food.FoodData
[16Oct2025 22:15:31.831] [Server thread/DEBUG] [mixin/]: Mixing PlayerAdvancementsAccessor from vampirism.mixins.json into net.minecraft.server.PlayerAdvancements
[16Oct2025 22:15:31.901] [Server thread/DEBUG] [de.teamlapen.vampirism.entity.factions.FactionPlayerHandler/FACTIONS]: Nexus2012 has new faction level vampirism:vampire 14
[16Oct2025 22:15:31.913] [Server thread/INFO] [net.minecraft.server.players.PlayerList/]: Nexus2012[/127.76.121.154:38567] logged in with entity id 602 at (905.6754291023566, 88.0, -185.25233217787618)
[16Oct2025 22:15:31.925] [Server thread/DEBUG] [net.minecraftforge.network.filters.NetworkFilters/]: Injected net.minecraftforge.network.filters.ForgeConnectionNetworkFilter@1f133732 into net.minecraft.network.Connection@2d77810f
[16Oct2025 22:15:31.958] [Server thread/INFO] [net.minecraft.server.MinecraftServer/]: Nexus2012 joined the game
[16Oct2025 22:15:33.205] [Server thread/DEBUG] [tacz/SYNC_BASE_TIMESTAMP]: Update server base timestamp: 1760652932538
[16Oct2025 22:18:09.343] [Netty Epoll Server IO #6/DEBUG] [net.minecraftforge.network.HandshakeHandler/FMLHANDSHAKE]: Starting new modded impl connection. Found 46 messages to dispatch.
[16Oct2025 22:18:09.353] [Server thread/DEBUG] [net.minecraftforge.network.HandshakeHandler/FMLHANDSHAKE]: Sending ticking packet info 'com.tacz.guns.network.message.handshake.ServerMessageSyncedEntityDataMapping' to 'tacz:handshake' sequence 0
[16Oct2025 22:18:09.405] [Server thread/DEBUG] [net.minecraftforge.network.HandshakeHandler/FMLHANDSHAKE]: Sending ticking packet info 'net.minecraftforge.network.HandshakeMessages$S2CModData' to 'fml:handshake' sequence 1
[16Oct2025 22:18:09.453] [Server thread/DEBUG] [net.minecraftforge.network.HandshakeHandler/FMLHANDSHAKE]: Sending ticking packet info 'net.minecraftforge.network.HandshakeMessages$S2CModList' to 'fml:handshake' sequence 2
[16Oct2025 22:18:09.499] [Netty Epoll Server IO #6/DEBUG] [net.minecraftforge.network.LoginWrapper/FMLHANDSHAKE]: Recieved login wrapper packet event for channel tacz:handshake with index 0
[16Oct2025 22:18:09.499] [Netty Epoll Server IO #6/DEBUG] [net.minecraftforge.network.HandshakeHandler/FMLHANDSHAKE]: Received client indexed reply 0 of type com.tacz.guns.network.message.handshake.Acknowledge
[16Oct2025 22:18:09.499] [Netty Epoll Server IO #6/DEBUG] [tacz/HANDSHAKE_ACKNOWLEDGE]: Received acknowledgement from client
[16Oct2025 22:18:09.500] [Server thread/DEBUG] [net.minecraftforge.network.HandshakeHandler/FMLHANDSHAKE]: Sending ticking packet info 'Registry minecraft:command_argument_type' to 'fml:handshake' sequence 3
[16Oct2025 22:18:09.554] [Server thread/DEBUG] [net.minecraftforge.network.HandshakeHandler/FMLHANDSHAKE]: Sending ticking packet info 'Registry irons_spellbooks:schools' to 'fml:handshake' sequence 4
[16Oct2025 22:18:09.582] [Netty Epoll Server IO #6/DEBUG] [net.minecraftforge.network.LoginWrapper/FMLHANDSHAKE]: Recieved login wrapper packet event for channel fml:handshake with index 2
[16Oct2025 22:18:09.582] [Netty Epoll Server IO #6/DEBUG] [net.minecraftforge.network.HandshakeHandler/FMLHANDSHAKE]: Received client indexed reply 2 of type net.minecraftforge.network.HandshakeMessages$C2SModListReply
[16Oct2025 22:18:09.582] [Netty Epoll Server IO #6/DEBUG] [net.minecraftforge.network.HandshakeHandler/FMLHANDSHAKE]: Received client connection with modlist [minecraft, immersiveui, trade_cycling, pick_up_tnt, mcef, geckolib, playeranimator, jei, tacz, a_good_place, caelus, sophisticatedcore, iceberg, curios, legendarytooltips, xaerominimap, xaeroworldmap, prism, citadel, alexscaves, irons_spellbooks, aaa_particles, mixinextras, tombstone, sophisticatedbackpacks, coroutil, architectury, octolib, aaa_particles_world, vampirism, teamlapenlib, iceandfire, crucifix, watut, forge, tlskincape, webdisplays, endermail]
[16Oct2025 22:18:09.582] [Netty Epoll Server IO #6/DEBUG] [net.minecraftforge.network.NetworkRegistry/NETREGISTRY]: Channel 'teamlapenlib:main' : Version test of '1' from client : ACCEPTED
[16Oct2025 22:18:09.583] [Netty Epoll Server IO #6/DEBUG] [net.minecraftforge.network.NetworkRegistry/NETREGISTRY]: Channel 'watut:main' : Version test of '4' from client : ACCEPTED
[16Oct2025 22:18:09.583] [Netty Epoll Server IO #6/DEBUG] [net.minecraftforge.network.NetworkRegistry/NETREGISTRY]: Channel 'alexscaves:main_channel' : Version test of '1' from client : ACCEPTED
[16Oct2025 22:18:09.583] [Netty Epoll Server IO #6/DEBUG] [net.minecraftforge.network.NetworkRegistry/NETREGISTRY]: Channel 'architectury:network' : Version test of '1' from client : ACCEPTED
[16Oct2025 22:18:09.583] [Netty Epoll Server IO #6/DEBUG] [net.minecraftforge.network.NetworkRegistry/NETREGISTRY]: Channel 'endermail:endermail' : Version test of '1.0' from client : ACCEPTED
[16Oct2025 22:18:09.583] [Netty Epoll Server IO #6/DEBUG] [net.minecraftforge.network.NetworkRegistry/NETREGISTRY]: Channel 'webdisplays:packetsystem' : Version test of '2' from client : ACCEPTED
[16Oct2025 22:18:09.583] [Netty Epoll Server IO #6/DEBUG] [net.minecraftforge.network.NetworkRegistry/NETREGISTRY]: Channel 'jei:channel' : Version test of '1.0.0' from client : ACCEPTED
[16Oct2025 22:18:09.583] [Netty Epoll Server IO #6/DEBUG] [net.minecraftforge.network.NetworkRegistry/NETREGISTRY]: Channel 'minecraft:unregister' : Version test of 'FML3' from client : ACCEPTED
[16Oct2025 22:18:09.583] [Netty Epoll Server IO #6/DEBUG] [net.minecraftforge.network.NetworkRegistry/NETREGISTRY]: Channel 'sophisticatedbackpacks:channel' : Version test of '1' from client : ACCEPTED
[16Oct2025 22:18:09.583] [Netty Epoll Server IO #6/DEBUG] [net.minecraftforge.network.NetworkRegistry/NETREGISTRY]: Channel 'citadel:main_channel' : Version test of '1' from client : ACCEPTED
[16Oct2025 22:18:09.583] [Netty Epoll Server IO #6/DEBUG] [net.minecraftforge.network.NetworkRegistry/NETREGISTRY]: Channel 'iceandfire:main_channel' : Version test of '1' from client : ACCEPTED
[16Oct2025 22:18:09.583] [Netty Epoll Server IO #6/DEBUG] [net.minecraftforge.network.NetworkRegistry/NETREGISTRY]: Channel 'trade_cycling:cycle_trades' : Version test of 'ALLOWVANILLA 💓💓💓' from client : ACCEPTED
[16Oct2025 22:18:09.583] [Netty Epoll Server IO #6/DEBUG] [net.minecraftforge.network.NetworkRegistry/NETREGISTRY]: Channel 'tacz:handshake' : Version test of '1.0.4' from client : ACCEPTED
[16Oct2025 22:18:09.583] [Netty Epoll Server IO #6/DEBUG] [net.minecraftforge.network.NetworkRegistry/NETREGISTRY]: Channel 'curios:main' : Version test of '1' from client : ACCEPTED
[16Oct2025 22:18:09.583] [Netty Epoll Server IO #6/DEBUG] [net.minecraftforge.network.NetworkRegistry/NETREGISTRY]: Channel 'irons_spellbooks:messages' : Version test of '1.0' from client : ACCEPTED
[16Oct2025 22:18:09.583] [Netty Epoll Server IO #6/DEBUG] [net.minecraftforge.network.NetworkRegistry/NETREGISTRY]: Channel 'fml:loginwrapper' : Version test of 'FML3' from client : ACCEPTED
[16Oct2025 22:18:09.583] [Netty Epoll Server IO #6/DEBUG] [net.minecraftforge.network.NetworkRegistry/NETREGISTRY]: Channel 'forge:tier_sorting' : Version test of '1.0' from client : ACCEPTED
[16Oct2025 22:18:09.583] [Netty Epoll Server IO #6/DEBUG] [net.minecraftforge.network.NetworkRegistry/NETREGISTRY]: Channel 'crucifix:crucifix' : Version test of '1' from client : ACCEPTED
[16Oct2025 22:18:09.583] [Netty Epoll Server IO #6/DEBUG] [net.minecraftforge.network.NetworkRegistry/NETREGISTRY]: Channel 'tombstone:tombstone_channel' : Version test of 'tombstone-9.0.9' from client : ACCEPTED
[16Oct2025 22:18:09.583] [Netty Epoll Server IO #6/DEBUG] [net.minecraftforge.network.NetworkRegistry/NETREGISTRY]: Channel 'fml:play' : Version test of 'FML3' from client : ACCEPTED
[16Oct2025 22:18:09.583] [Netty Epoll Server IO #6/DEBUG] [net.minecraftforge.network.NetworkRegistry/NETREGISTRY]: Channel 'sophisticatedcore:channel' : Version test of '1' from client : ACCEPTED
[16Oct2025 22:18:09.583] [Netty Epoll Server IO #6/DEBUG] [net.minecraftforge.network.NetworkRegistry/NETREGISTRY]: Channel 'caelus:main' : Version test of '1' from client : ACCEPTED
[16Oct2025 22:18:09.583] [Netty Epoll Server IO #6/DEBUG] [net.minecraftforge.network.NetworkRegistry/NETREGISTRY]: Channel 'fml:handshake' : Version test of 'FML3' from client : ACCEPTED
[16Oct2025 22:18:09.583] [Netty Epoll Server IO #6/DEBUG] [net.minecraftforge.network.NetworkRegistry/NETREGISTRY]: Channel 'vampirism:main' : Version test of '1' from client : ACCEPTED
[16Oct2025 22:18:09.583] [Netty Epoll Server IO #6/DEBUG] [net.minecraftforge.network.NetworkRegistry/NETREGISTRY]: Channel 'minecraft:register' : Version test of 'FML3' from client : ACCEPTED
[16Oct2025 22:18:09.583] [Netty Epoll Server IO #6/DEBUG] [net.minecraftforge.network.NetworkRegistry/NETREGISTRY]: Channel 'forge:split' : Version test of '1.1' from client : ACCEPTED
[16Oct2025 22:18:09.583] [Netty Epoll Server IO #6/DEBUG] [net.minecraftforge.network.NetworkRegistry/NETREGISTRY]: Channel 'tacz:network' : Version test of '1.0.4' from client : ACCEPTED
[16Oct2025 22:18:09.583] [Netty Epoll Server IO #6/DEBUG] [net.minecraftforge.network.NetworkRegistry/NETREGISTRY]: Channel 'geckolib:main' : Version test of '1' from client : ACCEPTED
[16Oct2025 22:18:09.583] [Netty Epoll Server IO #6/DEBUG] [net.minecraftforge.network.NetworkRegistry/NETREGISTRY]: Accepting channel list from client
[16Oct2025 22:18:09.584] [Netty Epoll Server IO #6/DEBUG] [net.minecraftforge.network.HandshakeHandler/FMLHANDSHAKE]: Accepted client connection mod list
[16Oct2025 22:18:09.600] [Server thread/DEBUG] [net.minecraftforge.network.HandshakeHandler/FMLHANDSHAKE]: Sending ticking packet info 'Registry minecraft:villager_profession' to 'fml:handshake' sequence 5
[16Oct2025 22:18:09.634] [Netty Epoll Server IO #6/DEBUG] [net.minecraftforge.network.LoginWrapper/FMLHANDSHAKE]: Recieved login wrapper packet event for channel fml:handshake with index 3
[16Oct2025 22:18:09.634] [Netty Epoll Server IO #6/DEBUG] [net.minecraftforge.network.HandshakeHandler/FMLHANDSHAKE]: Received client indexed reply 3 of type net.minecraftforge.network.HandshakeMessages$C2SAcknowledge
[16Oct2025 22:18:09.634] [Netty Epoll Server IO #6/DEBUG] [net.minecraftforge.network.HandshakeHandler/FMLHANDSHAKE]: Received acknowledgement from client
[16Oct2025 22:18:09.652] [Server thread/DEBUG] [net.minecraftforge.network.HandshakeHandler/FMLHANDSHAKE]: Sending ticking packet info 'Registry minecraft:item' to 'fml:handshake' sequence 6
[16Oct2025 22:18:09.682] [Netty Epoll Server IO #6/DEBUG] [net.minecraftforge.network.LoginWrapper/FMLHANDSHAKE]: Recieved login wrapper packet event for channel fml:handshake with index 4
[16Oct2025 22:18:09.682] [Netty Epoll Server IO #6/DEBUG] [net.minecraftforge.network.HandshakeHandler/FMLHANDSHAKE]: Received client indexed reply 4 of type net.minecraftforge.network.HandshakeMessages$C2SAcknowledge
[16Oct2025 22:18:09.682] [Netty Epoll Server IO #6/DEBUG] [net.minecraftforge.network.HandshakeHandler/FMLHANDSHAKE]: Received acknowledgement from client
[16Oct2025 22:18:09.701] [Server thread/DEBUG] [net.minecraftforge.network.HandshakeHandler/FMLHANDSHAKE]: Sending ticking packet info 'Registry minecraft:potion' to 'fml:handshake' sequence 7
[16Oct2025 22:18:09.727] [Netty Epoll Server IO #6/DEBUG] [net.minecraftforge.network.LoginWrapper/FMLHANDSHAKE]: Recieved login wrapper packet event for channel fml:handshake with index 5
[16Oct2025 22:18:09.727] [Netty Epoll Server IO #6/DEBUG] [net.minecraftforge.network.HandshakeHandler/FMLHANDSHAKE]: Received client indexed reply 5 of type net.minecraftforge.network.HandshakeMessages$C2SAcknowledge
[16Oct2025 22:18:09.727] [Netty Epoll Server IO #6/DEBUG] [net.minecraftforge.network.HandshakeHandler/FMLHANDSHAKE]: Received acknowledgement from client
[16Oct2025 22:18:09.750] [Server thread/DEBUG] [net.minecraftforge.network.HandshakeHandler/FMLHANDSHAKE]: Sending ticking packet info 'Registry vampirism:refinement' to 'fml:handshake' sequence 8
[16Oct2025 22:18:09.800] [Server thread/DEBUG] [net.minecraftforge.network.HandshakeHandler/FMLHANDSHAKE]: Sending ticking packet info 'Registry minecraft:block_entity_type' to 'fml:handshake' sequence 9
[16Oct2025 22:18:09.852] [Server thread/DEBUG] [net.minecraftforge.network.HandshakeHandler/FMLHANDSHAKE]: Sending ticking packet info 'Registry forge:display_contexts' to 'fml:handshake' sequence 10
[16Oct2025 22:18:09.901] [Server thread/DEBUG] [net.minecraftforge.network.HandshakeHandler/FMLHANDSHAKE]: Sending ticking packet info 'Registry vampirism:task_unlocker' to 'fml:handshake' sequence 11
[16Oct2025 22:18:09.951] [Server thread/DEBUG] [net.minecraftforge.network.HandshakeHandler/FMLHANDSHAKE]: Sending ticking packet info 'Registry irons_spellbooks:spells' to 'fml:handshake' sequence 12
[16Oct2025 22:18:10.001] [Server thread/DEBUG] [net.minecraftforge.network.HandshakeHandler/FMLHANDSHAKE]: Sending ticking packet info 'Registry vampirism:miniontasks' to 'fml:handshake' sequence 13
[16Oct2025 22:18:10.050] [Server thread/DEBUG] [net.minecraftforge.network.HandshakeHandler/FMLHANDSHAKE]: Sending ticking packet info 'Registry minecraft:stat_type' to 'fml:handshake' sequence 14
[16Oct2025 22:18:10.067] [Netty Epoll Server IO #6/DEBUG] [net.minecraftforge.network.LoginWrapper/FMLHANDSHAKE]: Recieved login wrapper packet event for channel fml:handshake with index 6
[16Oct2025 22:18:10.067] [Netty Epoll Server IO #6/DEBUG] [net.minecraftforge.network.HandshakeHandler/FMLHANDSHAKE]: Received client indexed reply 6 of type net.minecraftforge.network.HandshakeMessages$C2SAcknowledge
[16Oct2025 22:18:10.067] [Netty Epoll Server IO #6/DEBUG] [net.minecraftforge.network.HandshakeHandler/FMLHANDSHAKE]: Received acknowledgement from client
[16Oct2025 22:18:10.068] [Netty Epoll Server IO #6/DEBUG] [net.minecraftforge.network.LoginWrapper/FMLHANDSHAKE]: Recieved login wrapper packet event for channel fml:handshake with index 7
[16Oct2025 22:18:10.068] [Netty Epoll Server IO #6/DEBUG] [net.minecraftforge.network.HandshakeHandler/FMLHANDSHAKE]: Received client indexed reply 7 of type net.minecraftforge.network.HandshakeMessages$C2SAcknowledge
[16Oct2025 22:18:10.068] [Netty Epoll Server IO #6/DEBUG] [net.minecraftforge.network.HandshakeHandler/FMLHANDSHAKE]: Received acknowledgement from client
[16Oct2025 22:18:10.068] [Netty Epoll Server IO #6/DEBUG] [net.minecraftforge.network.LoginWrapper/FMLHANDSHAKE]: Recieved login wrapper packet event for channel fml:handshake with index 8
[16Oct2025 22:18:10.068] [Netty Epoll Server IO #6/DEBUG] [net.minecraftforge.network.HandshakeHandler/FMLHANDSHAKE]: Received client indexed reply 8 of type net.minecraftforge.network.HandshakeMessages$C2SAcknowledge
[16Oct2025 22:18:10.068] [Netty Epoll Server IO #6/DEBUG] [net.minecraftforge.network.HandshakeHandler/FMLHANDSHAKE]: Received acknowledgement from client
[16Oct2025 22:18:10.068] [Netty Epoll Server IO #6/DEBUG] [net.minecraftforge.network.LoginWrapper/FMLHANDSHAKE]: Recieved login wrapper packet event for channel fml:handshake with index 9
[16Oct2025 22:18:10.068] [Netty Epoll Server IO #6/DEBUG] [net.minecraftforge.network.HandshakeHandler/FMLHANDSHAKE]: Received client indexed reply 9 of type net.minecraftforge.network.HandshakeMessages$C2SAcknowledge
[16Oct2025 22:18:10.068] [Netty Epoll Server IO #6/DEBUG] [net.minecraftforge.network.HandshakeHandler/FMLHANDSHAKE]: Received acknowledgement from client
[16Oct2025 22:18:10.068] [Netty Epoll Server IO #6/DEBUG] [net.minecraftforge.network.LoginWrapper/FMLHANDSHAKE]: Recieved login wrapper packet event for channel fml:handshake with index 10
[16Oct2025 22:18:10.068] [Netty Epoll Server IO #6/DEBUG] [net.minecraftforge.network.HandshakeHandler/FMLHANDSHAKE]: Received client indexed reply 10 of type net.minecraftforge.network.HandshakeMessages$C2SAcknowledge
[16Oct2025 22:18:10.068] [Netty Epoll Server IO #6/DEBUG] [net.minecraftforge.network.HandshakeHandler/FMLHANDSHAKE]: Received acknowledgement from client
[16Oct2025 22:18:10.068] [Netty Epoll Server IO #6/DEBUG] [net.minecraftforge.network.LoginWrapper/FMLHANDSHAKE]: Recieved login wrapper packet event for channel fml:handshake with index 11
[16Oct2025 22:18:10.068] [Netty Epoll Server IO #6/DEBUG] [net.minecraftforge.network.HandshakeHandler/FMLHANDSHAKE]: Received client indexed reply 11 of type net.minecraftforge.network.HandshakeMessages$C2SAcknowledge
[16Oct2025 22:18:10.068] [Netty Epoll Server IO #6/DEBUG] [net.minecraftforge.network.HandshakeHandler/FMLHANDSHAKE]: Received acknowledgement from client
[16Oct2025 22:18:10.106] [Netty Epoll Server IO #6/DEBUG] [net.minecraftforge.network.LoginWrapper/FMLHANDSHAKE]: Recieved login wrapper packet event for channel fml:handshake with index 12
[16Oct2025 22:18:10.106] [Netty Epoll Server IO #6/DEBUG] [net.minecraftforge.network.HandshakeHandler/FMLHANDSHAKE]: Received client indexed reply 12 of type net.minecraftforge.network.HandshakeMessages$C2SAcknowledge
[16Oct2025 22:18:10.106] [Netty Epoll Server IO #6/DEBUG] [net.minecraftforge.network.HandshakeHandler/FMLHANDSHAKE]: Received acknowledgement from client
[16Oct2025 22:18:10.108] [Server thread/DEBUG] [net.minecraftforge.network.HandshakeHandler/FMLHANDSHAKE]: Sending ticking packet info 'Registry vampirism:skills' to 'fml:handshake' sequence 15
[16Oct2025 22:18:10.128] [Netty Epoll Server IO #6/DEBUG] [net.minecraftforge.network.LoginWrapper/FMLHANDSHAKE]: Recieved login wrapper packet event for channel fml:handshake with index 13
[16Oct2025 22:18:10.128] [Netty Epoll Server IO #6/DEBUG] [net.minecraftforge.network.HandshakeHandler/FMLHANDSHAKE]: Received client indexed reply 13 of type net.minecraftforge.network.HandshakeMessages$C2SAcknowledge
[16Oct2025 22:18:10.128] [Netty Epoll Server IO #6/DEBUG] [net.minecraftforge.network.HandshakeHandler/FMLHANDSHAKE]: Received acknowledgement from client
[16Oct2025 22:18:10.153] [Server thread/DEBUG] [net.minecraftforge.network.HandshakeHandler/FMLHANDSHAKE]: Sending ticking packet info 'Registry minecraft:menu' to 'fml:handshake' sequence 16
[16Oct2025 22:18:10.177] [Netty Epoll Server IO #6/DEBUG] [net.minecraftforge.network.LoginWrapper/FMLHANDSHAKE]: Recieved login wrapper packet event for channel fml:handshake with index 14
[16Oct2025 22:18:10.177] [Netty Epoll Server IO #6/DEBUG] [net.minecraftforge.network.HandshakeHandler/FMLHANDSHAKE]: Received client indexed reply 14 of type net.minecraftforge.network.HandshakeMessages$C2SAcknowledge
[16Oct2025 22:18:10.177] [Netty Epoll Server IO #6/DEBUG] [net.minecraftforge.network.HandshakeHandler/FMLHANDSHAKE]: Received acknowledgement from client
[16Oct2025 22:18:10.205] [Server thread/DEBUG] [net.minecraftforge.network.HandshakeHandler/FMLHANDSHAKE]: Sending ticking packet info 'Registry vampirism:actions' to 'fml:handshake' sequence 17
[16Oct2025 22:18:10.235] [Netty Epoll Server IO #6/DEBUG] [net.minecraftforge.network.LoginWrapper/FMLHANDSHAKE]: Recieved login wrapper packet event for channel fml:handshake with index 15
[16Oct2025 22:18:10.235] [Netty Epoll Server IO #6/DEBUG] [net.minecraftforge.network.HandshakeHandler/FMLHANDSHAKE]: Received client indexed reply 15 of type net.minecraftforge.network.HandshakeMessages$C2SAcknowledge
[16Oct2025 22:18:10.235] [Netty Epoll Server IO #6/DEBUG] [net.minecraftforge.network.HandshakeHandler/FMLHANDSHAKE]: Received acknowledgement from client
[16Oct2025 22:18:10.251] [Server thread/DEBUG] [net.minecraftforge.network.HandshakeHandler/FMLHANDSHAKE]: Sending ticking packet info 'Registry vampirism:refinement_set' to 'fml:handshake' sequence 18
[16Oct2025 22:18:10.280] [Netty Epoll Server IO #6/DEBUG] [net.minecraftforge.network.LoginWrapper/FMLHANDSHAKE]: Recieved login wrapper packet event for channel fml:handshake with index 16
[16Oct2025 22:18:10.280] [Netty Epoll Server IO #6/DEBUG] [net.minecraftforge.network.HandshakeHandler/FMLHANDSHAKE]: Received client indexed reply 16 of type net.minecraftforge.network.HandshakeMessages$C2SAcknowledge
[16Oct2025 22:18:10.280] [Netty Epoll Server IO #6/DEBUG] [net.minecraftforge.network.HandshakeHandler/FMLHANDSHAKE]: Received acknowledgement from client
[16Oct2025 22:18:10.302] [Server thread/DEBUG] [net.minecraftforge.network.HandshakeHandler/FMLHANDSHAKE]: Sending ticking packet info 'Registry minecraft:fluid' to 'fml:handshake' sequence 19
[16Oct2025 22:18:10.332] [Netty Epoll Server IO #6/DEBUG] [net.minecraftforge.network.LoginWrapper/FMLHANDSHAKE]: Recieved login wrapper packet event for channel fml:handshake with index 17
[16Oct2025 22:18:10.332] [Netty Epoll Server IO #6/DEBUG] [net.minecraftforge.network.HandshakeHandler/FMLHANDSHAKE]: Received client indexed reply 17 of type net.minecraftforge.network.HandshakeMessages$C2SAcknowledge
[16Oct2025 22:18:10.332] [Netty Epoll Server IO #6/DEBUG] [net.minecraftforge.network.HandshakeHandler/FMLHANDSHAKE]: Received acknowledgement from client
[16Oct2025 22:18:10.354] [Server thread/DEBUG] [net.minecraftforge.network.HandshakeHandler/FMLHANDSHAKE]: Sending ticking packet info 'Registry vampirism:task_requirement' to 'fml:handshake' sequence 20
[16Oct2025 22:18:10.378] [Netty Epoll Server IO #6/DEBUG] [net.minecraftforge.network.LoginWrapper/FMLHANDSHAKE]: Recieved login wrapper packet event for channel fml:handshake with index 18
[16Oct2025 22:18:10.378] [Netty Epoll Server IO #6/DEBUG] [net.minecraftforge.network.HandshakeHandler/FMLHANDSHAKE]: Received client indexed reply 18 of type net.minecraftforge.network.HandshakeMessages$C2SAcknowledge
[16Oct2025 22:18:10.378] [Netty Epoll Server IO #6/DEBUG] [net.minecraftforge.network.HandshakeHandler/FMLHANDSHAKE]: Received acknowledgement from client
[16Oct2025 22:18:10.401] [Server thread/DEBUG] [net.minecraftforge.network.HandshakeHandler/FMLHANDSHAKE]: Sending ticking packet info 'Registry minecraft:recipe_serializer' to 'fml:handshake' sequence 21
[16Oct2025 22:18:10.429] [Netty Epoll Server IO #6/DEBUG] [net.minecraftforge.network.LoginWrapper/FMLHANDSHAKE]: Recieved login wrapper packet event for channel fml:handshake with index 19
[16Oct2025 22:18:10.429] [Netty Epoll Server IO #6/DEBUG] [net.minecraftforge.network.HandshakeHandler/FMLHANDSHAKE]: Received client indexed reply 19 of type net.minecraftforge.network.HandshakeMessages$C2SAcknowledge
[16Oct2025 22:18:10.429] [Netty Epoll Server IO #6/DEBUG] [net.minecraftforge.network.HandshakeHandler/FMLHANDSHAKE]: Received acknowledgement from client
[16Oct2025 22:18:10.455] [Server thread/DEBUG] [net.minecraftforge.network.HandshakeHandler/FMLHANDSHAKE]: Sending ticking packet info 'Registry minecraft:sound_event' to 'fml:handshake' sequence 22
[16Oct2025 22:18:10.481] [Netty Epoll Server IO #6/DEBUG] [net.minecraftforge.network.LoginWrapper/FMLHANDSHAKE]: Recieved login wrapper packet event for channel fml:handshake with index 20
[16Oct2025 22:18:10.481] [Netty Epoll Server IO #6/DEBUG] [net.minecraftforge.network.HandshakeHandler/FMLHANDSHAKE]: Received client indexed reply 20 of type net.minecraftforge.network.HandshakeMessages$C2SAcknowledge
[16Oct2025 22:18:10.482] [Netty Epoll Server IO #6/DEBUG] [net.minecraftforge.network.HandshakeHandler/FMLHANDSHAKE]: Received acknowledgement from client
[16Oct2025 22:18:10.503] [Server thread/DEBUG] [net.minecraftforge.network.HandshakeHandler/FMLHANDSHAKE]: Sending ticking packet info 'Registry minecraft:particle_type' to 'fml:handshake' sequence 23
[16Oct2025 22:18:10.528] [Netty Epoll Server IO #6/DEBUG] [net.minecraftforge.network.LoginWrapper/FMLHANDSHAKE]: Recieved login wrapper packet event for channel fml:handshake with index 21
[16Oct2025 22:18:10.528] [Netty Epoll Server IO #6/DEBUG] [net.minecraftforge.network.HandshakeHandler/FMLHANDSHAKE]: Received client indexed reply 21 of type net.minecraftforge.network.HandshakeMessages$C2SAcknowledge
[16Oct2025 22:18:10.528] [Netty Epoll Server IO #6/DEBUG] [net.minecraftforge.network.HandshakeHandler/FMLHANDSHAKE]: Received acknowledgement from client
[16Oct2025 22:18:10.551] [Server thread/DEBUG] [net.minecraftforge.network.HandshakeHandler/FMLHANDSHAKE]: Sending ticking packet info 'Registry minecraft:painting_variant' to 'fml:handshake' sequence 24
[16Oct2025 22:18:10.602] [Server thread/DEBUG] [net.minecraftforge.network.HandshakeHandler/FMLHANDSHAKE]: Sending ticking packet info 'Registry forge:fluid_type' to 'fml:handshake' sequence 25
[16Oct2025 22:18:10.650] [Server thread/DEBUG] [net.minecraftforge.network.HandshakeHandler/FMLHANDSHAKE]: Sending ticking packet info 'Registry minecraft:block' to 'fml:handshake' sequence 26
[16Oct2025 22:18:10.701] [Server thread/DEBUG] [net.minecraftforge.network.HandshakeHandler/FMLHANDSHAKE]: Sending ticking packet info 'Registry forge:entity_data_serializers' to 'fml:handshake' sequence 27
[16Oct2025 22:18:10.711] [Netty Epoll Server IO #6/DEBUG] [net.minecraftforge.network.LoginWrapper/FMLHANDSHAKE]: Recieved login wrapper packet event for channel fml:handshake with index 22
[16Oct2025 22:18:10.711] [Netty Epoll Server IO #6/DEBUG] [net.minecraftforge.network.HandshakeHandler/FMLHANDSHAKE]: Received client indexed reply 22 of type net.minecraftforge.network.HandshakeMessages$C2SAcknowledge
[16Oct2025 22:18:10.711] [Netty Epoll Server IO #6/DEBUG] [net.minecraftforge.network.HandshakeHandler/FMLHANDSHAKE]: Received acknowledgement from client
[16Oct2025 22:18:10.712] [Netty Epoll Server IO #6/DEBUG] [net.minecraftforge.network.LoginWrapper/FMLHANDSHAKE]: Recieved login wrapper packet event for channel fml:handshake with index 23
[16Oct2025 22:18:10.712] [Netty Epoll Server IO #6/DEBUG] [net.minecraftforge.network.HandshakeHandler/FMLHANDSHAKE]: Received client indexed reply 23 of type net.minecraftforge.network.HandshakeMessages$C2SAcknowledge
[16Oct2025 22:18:10.712] [Netty Epoll Server IO #6/DEBUG] [net.minecraftforge.network.HandshakeHandler/FMLHANDSHAKE]: Received acknowledgement from client
[16Oct2025 22:18:10.712] [Netty Epoll Server IO #6/DEBUG] [net.minecraftforge.network.LoginWrapper/FMLHANDSHAKE]: Recieved login wrapper packet event for channel fml:handshake with index 24
[16Oct2025 22:18:10.712] [Netty Epoll Server IO #6/DEBUG] [net.minecraftforge.network.HandshakeHandler/FMLHANDSHAKE]: Received client indexed reply 24 of type net.minecraftforge.network.HandshakeMessages$C2SAcknowledge
[16Oct2025 22:18:10.712] [Netty Epoll Server IO #6/DEBUG] [net.minecraftforge.network.HandshakeHandler/FMLHANDSHAKE]: Received acknowledgement from client
[16Oct2025 22:18:10.729] [Netty Epoll Server IO #6/DEBUG] [net.minecraftforge.network.LoginWrapper/FMLHANDSHAKE]: Recieved login wrapper packet event for channel fml:handshake with index 25
[16Oct2025 22:18:10.729] [Netty Epoll Server IO #6/DEBUG] [net.minecraftforge.network.HandshakeHandler/FMLHANDSHAKE]: Received client indexed reply 25 of type net.minecraftforge.network.HandshakeMessages$C2SAcknowledge
[16Oct2025 22:18:10.729] [Netty Epoll Server IO #6/DEBUG] [net.minecraftforge.network.HandshakeHandler/FMLHANDSHAKE]: Received acknowledgement from client
[16Oct2025 22:18:10.752] [Server thread/DEBUG] [net.minecraftforge.network.HandshakeHandler/FMLHANDSHAKE]: Sending ticking packet info 'Registry vampirism:task_reward' to 'fml:handshake' sequence 28
[16Oct2025 22:18:10.803] [Server thread/DEBUG] [net.minecraftforge.network.HandshakeHandler/FMLHANDSHAKE]: Sending ticking packet info 'Registry vampirism:oil' to 'fml:handshake' sequence 29
[16Oct2025 22:18:10.838] [Netty Epoll Server IO #6/DEBUG] [net.minecraftforge.network.LoginWrapper/FMLHANDSHAKE]: Recieved login wrapper packet event for channel fml:handshake with index 26
[16Oct2025 22:18:10.838] [Netty Epoll Server IO #6/DEBUG] [net.minecraftforge.network.HandshakeHandler/FMLHANDSHAKE]: Received client indexed reply 26 of type net.minecraftforge.network.HandshakeMessages$C2SAcknowledge
[16Oct2025 22:18:10.838] [Netty Epoll Server IO #6/DEBUG] [net.minecraftforge.network.HandshakeHandler/FMLHANDSHAKE]: Received acknowledgement from client
[16Oct2025 22:18:10.839] [Netty Epoll Server IO #6/DEBUG] [net.minecraftforge.network.LoginWrapper/FMLHANDSHAKE]: Recieved login wrapper packet event for channel fml:handshake with index 27
[16Oct2025 22:18:10.839] [Netty Epoll Server IO #6/DEBUG] [net.minecraftforge.network.HandshakeHandler/FMLHANDSHAKE]: Received client indexed reply 27 of type net.minecraftforge.network.HandshakeMessages$C2SAcknowledge
[16Oct2025 22:18:10.839] [Netty Epoll Server IO #6/DEBUG] [net.minecraftforge.network.HandshakeHandler/FMLHANDSHAKE]: Received acknowledgement from client
[16Oct2025 22:18:10.853] [Server thread/DEBUG] [net.minecraftforge.network.HandshakeHandler/FMLHANDSHAKE]: Sending ticking packet info 'Registry vampirism:converting_handler' to 'fml:handshake' sequence 30
[16Oct2025 22:18:10.879] [Netty Epoll Server IO #6/DEBUG] [net.minecraftforge.network.LoginWrapper/FMLHANDSHAKE]: Recieved login wrapper packet event for channel fml:handshake with index 28
[16Oct2025 22:18:10.879] [Netty Epoll Server IO #6/DEBUG] [net.minecraftforge.network.HandshakeHandler/FMLHANDSHAKE]: Received client indexed reply 28 of type net.minecraftforge.network.HandshakeMessages$C2SAcknowledge
[16Oct2025 22:18:10.879] [Netty Epoll Server IO #6/DEBUG] [net.minecraftforge.network.HandshakeHandler/FMLHANDSHAKE]: Received acknowledgement from client
[16Oct2025 22:18:10.903] [Server thread/DEBUG] [net.minecraftforge.network.HandshakeHandler/FMLHANDSHAKE]: Sending ticking packet info 'Registry minecraft:mob_effect' to 'fml:handshake' sequence 31
[16Oct2025 22:18:10.930] [Netty Epoll Server IO #6/DEBUG] [net.minecraftforge.network.LoginWrapper/FMLHANDSHAKE]: Recieved login wrapper packet event for channel fml:handshake with index 29
[16Oct2025 22:18:10.930] [Netty Epoll Server IO #6/DEBUG] [net.minecraftforge.network.HandshakeHandler/FMLHANDSHAKE]: Received client indexed reply 29 of type net.minecraftforge.network.HandshakeMessages$C2SAcknowledge
[16Oct2025 22:18:10.930] [Netty Epoll Server IO #6/DEBUG] [net.minecraftforge.network.HandshakeHandler/FMLHANDSHAKE]: Received acknowledgement from client
[16Oct2025 22:18:10.950] [Server thread/DEBUG] [net.minecraftforge.network.HandshakeHandler/FMLHANDSHAKE]: Sending ticking packet info 'Registry vampirism:entityactions' to 'fml:handshake' sequence 32
[16Oct2025 22:18:10.980] [Netty Epoll Server IO #6/DEBUG] [net.minecraftforge.network.LoginWrapper/FMLHANDSHAKE]: Recieved login wrapper packet event for channel fml:handshake with index 30
[16Oct2025 22:18:10.980] [Netty Epoll Server IO #6/DEBUG] [net.minecraftforge.network.HandshakeHandler/FMLHANDSHAKE]: Received client indexed reply 30 of type net.minecraftforge.network.HandshakeMessages$C2SAcknowledge
[16Oct2025 22:18:10.980] [Netty Epoll Server IO #6/DEBUG] [net.minecraftforge.network.HandshakeHandler/FMLHANDSHAKE]: Received acknowledgement from client
[16Oct2025 22:18:11.000] [Server thread/DEBUG] [net.minecraftforge.network.HandshakeHandler/FMLHANDSHAKE]: Sending ticking packet info 'Registry tombstone:perks' to 'fml:handshake' sequence 33
[16Oct2025 22:18:11.031] [Netty Epoll Server IO #6/DEBUG] [net.minecraftforge.network.LoginWrapper/FMLHANDSHAKE]: Recieved login wrapper packet event for channel fml:handshake with index 31
[16Oct2025 22:18:11.031] [Netty Epoll Server IO #6/DEBUG] [net.minecraftforge.network.HandshakeHandler/FMLHANDSHAKE]: Received client indexed reply 31 of type net.minecraftforge.network.HandshakeMessages$C2SAcknowledge
[16Oct2025 22:18:11.031] [Netty Epoll Server IO #6/DEBUG] [net.minecraftforge.network.HandshakeHandler/FMLHANDSHAKE]: Received acknowledgement from client
[16Oct2025 22:18:11.052] [Server thread/DEBUG] [net.minecraftforge.network.HandshakeHandler/FMLHANDSHAKE]: Sending ticking packet info 'Registry minecraft:enchantment' to 'fml:handshake' sequence 34
[16Oct2025 22:18:11.077] [Netty Epoll Server IO #6/DEBUG] [net.minecraftforge.network.LoginWrapper/FMLHANDSHAKE]: Recieved login wrapper packet event for channel fml:handshake with index 32
[16Oct2025 22:18:11.077] [Netty Epoll Server IO #6/DEBUG] [net.minecraftforge.network.HandshakeHandler/FMLHANDSHAKE]: Received client indexed reply 32 of type net.minecraftforge.network.HandshakeMessages$C2SAcknowledge
[16Oct2025 22:18:11.077] [Netty Epoll Server IO #6/DEBUG] [net.minecraftforge.network.HandshakeHandler/FMLHANDSHAKE]: Received acknowledgement from client
[16Oct2025 22:18:11.103] [Server thread/DEBUG] [net.minecraftforge.network.HandshakeHandler/FMLHANDSHAKE]: Sending ticking packet info 'Registry vampirism:task_reward_instance' to 'fml:handshake' sequence 35
[16Oct2025 22:18:11.127] [Netty Epoll Server IO #6/DEBUG] [net.minecraftforge.network.LoginWrapper/FMLHANDSHAKE]: Recieved login wrapper packet event for channel fml:handshake with index 33
[16Oct2025 22:18:11.127] [Netty Epoll Server IO #6/DEBUG] [net.minecraftforge.network.HandshakeHandler/FMLHANDSHAKE]: Received client indexed reply 33 of type net.minecraftforge.network.HandshakeMessages$C2SAcknowledge
[16Oct2025 22:18:11.127] [Netty Epoll Server IO #6/DEBUG] [net.minecraftforge.network.HandshakeHandler/FMLHANDSHAKE]: Received acknowledgement from client
[16Oct2025 22:18:11.153] [Server thread/DEBUG] [net.minecraftforge.network.HandshakeHandler/FMLHANDSHAKE]: Sending ticking packet info 'Registry minecraft:entity_type' to 'fml:handshake' sequence 36
[16Oct2025 22:18:11.179] [Netty Epoll Server IO #6/DEBUG] [net.minecraftforge.network.LoginWrapper/FMLHANDSHAKE]: Recieved login wrapper packet event for channel fml:handshake with index 34
[16Oct2025 22:18:11.179] [Netty Epoll Server IO #6/DEBUG] [net.minecraftforge.network.HandshakeHandler/FMLHANDSHAKE]: Received client indexed reply 34 of type net.minecraftforge.network.HandshakeMessages$C2SAcknowledge
[16Oct2025 22:18:11.179] [Netty Epoll Server IO #6/DEBUG] [net.minecraftforge.network.HandshakeHandler/FMLHANDSHAKE]: Received acknowledgement from client
[16Oct2025 22:18:11.200] [Server thread/DEBUG] [net.minecraftforge.network.HandshakeHandler/FMLHANDSHAKE]: Sending ticking packet info 'Config curios-server.toml' to 'fml:handshake' sequence 37
[16Oct2025 22:18:11.232] [Netty Epoll Server IO #6/DEBUG] [net.minecraftforge.network.LoginWrapper/FMLHANDSHAKE]: Recieved login wrapper packet event for channel fml:handshake with index 35
[16Oct2025 22:18:11.232] [Netty Epoll Server IO #6/DEBUG] [net.minecraftforge.network.HandshakeHandler/FMLHANDSHAKE]: Received client indexed reply 35 of type net.minecraftforge.network.HandshakeMessages$C2SAcknowledge
[16Oct2025 22:18:11.233] [Netty Epoll Server IO #6/DEBUG] [net.minecraftforge.network.HandshakeHandler/FMLHANDSHAKE]: Received acknowledgement from client
[16Oct2025 22:18:11.250] [Server thread/DEBUG] [net.minecraftforge.network.HandshakeHandler/FMLHANDSHAKE]: Sending ticking packet info 'Config irons_spellbooks-server.toml' to 'fml:handshake' sequence 38
[16Oct2025 22:18:11.300] [Server thread/DEBUG] [net.minecraftforge.network.HandshakeHandler/FMLHANDSHAKE]: Sending ticking packet info 'Config tombstone-server.toml' to 'fml:handshake' sequence 39
[16Oct2025 22:18:11.353] [Server thread/DEBUG] [net.minecraftforge.network.HandshakeHandler/FMLHANDSHAKE]: Sending ticking packet info 'Config vampirism-server.toml' to 'fml:handshake' sequence 40
[16Oct2025 22:18:11.401] [Server thread/DEBUG] [net.minecraftforge.network.HandshakeHandler/FMLHANDSHAKE]: Sending ticking packet info 'Config sophisticatedbackpacks-server.toml' to 'fml:handshake' sequence 41
[16Oct2025 22:18:11.453] [Server thread/DEBUG] [net.minecraftforge.network.HandshakeHandler/FMLHANDSHAKE]: Sending ticking packet info 'Config vampirism-balance.toml' to 'fml:handshake' sequence 42
[16Oct2025 22:18:11.501] [Server thread/DEBUG] [net.minecraftforge.network.HandshakeHandler/FMLHANDSHAKE]: Sending ticking packet info 'Config jei-server.toml' to 'fml:handshake' sequence 43
[16Oct2025 22:18:11.553] [Server thread/DEBUG] [net.minecraftforge.network.HandshakeHandler/FMLHANDSHAKE]: Sending ticking packet info 'Config tacz-server.toml' to 'fml:handshake' sequence 44
[16Oct2025 22:18:11.604] [Server thread/DEBUG] [net.minecraftforge.network.HandshakeHandler/FMLHANDSHAKE]: Sending ticking packet info 'Config forge-server.toml' to 'fml:handshake' sequence 45
[16Oct2025 22:18:12.154] [Netty Epoll Server IO #6/DEBUG] [net.minecraftforge.network.LoginWrapper/FMLHANDSHAKE]: Recieved login wrapper packet event for channel fml:handshake with index 36
[16Oct2025 22:18:12.154] [Netty Epoll Server IO #6/DEBUG] [net.minecraftforge.network.HandshakeHandler/FMLHANDSHAKE]: Received client indexed reply 36 of type net.minecraftforge.network.HandshakeMessages$C2SAcknowledge
[16Oct2025 22:18:12.155] [Netty Epoll Server IO #6/DEBUG] [net.minecraftforge.network.HandshakeHandler/FMLHANDSHAKE]: Received acknowledgement from client
[16Oct2025 22:18:12.155] [Netty Epoll Server IO #6/DEBUG] [net.minecraftforge.network.LoginWrapper/FMLHANDSHAKE]: Recieved login wrapper packet event for channel fml:handshake with index 37
[16Oct2025 22:18:12.155] [Netty Epoll Server IO #6/DEBUG] [net.minecraftforge.network.HandshakeHandler/FMLHANDSHAKE]: Received client indexed reply 37 of type net.minecraftforge.network.HandshakeMessages$C2SAcknowledge
[16Oct2025 22:18:12.155] [Netty Epoll Server IO #6/DEBUG] [net.minecraftforge.network.HandshakeHandler/FMLHANDSHAKE]: Received acknowledgement from client
[16Oct2025 22:18:12.160] [Netty Epoll Server IO #6/DEBUG] [net.minecraftforge.network.LoginWrapper/FMLHANDSHAKE]: Recieved login wrapper packet event for channel fml:handshake with index 38
[16Oct2025 22:18:12.160] [Netty Epoll Server IO #6/DEBUG] [net.minecraftforge.network.HandshakeHandler/FMLHANDSHAKE]: Received client indexed reply 38 of type net.minecraftforge.network.HandshakeMessages$C2SAcknowledge
[16Oct2025 22:18:12.160] [Netty Epoll Server IO #6/DEBUG] [net.minecraftforge.network.HandshakeHandler/FMLHANDSHAKE]: Received acknowledgement from client
[16Oct2025 22:18:12.162] [Netty Epoll Server IO #6/DEBUG] [net.minecraftforge.network.LoginWrapper/FMLHANDSHAKE]: Recieved login wrapper packet event for channel fml:handshake with index 39
[16Oct2025 22:18:12.162] [Netty Epoll Server IO #6/DEBUG] [net.minecraftforge.network.HandshakeHandler/FMLHANDSHAKE]: Received client indexed reply 39 of type net.minecraftforge.network.HandshakeMessages$C2SAcknowledge
[16Oct2025 22:18:12.162] [Netty Epoll Server IO #6/DEBUG] [net.minecraftforge.network.HandshakeHandler/FMLHANDSHAKE]: Received acknowledgement from client
[16Oct2025 22:18:12.163] [Netty Epoll Server IO #6/DEBUG] [net.minecraftforge.network.LoginWrapper/FMLHANDSHAKE]: Recieved login wrapper packet event for channel fml:handshake with index 40
[16Oct2025 22:18:12.163] [Netty Epoll Server IO #6/DEBUG] [net.minecraftforge.network.HandshakeHandler/FMLHANDSHAKE]: Received client indexed reply 40 of type net.minecraftforge.network.HandshakeMessages$C2SAcknowledge
[16Oct2025 22:18:12.163] [Netty Epoll Server IO #6/DEBUG] [net.minecraftforge.network.HandshakeHandler/FMLHANDSHAKE]: Received acknowledgement from client
[16Oct2025 22:18:12.165] [Netty Epoll Server IO #6/DEBUG] [net.minecraftforge.network.LoginWrapper/FMLHANDSHAKE]: Recieved login wrapper packet event for channel fml:handshake with index 41
[16Oct2025 22:18:12.165] [Netty Epoll Server IO #6/DEBUG] [net.minecraftforge.network.HandshakeHandler/FMLHANDSHAKE]: Received client indexed reply 41 of type net.minecraftforge.network.HandshakeMessages$C2SAcknowledge
[16Oct2025 22:18:12.165] [Netty Epoll Server IO #6/DEBUG] [net.minecraftforge.network.HandshakeHandler/FMLHANDSHAKE]: Received acknowledgement from client
[16Oct2025 22:18:12.167] [Netty Epoll Server IO #6/DEBUG] [net.minecraftforge.network.LoginWrapper/FMLHANDSHAKE]: Recieved login wrapper packet event for channel fml:handshake with index 42
[16Oct2025 22:18:12.167] [Netty Epoll Server IO #6/DEBUG] [net.minecraftforge.network.HandshakeHandler/FMLHANDSHAKE]: Received client indexed reply 42 of type net.minecraftforge.network.HandshakeMessages$C2SAcknowledge
[16Oct2025 22:18:12.167] [Netty Epoll Server IO #6/DEBUG] [net.minecraftforge.network.HandshakeHandler/FMLHANDSHAKE]: Received acknowledgement from client
[16Oct2025 22:18:12.167] [Netty Epoll Server IO #6/DEBUG] [net.minecraftforge.network.LoginWrapper/FMLHANDSHAKE]: Recieved login wrapper packet event for channel fml:handshake with index 43
[16Oct2025 22:18:12.167] [Netty Epoll Server IO #6/DEBUG] [net.minecraftforge.network.HandshakeHandler/FMLHANDSHAKE]: Received client indexed reply 43 of type net.minecraftforge.network.HandshakeMessages$C2SAcknowledge
[16Oct2025 22:18:12.167] [Netty Epoll Server IO #6/DEBUG] [net.minecraftforge.network.HandshakeHandler/FMLHANDSHAKE]: Received acknowledgement from client
[16Oct2025 22:18:12.169] [Netty Epoll Server IO #6/DEBUG] [net.minecraftforge.network.LoginWrapper/FMLHANDSHAKE]: Recieved login wrapper packet event for channel fml:handshake with index 44
[16Oct2025 22:18:12.169] [Netty Epoll Server IO #6/DEBUG] [net.minecraftforge.network.HandshakeHandler/FMLHANDSHAKE]: Received client indexed reply 44 of type net.minecraftforge.network.HandshakeMessages$C2SAcknowledge
[16Oct2025 22:18:12.169] [Netty Epoll Server IO #6/DEBUG] [net.minecraftforge.network.HandshakeHandler/FMLHANDSHAKE]: Received acknowledgement from client
[16Oct2025 22:18:12.170] [Netty Epoll Server IO #6/DEBUG] [net.minecraftforge.network.LoginWrapper/FMLHANDSHAKE]: Recieved login wrapper packet event for channel fml:handshake with index 45
[16Oct2025 22:18:12.170] [Netty Epoll Server IO #6/DEBUG] [net.minecraftforge.network.HandshakeHandler/FMLHANDSHAKE]: Received client indexed reply 45 of type net.minecraftforge.network.HandshakeMessages$C2SAcknowledge
[16Oct2025 22:18:12.170] [Netty Epoll Server IO #6/DEBUG] [net.minecraftforge.network.HandshakeHandler/FMLHANDSHAKE]: Received acknowledgement from client
[16Oct2025 22:18:12.206] [Server thread/DEBUG] [net.minecraftforge.network.HandshakeHandler/FMLHANDSHAKE]: Handshake complete!
[16Oct2025 22:18:12.262] [Server thread/INFO] [net.minecraft.server.players.PlayerList/]: Danielbox123[/127.132.121.186:45159] logged in with entity id 1227 at (434.5, 66.0, -1.5)
[16Oct2025 22:18:12.263] [Server thread/DEBUG] [net.minecraftforge.network.filters.NetworkFilters/]: Injected net.minecraftforge.network.filters.ForgeConnectionNetworkFilter@47f91576 into net.minecraft.network.Connection@50855dc
[16Oct2025 22:18:12.270] [Server thread/INFO] [net.minecraft.server.MinecraftServer/]: Danielbox123 joined the game
[16Oct2025 22:18:12.388] [Server thread/INFO] [net.minecraft.server.MinecraftServer/]: Danielbox123 has made the advancement [Ice and Fire]
[16Oct2025 22:18:12.782] [Server thread/DEBUG] [de.teamlapen.vampirism.entity.converted.BiteableEntryManager/]: Calculated size 4.62 and blood value 15 for entity iceandfire:hippogryph
[16Oct2025 22:18:12.905] [Server thread/DEBUG] [tacz/SYNC_BASE_TIMESTAMP]: Update server base timestamp: 1760653092804
[16Oct2025 22:18:55.674] [Server thread/DEBUG] [de.teamlapen.vampirism.entity.converted.BiteableEntryManager/]: Calculated size 3.61 and blood value 15 for entity iceandfire:hippocampus
[16Oct2025 22:19:47.996] [Server thread/INFO] [net.minecraft.server.MinecraftServer/]: Danielbox123 has made the advancement [Into Fire]
[16Oct2025 22:19:54.227] [Server thread/DEBUG] [de.teamlapen.vampirism.entity.converted.BiteableEntryManager/]: Calculated size 3.61 and blood value 15 for entity iceandfire:hippocampus
[16Oct2025 22:19:58.116] [Server thread/DEBUG] [net.minecraftforge.common.ForgeHooks/WP]: Gathering id map for writing to world save world
[16Oct2025 22:19:58.134] [Server thread/DEBUG] [net.minecraftforge.common.ForgeHooks/WP]: ID Map collection complete world
[16Oct2025 22:20:16.606] [Server thread/INFO] [net.minecraft.server.MinecraftServer/]: Danielbox123 has reached the goal [Quaint Scribe]
[16Oct2025 22:20:49.561] [Server thread/INFO] [net.minecraft.server.MinecraftServer/]: Danielbox123 has made the advancement [Ice Bucket Challenge]
[16Oct2025 22:22:09.502] [Server thread/WARN] [de.teamlapen.vampirism.entity.ModEntityEventHandler/]: Could not modify zombie attack target task for translation{key='entity.irons_spellbooks.summoned_zombie', args=[]}
[16Oct2025 22:22:09.503] [Server thread/WARN] [de.teamlapen.vampirism.entity.ModEntityEventHandler/]: Could not modify villager zombie attack target task for translation{key='entity.irons_spellbooks.summoned_zombie', args=[]}
[16Oct2025 22:23:30.258] [Server thread/INFO] [net.minecraft.server.MinecraftServer/]: Danielbox123 has made the advancement [Stone Age]
[16Oct2025 22:23:57.887] [Netty Epoll Server IO #1/DEBUG] [net.minecraftforge.network.HandshakeHandler/FMLHANDSHAKE]: Starting new modded impl connection. Found 46 messages to dispatch.
[16Oct2025 22:23:57.909] [Server thread/DEBUG] [net.minecraftforge.network.HandshakeHandler/FMLHANDSHAKE]: Sending ticking packet info 'com.tacz.guns.network.message.handshake.ServerMessageSyncedEntityDataMapping' to 'tacz:handshake' sequence 0
[16Oct2025 22:23:57.956] [Server thread/DEBUG] [net.minecraftforge.network.HandshakeHandler/FMLHANDSHAKE]: Sending ticking packet info 'net.minecraftforge.network.HandshakeMessages$S2CModData' to 'fml:handshake' sequence 1
[16Oct2025 22:23:58.008] [Server thread/DEBUG] [net.minecraftforge.network.HandshakeHandler/FMLHANDSHAKE]: Sending ticking packet info 'net.minecraftforge.network.HandshakeMessages$S2CModList' to 'fml:handshake' sequence 2
[16Oct2025 22:23:58.057] [Server thread/DEBUG] [net.minecraftforge.network.HandshakeHandler/FMLHANDSHAKE]: Sending ticking packet info 'Registry minecraft:command_argument_type' to 'fml:handshake' sequence 3
[16Oct2025 22:23:58.071] [Netty Epoll Server IO #1/DEBUG] [net.minecraftforge.network.LoginWrapper/FMLHANDSHAKE]: Recieved login wrapper packet event for channel tacz:handshake with index 0
[16Oct2025 22:23:58.071] [Netty Epoll Server IO #1/DEBUG] [net.minecraftforge.network.HandshakeHandler/FMLHANDSHAKE]: Received client indexed reply 0 of type com.tacz.guns.network.message.handshake.Acknowledge
[16Oct2025 22:23:58.071] [Netty Epoll Server IO #1/DEBUG] [tacz/HANDSHAKE_ACKNOWLEDGE]: Received acknowledgement from client
[16Oct2025 22:23:58.108] [Server thread/DEBUG] [net.minecraftforge.network.HandshakeHandler/FMLHANDSHAKE]: Sending ticking packet info 'Registry irons_spellbooks:schools' to 'fml:handshake' sequence 4
[16Oct2025 22:23:58.151] [Netty Epoll Server IO #1/DEBUG] [net.minecraftforge.network.LoginWrapper/FMLHANDSHAKE]: Recieved login wrapper packet event for channel fml:handshake with index 2
[16Oct2025 22:23:58.151] [Netty Epoll Server IO #1/DEBUG] [net.minecraftforge.network.HandshakeHandler/FMLHANDSHAKE]: Received client indexed reply 2 of type net.minecraftforge.network.HandshakeMessages$C2SModListReply
[16Oct2025 22:23:58.152] [Netty Epoll Server IO #1/DEBUG] [net.minecraftforge.network.HandshakeHandler/FMLHANDSHAKE]: Received client connection with modlist [minecraft, immersiveui, trade_cycling, pick_up_tnt, mcef, geckolib, xray, playeranimator, jei, tacz, a_good_place, caelus, sophisticatedcore, iceberg, curios, legendarytooltips, xaerominimap, xaeroworldmap, prism, citadel, alexscaves, irons_spellbooks, aaa_particles, mixinextras, tombstone, sophisticatedbackpacks, coroutil, architectury, octolib, aaa_particles_world, vampirism, teamlapenlib, iceandfire, crucifix, watut, forge, webdisplays, endermail]
[16Oct2025 22:23:58.152] [Netty Epoll Server IO #1/DEBUG] [net.minecraftforge.network.NetworkRegistry/NETREGISTRY]: Channel 'teamlapenlib:main' : Version test of '1' from client : ACCEPTED
[16Oct2025 22:23:58.152] [Netty Epoll Server IO #1/DEBUG] [net.minecraftforge.network.NetworkRegistry/NETREGISTRY]: Channel 'watut:main' : Version test of '4' from client : ACCEPTED
[16Oct2025 22:23:58.152] [Netty Epoll Server IO #1/DEBUG] [net.minecraftforge.network.NetworkRegistry/NETREGISTRY]: Channel 'alexscaves:main_channel' : Version test of '1' from client : ACCEPTED
[16Oct2025 22:23:58.152] [Netty Epoll Server IO #1/DEBUG] [net.minecraftforge.network.NetworkRegistry/NETREGISTRY]: Channel 'architectury:network' : Version test of '1' from client : ACCEPTED
[16Oct2025 22:23:58.152] [Netty Epoll Server IO #1/DEBUG] [net.minecraftforge.network.NetworkRegistry/NETREGISTRY]: Channel 'endermail:endermail' : Version test of '1.0' from client : ACCEPTED
[16Oct2025 22:23:58.152] [Netty Epoll Server IO #1/DEBUG] [net.minecraftforge.network.NetworkRegistry/NETREGISTRY]: Channel 'webdisplays:packetsystem' : Version test of '2' from client : ACCEPTED
[16Oct2025 22:23:58.152] [Netty Epoll Server IO #1/DEBUG] [net.minecraftforge.network.NetworkRegistry/NETREGISTRY]: Channel 'jei:channel' : Version test of '1.0.0' from client : ACCEPTED
[16Oct2025 22:23:58.152] [Netty Epoll Server IO #1/DEBUG] [net.minecraftforge.network.NetworkRegistry/NETREGISTRY]: Channel 'minecraft:unregister' : Version test of 'FML3' from client : ACCEPTED
[16Oct2025 22:23:58.152] [Netty Epoll Server IO #1/DEBUG] [net.minecraftforge.network.NetworkRegistry/NETREGISTRY]: Channel 'sophisticatedbackpacks:channel' : Version test of '1' from client : ACCEPTED
[16Oct2025 22:23:58.152] [Netty Epoll Server IO #1/DEBUG] [net.minecraftforge.network.NetworkRegistry/NETREGISTRY]: Channel 'citadel:main_channel' : Version test of '1' from client : ACCEPTED
[16Oct2025 22:23:58.152] [Netty Epoll Server IO #1/DEBUG] [net.minecraftforge.network.NetworkRegistry/NETREGISTRY]: Channel 'iceandfire:main_channel' : Version test of '1' from client : ACCEPTED
[16Oct2025 22:23:58.152] [Netty Epoll Server IO #1/DEBUG] [net.minecraftforge.network.NetworkRegistry/NETREGISTRY]: Channel 'trade_cycling:cycle_trades' : Version test of 'ALLOWVANILLA 💓💓💓' from client : ACCEPTED
[16Oct2025 22:23:58.152] [Netty Epoll Server IO #1/DEBUG] [net.minecraftforge.network.NetworkRegistry/NETREGISTRY]: Channel 'tacz:handshake' : Version test of '1.0.4' from client : ACCEPTED
[16Oct2025 22:23:58.152] [Netty Epoll Server IO #1/DEBUG] [net.minecraftforge.network.NetworkRegistry/NETREGISTRY]: Channel 'curios:main' : Version test of '1' from client : ACCEPTED
[16Oct2025 22:23:58.152] [Netty Epoll Server IO #1/DEBUG] [net.minecraftforge.network.NetworkRegistry/NETREGISTRY]: Channel 'irons_spellbooks:messages' : Version test of '1.0' from client : ACCEPTED
[16Oct2025 22:23:58.152] [Netty Epoll Server IO #1/DEBUG] [net.minecraftforge.network.NetworkRegistry/NETREGISTRY]: Channel 'fml:loginwrapper' : Version test of 'FML3' from client : ACCEPTED
[16Oct2025 22:23:58.152] [Netty Epoll Server IO #1/DEBUG] [net.minecraftforge.network.NetworkRegistry/NETREGISTRY]: Channel 'forge:tier_sorting' : Version test of '1.0' from client : ACCEPTED
[16Oct2025 22:23:58.153] [Netty Epoll Server IO #1/DEBUG] [net.minecraftforge.network.NetworkRegistry/NETREGISTRY]: Channel 'crucifix:crucifix' : Version test of '1' from client : ACCEPTED
[16Oct2025 22:23:58.153] [Netty Epoll Server IO #1/DEBUG] [net.minecraftforge.network.NetworkRegistry/NETREGISTRY]: Channel 'tombstone:tombstone_channel' : Version test of 'tombstone-9.0.9' from client : ACCEPTED
[16Oct2025 22:23:58.153] [Netty Epoll Server IO #1/DEBUG] [net.minecraftforge.network.NetworkRegistry/NETREGISTRY]: Channel 'fml:play' : Version test of 'FML3' from client : ACCEPTED
[16Oct2025 22:23:58.153] [Netty Epoll Server IO #1/DEBUG] [net.minecraftforge.network.NetworkRegistry/NETREGISTRY]: Channel 'sophisticatedcore:channel' : Version test of '1' from client : ACCEPTED
[16Oct2025 22:23:58.153] [Netty Epoll Server IO #1/DEBUG] [net.minecraftforge.network.NetworkRegistry/NETREGISTRY]: Channel 'caelus:main' : Version test of '1' from client : ACCEPTED
[16Oct2025 22:23:58.153] [Netty Epoll Server IO #1/DEBUG] [net.minecraftforge.network.NetworkRegistry/NETREGISTRY]: Channel 'fml:handshake' : Version test of 'FML3' from client : ACCEPTED
[16Oct2025 22:23:58.153] [Netty Epoll Server IO #1/DEBUG] [net.minecraftforge.network.NetworkRegistry/NETREGISTRY]: Channel 'vampirism:main' : Version test of '1' from client : ACCEPTED
[16Oct2025 22:23:58.153] [Netty Epoll Server IO #1/DEBUG] [net.minecraftforge.network.NetworkRegistry/NETREGISTRY]: Channel 'minecraft:register' : Version test of 'FML3' from client : ACCEPTED
[16Oct2025 22:23:58.153] [Netty Epoll Server IO #1/DEBUG] [net.minecraftforge.network.NetworkRegistry/NETREGISTRY]: Channel 'forge:split' : Version test of '1.1' from client : ACCEPTED
[16Oct2025 22:23:58.153] [Netty Epoll Server IO #1/DEBUG] [net.minecraftforge.network.NetworkRegistry/NETREGISTRY]: Channel 'tacz:network' : Version test of '1.0.4' from client : ACCEPTED
[16Oct2025 22:23:58.153] [Netty Epoll Server IO #1/DEBUG] [net.minecraftforge.network.NetworkRegistry/NETREGISTRY]: Channel 'geckolib:main' : Version test of '1' from client : ACCEPTED
[16Oct2025 22:23:58.153] [Netty Epoll Server IO #1/DEBUG] [net.minecraftforge.network.NetworkRegistry/NETREGISTRY]: Accepting channel list from client
[16Oct2025 22:23:58.153] [Netty Epoll Server IO #1/DEBUG] [net.minecraftforge.network.HandshakeHandler/FMLHANDSHAKE]: Accepted client connection mod list
[16Oct2025 22:23:58.161] [Server thread/DEBUG] [net.minecraftforge.network.HandshakeHandler/FMLHANDSHAKE]: Sending ticking packet info 'Registry minecraft:villager_profession' to 'fml:handshake' sequence 5
[16Oct2025 22:23:58.201] [Netty Epoll Server IO #1/DEBUG] [net.minecraftforge.network.LoginWrapper/FMLHANDSHAKE]: Recieved login wrapper packet event for channel fml:handshake with index 3
[16Oct2025 22:23:58.201] [Netty Epoll Server IO #1/DEBUG] [net.minecraftforge.network.HandshakeHandler/FMLHANDSHAKE]: Received client indexed reply 3 of type net.minecraftforge.network.HandshakeMessages$C2SAcknowledge
[16Oct2025 22:23:58.201] [Netty Epoll Server IO #1/DEBUG] [net.minecraftforge.network.HandshakeHandler/FMLHANDSHAKE]: Received acknowledgement from client
[16Oct2025 22:23:58.216] [Server thread/DEBUG] [net.minecraftforge.network.HandshakeHandler/FMLHANDSHAKE]: Sending ticking packet info 'Registry minecraft:item' to 'fml:handshake' sequence 6
[16Oct2025 22:23:58.242] [Netty Epoll Server IO #1/DEBUG] [net.minecraftforge.network.LoginWrapper/FMLHANDSHAKE]: Recieved login wrapper packet event for channel fml:handshake with index 4
[16Oct2025 22:23:58.242] [Netty Epoll Server IO #1/DEBUG] [net.minecraftforge.network.HandshakeHandler/FMLHANDSHAKE]: Received client indexed reply 4 of type net.minecraftforge.network.HandshakeMessages$C2SAcknowledge
[16Oct2025 22:23:58.243] [Netty Epoll Server IO #1/DEBUG] [net.minecraftforge.network.HandshakeHandler/FMLHANDSHAKE]: Received acknowledgement from client
[16Oct2025 22:23:58.271] [Server thread/DEBUG] [net.minecraftforge.network.HandshakeHandler/FMLHANDSHAKE]: Sending ticking packet info 'Registry minecraft:potion' to 'fml:handshake' sequence 7
[16Oct2025 22:23:58.292] [Netty Epoll Server IO #1/DEBUG] [net.minecraftforge.network.LoginWrapper/FMLHANDSHAKE]: Recieved login wrapper packet event for channel fml:handshake with index 5
[16Oct2025 22:23:58.292] [Netty Epoll Server IO #1/DEBUG] [net.minecraftforge.network.HandshakeHandler/FMLHANDSHAKE]: Received client indexed reply 5 of type net.minecraftforge.network.HandshakeMessages$C2SAcknowledge
[16Oct2025 22:23:58.292] [Netty Epoll Server IO #1/DEBUG] [net.minecraftforge.network.HandshakeHandler/FMLHANDSHAKE]: Received acknowledgement from client
[16Oct2025 22:23:58.316] [Server thread/DEBUG] [net.minecraftforge.network.HandshakeHandler/FMLHANDSHAKE]: Sending ticking packet info 'Registry vampirism:refinement' to 'fml:handshake' sequence 8
[16Oct2025 22:23:58.363] [Server thread/DEBUG] [net.minecraftforge.network.HandshakeHandler/FMLHANDSHAKE]: Sending ticking packet info 'Registry minecraft:block_entity_type' to 'fml:handshake' sequence 9
[16Oct2025 22:23:58.412] [Server thread/DEBUG] [net.minecraftforge.network.HandshakeHandler/FMLHANDSHAKE]: Sending ticking packet info 'Registry forge:display_contexts' to 'fml:handshake' sequence 10
[16Oct2025 22:23:58.462] [Server thread/DEBUG] [net.minecraftforge.network.HandshakeHandler/FMLHANDSHAKE]: Sending ticking packet info 'Registry vampirism:task_unlocker' to 'fml:handshake' sequence 11
[16Oct2025 22:23:58.513] [Server thread/DEBUG] [net.minecraftforge.network.HandshakeHandler/FMLHANDSHAKE]: Sending ticking packet info 'Registry irons_spellbooks:spells' to 'fml:handshake' sequence 12
[16Oct2025 22:23:58.560] [Server thread/DEBUG] [net.minecraftforge.network.HandshakeHandler/FMLHANDSHAKE]: Sending ticking packet info 'Registry vampirism:miniontasks' to 'fml:handshake' sequence 13
[16Oct2025 22:23:58.611] [Server thread/DEBUG] [net.minecraftforge.network.HandshakeHandler/FMLHANDSHAKE]: Sending ticking packet info 'Registry minecraft:stat_type' to 'fml:handshake' sequence 14
[16Oct2025 22:23:58.628] [Netty Epoll Server IO #1/DEBUG] [net.minecraftforge.network.LoginWrapper/FMLHANDSHAKE]: Recieved login wrapper packet event for channel fml:handshake with index 6
[16Oct2025 22:23:58.628] [Netty Epoll Server IO #1/DEBUG] [net.minecraftforge.network.HandshakeHandler/FMLHANDSHAKE]: Received client indexed reply 6 of type net.minecraftforge.network.HandshakeMessages$C2SAcknowledge
[16Oct2025 22:23:58.628] [Netty Epoll Server IO #1/DEBUG] [net.minecraftforge.network.HandshakeHandler/FMLHANDSHAKE]: Received acknowledgement from client
[16Oct2025 22:23:58.628] [Netty Epoll Server IO #1/DEBUG] [net.minecraftforge.network.LoginWrapper/FMLHANDSHAKE]: Recieved login wrapper packet event for channel fml:handshake with index 7
[16Oct2025 22:23:58.628] [Netty Epoll Server IO #1/DEBUG] [net.minecraftforge.network.HandshakeHandler/FMLHANDSHAKE]: Received client indexed reply 7 of type net.minecraftforge.network.HandshakeMessages$C2SAcknowledge
[16Oct2025 22:23:58.629] [Netty Epoll Server IO #1/DEBUG] [net.minecraftforge.network.HandshakeHandler/FMLHANDSHAKE]: Received acknowledgement from client
[16Oct2025 22:23:58.629] [Netty Epoll Server IO #1/DEBUG] [net.minecraftforge.network.LoginWrapper/FMLHANDSHAKE]: Recieved login wrapper packet event for channel fml:handshake with index 8
[16Oct2025 22:23:58.629] [Netty Epoll Server IO #1/DEBUG] [net.minecraftforge.network.HandshakeHandler/FMLHANDSHAKE]: Received client indexed reply 8 of type net.minecraftforge.network.HandshakeMessages$C2SAcknowledge
[16Oct2025 22:23:58.629] [Netty Epoll Server IO #1/DEBUG] [net.minecraftforge.network.HandshakeHandler/FMLHANDSHAKE]: Received acknowledgement from client
[16Oct2025 22:23:58.630] [Netty Epoll Server IO #1/DEBUG] [net.minecraftforge.network.LoginWrapper/FMLHANDSHAKE]: Recieved login wrapper packet event for channel fml:handshake with index 9
[16Oct2025 22:23:58.630] [Netty Epoll Server IO #1/DEBUG] [net.minecraftforge.network.HandshakeHandler/FMLHANDSHAKE]: Received client indexed reply 9 of type net.minecraftforge.network.HandshakeMessages$C2SAcknowledge
[16Oct2025 22:23:58.631] [Netty Epoll Server IO #1/DEBUG] [net.minecraftforge.network.HandshakeHandler/FMLHANDSHAKE]: Received acknowledgement from client
[16Oct2025 22:23:58.631] [Netty Epoll Server IO #1/DEBUG] [net.minecraftforge.network.LoginWrapper/FMLHANDSHAKE]: Recieved login wrapper packet event for channel fml:handshake with index 10
[16Oct2025 22:23:58.631] [Netty Epoll Server IO #1/DEBUG] [net.minecraftforge.network.HandshakeHandler/FMLHANDSHAKE]: Received client indexed reply 10 of type net.minecraftforge.network.HandshakeMessages$C2SAcknowledge
[16Oct2025 22:23:58.631] [Netty Epoll Server IO #1/DEBUG] [net.minecraftforge.network.HandshakeHandler/FMLHANDSHAKE]: Received acknowledgement from client
[16Oct2025 22:23:58.631] [Netty Epoll Server IO #1/DEBUG] [net.minecraftforge.network.LoginWrapper/FMLHANDSHAKE]: Recieved login wrapper packet event for channel fml:handshake with index 11
[16Oct2025 22:23:58.631] [Netty Epoll Server IO #1/DEBUG] [net.minecraftforge.network.HandshakeHandler/FMLHANDSHAKE]: Received client indexed reply 11 of type net.minecraftforge.network.HandshakeMessages$C2SAcknowledge
[16Oct2025 22:23:58.631] [Netty Epoll Server IO #1/DEBUG] [net.minecraftforge.network.HandshakeHandler/FMLHANDSHAKE]: Received acknowledgement from client
[16Oct2025 22:23:58.644] [Netty Epoll Server IO #1/DEBUG] [net.minecraftforge.network.LoginWrapper/FMLHANDSHAKE]: Recieved login wrapper packet event for channel fml:handshake with index 12
[16Oct2025 22:23:58.645] [Netty Epoll Server IO #1/DEBUG] [net.minecraftforge.network.HandshakeHandler/FMLHANDSHAKE]: Received client indexed reply 12 of type net.minecraftforge.network.HandshakeMessages$C2SAcknowledge
[16Oct2025 22:23:58.645] [Netty Epoll Server IO #1/DEBUG] [net.minecraftforge.network.HandshakeHandler/FMLHANDSHAKE]: Received acknowledgement from client
[16Oct2025 22:23:58.661] [Server thread/DEBUG] [net.minecraftforge.network.HandshakeHandler/FMLHANDSHAKE]: Sending ticking packet info 'Registry vampirism:skills' to 'fml:handshake' sequence 15
[16Oct2025 22:23:58.692] [Netty Epoll Server IO #1/DEBUG] [net.minecraftforge.network.LoginWrapper/FMLHANDSHAKE]: Recieved login wrapper packet event for channel fml:handshake with index 13
[16Oct2025 22:23:58.692] [Netty Epoll Server IO #1/DEBUG] [net.minecraftforge.network.HandshakeHandler/FMLHANDSHAKE]: Received client indexed reply 13 of type net.minecraftforge.network.HandshakeMessages$C2SAcknowledge
[16Oct2025 22:23:58.692] [Netty Epoll Server IO #1/DEBUG] [net.minecraftforge.network.HandshakeHandler/FMLHANDSHAKE]: Received acknowledgement from client
[16Oct2025 22:23:58.710] [Server thread/DEBUG] [net.minecraftforge.network.HandshakeHandler/FMLHANDSHAKE]: Sending ticking packet info 'Registry minecraft:menu' to 'fml:handshake' sequence 16
[16Oct2025 22:23:58.743] [Netty Epoll Server IO #1/DEBUG] [net.minecraftforge.network.LoginWrapper/FMLHANDSHAKE]: Recieved login wrapper packet event for channel fml:handshake with index 14
[16Oct2025 22:23:58.743] [Netty Epoll Server IO #1/DEBUG] [net.minecraftforge.network.HandshakeHandler/FMLHANDSHAKE]: Received client indexed reply 14 of type net.minecraftforge.network.HandshakeMessages$C2SAcknowledge
[16Oct2025 22:23:58.744] [Netty Epoll Server IO #1/DEBUG] [net.minecraftforge.network.HandshakeHandler/FMLHANDSHAKE]: Received acknowledgement from client
[16Oct2025 22:23:58.763] [Server thread/DEBUG] [net.minecraftforge.network.HandshakeHandler/FMLHANDSHAKE]: Sending ticking packet info 'Registry vampirism:actions' to 'fml:handshake' sequence 17
[16Oct2025 22:23:58.792] [Netty Epoll Server IO #1/DEBUG] [net.minecraftforge.network.LoginWrapper/FMLHANDSHAKE]: Recieved login wrapper packet event for channel fml:handshake with index 15
[16Oct2025 22:23:58.792] [Netty Epoll Server IO #1/DEBUG] [net.minecraftforge.network.HandshakeHandler/FMLHANDSHAKE]: Received client indexed reply 15 of type net.minecraftforge.network.HandshakeMessages$C2SAcknowledge
[16Oct2025 22:23:58.792] [Netty Epoll Server IO #1/DEBUG] [net.minecraftforge.network.HandshakeHandler/FMLHANDSHAKE]: Received acknowledgement from client
[16Oct2025 22:23:58.811] [Server thread/DEBUG] [net.minecraftforge.network.HandshakeHandler/FMLHANDSHAKE]: Sending ticking packet info 'Registry vampirism:refinement_set' to 'fml:handshake' sequence 18
[16Oct2025 22:23:58.842] [Netty Epoll Server IO #1/DEBUG] [net.minecraftforge.network.LoginWrapper/FMLHANDSHAKE]: Recieved login wrapper packet event for channel fml:handshake with index 16
[16Oct2025 22:23:58.842] [Netty Epoll Server IO #1/DEBUG] [net.minecraftforge.network.HandshakeHandler/FMLHANDSHAKE]: Received client indexed reply 16 of type net.minecraftforge.network.HandshakeMessages$C2SAcknowledge
[16Oct2025 22:23:58.842] [Netty Epoll Server IO #1/DEBUG] [net.minecraftforge.network.HandshakeHandler/FMLHANDSHAKE]: Received acknowledgement from client
[16Oct2025 22:23:58.862] [Server thread/DEBUG] [net.minecraftforge.network.HandshakeHandler/FMLHANDSHAKE]: Sending ticking packet info 'Registry minecraft:fluid' to 'fml:handshake' sequence 19
[16Oct2025 22:23:58.894] [Netty Epoll Server IO #1/DEBUG] [net.minecraftforge.network.LoginWrapper/FMLHANDSHAKE]: Recieved login wrapper packet event for channel fml:handshake with index 17
[16Oct2025 22:23:58.895] [Netty Epoll Server IO #1/DEBUG] [net.minecraftforge.network.HandshakeHandler/FMLHANDSHAKE]: Received client indexed reply 17 of type net.minecraftforge.network.HandshakeMessages$C2SAcknowledge
[16Oct2025 22:23:58.895] [Netty Epoll Server IO #1/DEBUG] [net.minecraftforge.network.HandshakeHandler/FMLHANDSHAKE]: Received acknowledgement from client
[16Oct2025 22:23:58.911] [Server thread/DEBUG] [net.minecraftforge.network.HandshakeHandler/FMLHANDSHAKE]: Sending ticking packet info 'Registry vampirism:task_requirement' to 'fml:handshake' sequence 20
[16Oct2025 22:23:58.944] [Netty Epoll Server IO #1/DEBUG] [net.minecraftforge.network.LoginWrapper/FMLHANDSHAKE]: Recieved login wrapper packet event for channel fml:handshake with index 18
[16Oct2025 22:23:58.944] [Netty Epoll Server IO #1/DEBUG] [net.minecraftforge.network.HandshakeHandler/FMLHANDSHAKE]: Received client indexed reply 18 of type net.minecraftforge.network.HandshakeMessages$C2SAcknowledge
[16Oct2025 22:23:58.944] [Netty Epoll Server IO #1/DEBUG] [net.minecraftforge.network.HandshakeHandler/FMLHANDSHAKE]: Received acknowledgement from client
[16Oct2025 22:23:58.961] [Server thread/DEBUG] [net.minecraftforge.network.HandshakeHandler/FMLHANDSHAKE]: Sending ticking packet info 'Registry minecraft:recipe_serializer' to 'fml:handshake' sequence 21
[16Oct2025 22:23:58.993] [Netty Epoll Server IO #1/DEBUG] [net.minecraftforge.network.LoginWrapper/FMLHANDSHAKE]: Recieved login wrapper packet event for channel fml:handshake with index 19
[16Oct2025 22:23:58.993] [Netty Epoll Server IO #1/DEBUG] [net.minecraftforge.network.HandshakeHandler/FMLHANDSHAKE]: Received client indexed reply 19 of type net.minecraftforge.network.HandshakeMessages$C2SAcknowledge
[16Oct2025 22:23:58.993] [Netty Epoll Server IO #1/DEBUG] [net.minecraftforge.network.HandshakeHandler/FMLHANDSHAKE]: Received acknowledgement from client
[16Oct2025 22:23:59.010] [Server thread/DEBUG] [net.minecraftforge.network.HandshakeHandler/FMLHANDSHAKE]: Sending ticking packet info 'Registry minecraft:sound_event' to 'fml:handshake' sequence 22
[16Oct2025 22:23:59.042] [Netty Epoll Server IO #1/DEBUG] [net.minecraftforge.network.LoginWrapper/FMLHANDSHAKE]: Recieved login wrapper packet event for channel fml:handshake with index 20
[16Oct2025 22:23:59.043] [Netty Epoll Server IO #1/DEBUG] [net.minecraftforge.network.HandshakeHandler/FMLHANDSHAKE]: Received client indexed reply 20 of type net.minecraftforge.network.HandshakeMessages$C2SAcknowledge
[16Oct2025 22:23:59.043] [Netty Epoll Server IO #1/DEBUG] [net.minecraftforge.network.HandshakeHandler/FMLHANDSHAKE]: Received acknowledgement from client
[16Oct2025 22:23:59.064] [Server thread/DEBUG] [net.minecraftforge.network.HandshakeHandler/FMLHANDSHAKE]: Sending ticking packet info 'Registry minecraft:particle_type' to 'fml:handshake' sequence 23
[16Oct2025 22:23:59.094] [Netty Epoll Server IO #1/DEBUG] [net.minecraftforge.network.LoginWrapper/FMLHANDSHAKE]: Recieved login wrapper packet event for channel fml:handshake with index 21
[16Oct2025 22:23:59.094] [Netty Epoll Server IO #1/DEBUG] [net.minecraftforge.network.HandshakeHandler/FMLHANDSHAKE]: Received client indexed reply 21 of type net.minecraftforge.network.HandshakeMessages$C2SAcknowledge
[16Oct2025 22:23:59.094] [Netty Epoll Server IO #1/DEBUG] [net.minecraftforge.network.HandshakeHandler/FMLHANDSHAKE]: Received acknowledgement from client
[16Oct2025 22:23:59.113] [Server thread/DEBUG] [net.minecraftforge.network.HandshakeHandler/FMLHANDSHAKE]: Sending ticking packet info 'Registry minecraft:painting_variant' to 'fml:handshake' sequence 24
[16Oct2025 22:23:59.150] [Netty Epoll Server IO #1/DEBUG] [net.minecraftforge.network.LoginWrapper/FMLHANDSHAKE]: Recieved login wrapper packet event for channel fml:handshake with index 22
[16Oct2025 22:23:59.151] [Netty Epoll Server IO #1/DEBUG] [net.minecraftforge.network.HandshakeHandler/FMLHANDSHAKE]: Received client indexed reply 22 of type net.minecraftforge.network.HandshakeMessages$C2SAcknowledge
[16Oct2025 22:23:59.151] [Netty Epoll Server IO #1/DEBUG] [net.minecraftforge.network.HandshakeHandler/FMLHANDSHAKE]: Received acknowledgement from client
[16Oct2025 22:23:59.161] [Server thread/DEBUG] [net.minecraftforge.network.HandshakeHandler/FMLHANDSHAKE]: Sending ticking packet info 'Registry forge:fluid_type' to 'fml:handshake' sequence 25
[16Oct2025 22:23:59.197] [Netty Epoll Server IO #1/DEBUG] [net.minecraftforge.network.LoginWrapper/FMLHANDSHAKE]: Recieved login wrapper packet event for channel fml:handshake with index 23
[16Oct2025 22:23:59.197] [Netty Epoll Server IO #1/DEBUG] [net.minecraftforge.network.HandshakeHandler/FMLHANDSHAKE]: Received client indexed reply 23 of type net.minecraftforge.network.HandshakeMessages$C2SAcknowledge
[16Oct2025 22:23:59.198] [Netty Epoll Server IO #1/DEBUG] [net.minecraftforge.network.HandshakeHandler/FMLHANDSHAKE]: Received acknowledgement from client
[16Oct2025 22:23:59.215] [Server thread/DEBUG] [net.minecraftforge.network.HandshakeHandler/FMLHANDSHAKE]: Sending ticking packet info 'Registry minecraft:block' to 'fml:handshake' sequence 26
[16Oct2025 22:23:59.245] [Netty Epoll Server IO #1/DEBUG] [net.minecraftforge.network.LoginWrapper/FMLHANDSHAKE]: Recieved login wrapper packet event for channel fml:handshake with index 24
[16Oct2025 22:23:59.245] [Netty Epoll Server IO #1/DEBUG] [net.minecraftforge.network.HandshakeHandler/FMLHANDSHAKE]: Received client indexed reply 24 of type net.minecraftforge.network.HandshakeMessages$C2SAcknowledge
[16Oct2025 22:23:59.245] [Netty Epoll Server IO #1/DEBUG] [net.minecraftforge.network.HandshakeHandler/FMLHANDSHAKE]: Received acknowledgement from client
[16Oct2025 22:23:59.265] [Server thread/DEBUG] [net.minecraftforge.network.HandshakeHandler/FMLHANDSHAKE]: Sending ticking packet info 'Registry forge:entity_data_serializers' to 'fml:handshake' sequence 27
[16Oct2025 22:23:59.292] [Netty Epoll Server IO #1/DEBUG] [net.minecraftforge.network.LoginWrapper/FMLHANDSHAKE]: Recieved login wrapper packet event for channel fml:handshake with index 25
[16Oct2025 22:23:59.292] [Netty Epoll Server IO #1/DEBUG] [net.minecraftforge.network.HandshakeHandler/FMLHANDSHAKE]: Received client indexed reply 25 of type net.minecraftforge.network.HandshakeMessages$C2SAcknowledge
[16Oct2025 22:23:59.293] [Netty Epoll Server IO #1/DEBUG] [net.minecraftforge.network.HandshakeHandler/FMLHANDSHAKE]: Received acknowledgement from client
[16Oct2025 22:23:59.314] [Server thread/DEBUG] [net.minecraftforge.network.HandshakeHandler/FMLHANDSHAKE]: Sending ticking packet info 'Registry vampirism:task_reward' to 'fml:handshake' sequence 28
[16Oct2025 22:23:59.356] [Netty Epoll Server IO #1/DEBUG] [net.minecraftforge.network.LoginWrapper/FMLHANDSHAKE]: Recieved login wrapper packet event for channel fml:handshake with index 26
[16Oct2025 22:23:59.356] [Netty Epoll Server IO #1/DEBUG] [net.minecraftforge.network.HandshakeHandler/FMLHANDSHAKE]: Received client indexed reply 26 of type net.minecraftforge.network.HandshakeMessages$C2SAcknowledge
[16Oct2025 22:23:59.356] [Netty Epoll Server IO #1/DEBUG] [net.minecraftforge.network.HandshakeHandler/FMLHANDSHAKE]: Received acknowledgement from client
[16Oct2025 22:23:59.368] [Server thread/DEBUG] [net.minecraftforge.network.HandshakeHandler/FMLHANDSHAKE]: Sending ticking packet info 'Registry vampirism:oil' to 'fml:handshake' sequence 29
[16Oct2025 22:23:59.395] [Netty Epoll Server IO #1/DEBUG] [net.minecraftforge.network.LoginWrapper/FMLHANDSHAKE]: Recieved login wrapper packet event for channel fml:handshake with index 27
[16Oct2025 22:23:59.395] [Netty Epoll Server IO #1/DEBUG] [net.minecraftforge.network.HandshakeHandler/FMLHANDSHAKE]: Received client indexed reply 27 of type net.minecraftforge.network.HandshakeMessages$C2SAcknowledge
[16Oct2025 22:23:59.395] [Netty Epoll Server IO #1/DEBUG] [net.minecraftforge.network.HandshakeHandler/FMLHANDSHAKE]: Received acknowledgement from client
[16Oct2025 22:23:59.431] [Server thread/DEBUG] [net.minecraftforge.network.HandshakeHandler/FMLHANDSHAKE]: Sending ticking packet info 'Registry vampirism:converting_handler' to 'fml:handshake' sequence 30
[16Oct2025 22:23:59.446] [Netty Epoll Server IO #1/DEBUG] [net.minecraftforge.network.LoginWrapper/FMLHANDSHAKE]: Recieved login wrapper packet event for channel fml:handshake with index 28
[16Oct2025 22:23:59.446] [Netty Epoll Server IO #1/DEBUG] [net.minecraftforge.network.HandshakeHandler/FMLHANDSHAKE]: Received client indexed reply 28 of type net.minecraftforge.network.HandshakeMessages$C2SAcknowledge
[16Oct2025 22:23:59.446] [Netty Epoll Server IO #1/DEBUG] [net.minecraftforge.network.HandshakeHandler/FMLHANDSHAKE]: Received acknowledgement from client
[16Oct2025 22:23:59.468] [Server thread/DEBUG] [net.minecraftforge.network.HandshakeHandler/FMLHANDSHAKE]: Sending ticking packet info 'Registry minecraft:mob_effect' to 'fml:handshake' sequence 31
[16Oct2025 22:23:59.502] [Netty Epoll Server IO #1/DEBUG] [net.minecraftforge.network.LoginWrapper/FMLHANDSHAKE]: Recieved login wrapper packet event for channel fml:handshake with index 29
[16Oct2025 22:23:59.502] [Netty Epoll Server IO #1/DEBUG] [net.minecraftforge.network.HandshakeHandler/FMLHANDSHAKE]: Received client indexed reply 29 of type net.minecraftforge.network.HandshakeMessages$C2SAcknowledge
[16Oct2025 22:23:59.502] [Netty Epoll Server IO #1/DEBUG] [net.minecraftforge.network.HandshakeHandler/FMLHANDSHAKE]: Received acknowledgement from client
[16Oct2025 22:23:59.513] [Server thread/DEBUG] [net.minecraftforge.network.HandshakeHandler/FMLHANDSHAKE]: Sending ticking packet info 'Registry vampirism:entityactions' to 'fml:handshake' sequence 32
[16Oct2025 22:23:59.563] [Netty Epoll Server IO #1/DEBUG] [net.minecraftforge.network.LoginWrapper/FMLHANDSHAKE]: Recieved login wrapper packet event for channel fml:handshake with index 30
[16Oct2025 22:23:59.563] [Netty Epoll Server IO #1/DEBUG] [net.minecraftforge.network.HandshakeHandler/FMLHANDSHAKE]: Received client indexed reply 30 of type net.minecraftforge.network.HandshakeMessages$C2SAcknowledge
[16Oct2025 22:23:59.563] [Netty Epoll Server IO #1/DEBUG] [net.minecraftforge.network.HandshakeHandler/FMLHANDSHAKE]: Received acknowledgement from client
[16Oct2025 22:23:59.566] [Server thread/DEBUG] [net.minecraftforge.network.HandshakeHandler/FMLHANDSHAKE]: Sending ticking packet info 'Registry tombstone:perks' to 'fml:handshake' sequence 33
[16Oct2025 22:23:59.601] [Netty Epoll Server IO #1/DEBUG] [net.minecraftforge.network.LoginWrapper/FMLHANDSHAKE]: Recieved login wrapper packet event for channel fml:handshake with index 31
[16Oct2025 22:23:59.601] [Netty Epoll Server IO #1/DEBUG] [net.minecraftforge.network.HandshakeHandler/FMLHANDSHAKE]: Received client indexed reply 31 of type net.minecraftforge.network.HandshakeMessages$C2SAcknowledge
[16Oct2025 22:23:59.601] [Netty Epoll Server IO #1/DEBUG] [net.minecraftforge.network.HandshakeHandler/FMLHANDSHAKE]: Received acknowledgement from client
[16Oct2025 22:23:59.616] [Server thread/DEBUG] [net.minecraftforge.network.HandshakeHandler/FMLHANDSHAKE]: Sending ticking packet info 'Registry minecraft:enchantment' to 'fml:handshake' sequence 34
[16Oct2025 22:23:59.645] [Netty Epoll Server IO #1/DEBUG] [net.minecraftforge.network.LoginWrapper/FMLHANDSHAKE]: Recieved login wrapper packet event for channel fml:handshake with index 32
[16Oct2025 22:23:59.645] [Netty Epoll Server IO #1/DEBUG] [net.minecraftforge.network.HandshakeHandler/FMLHANDSHAKE]: Received client indexed reply 32 of type net.minecraftforge.network.HandshakeMessages$C2SAcknowledge
[16Oct2025 22:23:59.645] [Netty Epoll Server IO #1/DEBUG] [net.minecraftforge.network.HandshakeHandler/FMLHANDSHAKE]: Received acknowledgement from client
[16Oct2025 22:23:59.657] [Server thread/DEBUG] [net.minecraftforge.network.HandshakeHandler/FMLHANDSHAKE]: Sending ticking packet info 'Registry vampirism:task_reward_instance' to 'fml:handshake' sequence 35
[16Oct2025 22:23:59.697] [Netty Epoll Server IO #1/DEBUG] [net.minecraftforge.network.LoginWrapper/FMLHANDSHAKE]: Recieved login wrapper packet event for channel fml:handshake with index 33
[16Oct2025 22:23:59.697] [Netty Epoll Server IO #1/DEBUG] [net.minecraftforge.network.HandshakeHandler/FMLHANDSHAKE]: Received client indexed reply 33 of type net.minecraftforge.network.HandshakeMessages$C2SAcknowledge
[16Oct2025 22:23:59.697] [Netty Epoll Server IO #1/DEBUG] [net.minecraftforge.network.HandshakeHandler/FMLHANDSHAKE]: Received acknowledgement from client
[16Oct2025 22:23:59.709] [Server thread/DEBUG] [net.minecraftforge.network.HandshakeHandler/FMLHANDSHAKE]: Sending ticking packet info 'Registry minecraft:entity_type' to 'fml:handshake' sequence 36
[16Oct2025 22:23:59.747] [Netty Epoll Server IO #1/DEBUG] [net.minecraftforge.network.LoginWrapper/FMLHANDSHAKE]: Recieved login wrapper packet event for channel fml:handshake with index 34
[16Oct2025 22:23:59.748] [Netty Epoll Server IO #1/DEBUG] [net.minecraftforge.network.HandshakeHandler/FMLHANDSHAKE]: Received client indexed reply 34 of type net.minecraftforge.network.HandshakeMessages$C2SAcknowledge
[16Oct2025 22:23:59.748] [Netty Epoll Server IO #1/DEBUG] [net.minecraftforge.network.HandshakeHandler/FMLHANDSHAKE]: Received acknowledgement from client
[16Oct2025 22:23:59.760] [Server thread/DEBUG] [net.minecraftforge.network.HandshakeHandler/FMLHANDSHAKE]: Sending ticking packet info 'Config curios-server.toml' to 'fml:handshake' sequence 37
[16Oct2025 22:23:59.788] [Netty Epoll Server IO #1/DEBUG] [net.minecraftforge.network.LoginWrapper/FMLHANDSHAKE]: Recieved login wrapper packet event for channel fml:handshake with index 35
[16Oct2025 22:23:59.788] [Netty Epoll Server IO #1/DEBUG] [net.minecraftforge.network.HandshakeHandler/FMLHANDSHAKE]: Received client indexed reply 35 of type net.minecraftforge.network.HandshakeMessages$C2SAcknowledge
[16Oct2025 22:23:59.788] [Netty Epoll Server IO #1/DEBUG] [net.minecraftforge.network.HandshakeHandler/FMLHANDSHAKE]: Received acknowledgement from client
[16Oct2025 22:23:59.809] [Server thread/DEBUG] [net.minecraftforge.network.HandshakeHandler/FMLHANDSHAKE]: Sending ticking packet info 'Config irons_spellbooks-server.toml' to 'fml:handshake' sequence 38
[16Oct2025 22:23:59.865] [Server thread/DEBUG] [net.minecraftforge.network.HandshakeHandler/FMLHANDSHAKE]: Sending ticking packet info 'Config tombstone-server.toml' to 'fml:handshake' sequence 39
[16Oct2025 22:23:59.911] [Server thread/DEBUG] [net.minecraftforge.network.HandshakeHandler/FMLHANDSHAKE]: Sending ticking packet info 'Config vampirism-server.toml' to 'fml:handshake' sequence 40
[16Oct2025 22:23:59.957] [Server thread/DEBUG] [net.minecraftforge.network.HandshakeHandler/FMLHANDSHAKE]: Sending ticking packet info 'Config sophisticatedbackpacks-server.toml' to 'fml:handshake' sequence 41
[16Oct2025 22:24:00.006] [Server thread/DEBUG] [net.minecraftforge.network.HandshakeHandler/FMLHANDSHAKE]: Sending ticking packet info 'Config vampirism-balance.toml' to 'fml:handshake' sequence 42
[16Oct2025 22:24:00.059] [Server thread/DEBUG] [net.minecraftforge.network.HandshakeHandler/FMLHANDSHAKE]: Sending ticking packet info 'Config jei-server.toml' to 'fml:handshake' sequence 43
[16Oct2025 22:24:00.110] [Server thread/DEBUG] [net.minecraftforge.network.HandshakeHandler/FMLHANDSHAKE]: Sending ticking packet info 'Config tacz-server.toml' to 'fml:handshake' sequence 44
[16Oct2025 22:24:00.163] [Server thread/DEBUG] [net.minecraftforge.network.HandshakeHandler/FMLHANDSHAKE]: Sending ticking packet info 'Config forge-server.toml' to 'fml:handshake' sequence 45
[16Oct2025 22:24:00.840] [Netty Epoll Server IO #1/DEBUG] [net.minecraftforge.network.LoginWrapper/FMLHANDSHAKE]: Recieved login wrapper packet event for channel fml:handshake with index 36
[16Oct2025 22:24:00.840] [Netty Epoll Server IO #1/DEBUG] [net.minecraftforge.network.HandshakeHandler/FMLHANDSHAKE]: Received client indexed reply 36 of type net.minecraftforge.network.HandshakeMessages$C2SAcknowledge
[16Oct2025 22:24:00.840] [Netty Epoll Server IO #1/DEBUG] [net.minecraftforge.network.HandshakeHandler/FMLHANDSHAKE]: Received acknowledgement from client
[16Oct2025 22:24:00.841] [Netty Epoll Server IO #1/DEBUG] [net.minecraftforge.network.LoginWrapper/FMLHANDSHAKE]: Recieved login wrapper packet event for channel fml:handshake with index 37
[16Oct2025 22:24:00.841] [Netty Epoll Server IO #1/DEBUG] [net.minecraftforge.network.HandshakeHandler/FMLHANDSHAKE]: Received client indexed reply 37 of type net.minecraftforge.network.HandshakeMessages$C2SAcknowledge
[16Oct2025 22:24:00.841] [Netty Epoll Server IO #1/DEBUG] [net.minecraftforge.network.HandshakeHandler/FMLHANDSHAKE]: Received acknowledgement from client
[16Oct2025 22:24:00.848] [Netty Epoll Server IO #1/DEBUG] [net.minecraftforge.network.LoginWrapper/FMLHANDSHAKE]: Recieved login wrapper packet event for channel fml:handshake with index 38
[16Oct2025 22:24:00.848] [Netty Epoll Server IO #1/DEBUG] [net.minecraftforge.network.HandshakeHandler/FMLHANDSHAKE]: Received client indexed reply 38 of type net.minecraftforge.network.HandshakeMessages$C2SAcknowledge
[16Oct2025 22:24:00.849] [Netty Epoll Server IO #1/DEBUG] [net.minecraftforge.network.HandshakeHandler/FMLHANDSHAKE]: Received acknowledgement from client
[16Oct2025 22:24:00.850] [Netty Epoll Server IO #1/DEBUG] [net.minecraftforge.network.LoginWrapper/FMLHANDSHAKE]: Recieved login wrapper packet event for channel fml:handshake with index 39
[16Oct2025 22:24:00.850] [Netty Epoll Server IO #1/DEBUG] [net.minecraftforge.network.HandshakeHandler/FMLHANDSHAKE]: Received client indexed reply 39 of type net.minecraftforge.network.HandshakeMessages$C2SAcknowledge
[16Oct2025 22:24:00.851] [Netty Epoll Server IO #1/DEBUG] [net.minecraftforge.network.HandshakeHandler/FMLHANDSHAKE]: Received acknowledgement from client
[16Oct2025 22:24:00.853] [Netty Epoll Server IO #1/DEBUG] [net.minecraftforge.network.LoginWrapper/FMLHANDSHAKE]: Recieved login wrapper packet event for channel fml:handshake with index 40
[16Oct2025 22:24:00.853] [Netty Epoll Server IO #1/DEBUG] [net.minecraftforge.network.HandshakeHandler/FMLHANDSHAKE]: Received client indexed reply 40 of type net.minecraftforge.network.HandshakeMessages$C2SAcknowledge
[16Oct2025 22:24:00.853] [Netty Epoll Server IO #1/DEBUG] [net.minecraftforge.network.HandshakeHandler/FMLHANDSHAKE]: Received acknowledgement from client
[16Oct2025 22:24:00.856] [Netty Epoll Server IO #1/DEBUG] [net.minecraftforge.network.LoginWrapper/FMLHANDSHAKE]: Recieved login wrapper packet event for channel fml:handshake with index 41
[16Oct2025 22:24:00.856] [Netty Epoll Server IO #1/DEBUG] [net.minecraftforge.network.HandshakeHandler/FMLHANDSHAKE]: Received client indexed reply 41 of type net.minecraftforge.network.HandshakeMessages$C2SAcknowledge
[16Oct2025 22:24:00.856] [Netty Epoll Server IO #1/DEBUG] [net.minecraftforge.network.HandshakeHandler/FMLHANDSHAKE]: Received acknowledgement from client
[16Oct2025 22:24:00.859] [Netty Epoll Server IO #1/DEBUG] [net.minecraftforge.network.LoginWrapper/FMLHANDSHAKE]: Recieved login wrapper packet event for channel fml:handshake with index 42
[16Oct2025 22:24:00.859] [Netty Epoll Server IO #1/DEBUG] [net.minecraftforge.network.HandshakeHandler/FMLHANDSHAKE]: Received client indexed reply 42 of type net.minecraftforge.network.HandshakeMessages$C2SAcknowledge
[16Oct2025 22:24:00.859] [Netty Epoll Server IO #1/DEBUG] [net.minecraftforge.network.HandshakeHandler/FMLHANDSHAKE]: Received acknowledgement from client
[16Oct2025 22:24:00.860] [Netty Epoll Server IO #1/DEBUG] [net.minecraftforge.network.LoginWrapper/FMLHANDSHAKE]: Recieved login wrapper packet event for channel fml:handshake with index 43
[16Oct2025 22:24:00.860] [Netty Epoll Server IO #1/DEBUG] [net.minecraftforge.network.HandshakeHandler/FMLHANDSHAKE]: Received client indexed reply 43 of type net.minecraftforge.network.HandshakeMessages$C2SAcknowledge
[16Oct2025 22:24:00.860] [Netty Epoll Server IO #1/DEBUG] [net.minecraftforge.network.HandshakeHandler/FMLHANDSHAKE]: Received acknowledgement from client
[16Oct2025 22:24:00.864] [Netty Epoll Server IO #1/DEBUG] [net.minecraftforge.network.LoginWrapper/FMLHANDSHAKE]: Recieved login wrapper packet event for channel fml:handshake with index 44
[16Oct2025 22:24:00.865] [Netty Epoll Server IO #1/DEBUG] [net.minecraftforge.network.HandshakeHandler/FMLHANDSHAKE]: Received client indexed reply 44 of type net.minecraftforge.network.HandshakeMessages$C2SAcknowledge
[16Oct2025 22:24:00.865] [Netty Epoll Server IO #1/DEBUG] [net.minecraftforge.network.HandshakeHandler/FMLHANDSHAKE]: Received acknowledgement from client
[16Oct2025 22:24:00.867] [Netty Epoll Server IO #1/DEBUG] [net.minecraftforge.network.LoginWrapper/FMLHANDSHAKE]: Recieved login wrapper packet event for channel fml:handshake with index 45
[16Oct2025 22:24:00.868] [Netty Epoll Server IO #1/DEBUG] [net.minecraftforge.network.HandshakeHandler/FMLHANDSHAKE]: Received client indexed reply 45 of type net.minecraftforge.network.HandshakeMessages$C2SAcknowledge
[16Oct2025 22:24:00.868] [Netty Epoll Server IO #1/DEBUG] [net.minecraftforge.network.HandshakeHandler/FMLHANDSHAKE]: Received acknowledgement from client
[16Oct2025 22:24:00.910] [Server thread/DEBUG] [net.minecraftforge.network.HandshakeHandler/FMLHANDSHAKE]: Handshake complete!
[16Oct2025 22:24:00.983] [Server thread/DEBUG] [de.teamlapen.vampirism.entity.factions.FactionPlayerHandler/FACTIONS]: JJForever1764 has new faction level vampirism:vampire 4
[16Oct2025 22:24:00.994] [Server thread/INFO] [net.minecraft.server.players.PlayerList/]: JJForever1764[/127.82.226.93:53587] logged in with entity id 3209 at (914.8201308119202, 98.0, 403.87975238526855)
[16Oct2025 22:24:00.995] [Server thread/DEBUG] [net.minecraftforge.network.filters.NetworkFilters/]: Injected net.minecraftforge.network.filters.ForgeConnectionNetworkFilter@2aca91a4 into net.minecraft.network.Connection@267c0329
[16Oct2025 22:24:01.036] [Server thread/INFO] [net.minecraft.server.MinecraftServer/]: JJForever1764 joined the game
[16Oct2025 22:24:01.470] [Server thread/DEBUG] [tacz/SYNC_BASE_TIMESTAMP]: Update server base timestamp: 1760653441437
[16Oct2025 22:24:04.209] [Worker-Main-5/DEBUG] [de.teamlapen.vampirism.blockentity.TotemBlockEntity/]: Looking for vampire forest took 0.962s
[16Oct2025 22:24:58.115] [Server thread/DEBUG] [net.minecraftforge.common.ForgeHooks/WP]: Gathering id map for writing to world save world
[16Oct2025 22:24:58.127] [Server thread/DEBUG] [net.minecraftforge.common.ForgeHooks/WP]: ID Map collection complete world
[16Oct2025 22:25:10.024] [Server thread/INFO] [net.minecraft.server.MinecraftServer/]: Danielbox123 has made the advancement [Getting an Upgrade]
[16Oct2025 22:26:39.264] [Server thread/INFO] [net.minecraft.server.MinecraftServer/]: Danielbox123 has made the advancement [Blood Feeders' Home]
[16Oct2025 22:27:53.200] [Worker-Main-5/DEBUG] [mixin/]: Mixing gen.WorldGenRegionMixin from iceandfire.mixins.json into net.minecraft.server.level.WorldGenRegion
[16Oct2025 22:27:53.506] [Worker-Main-4/DEBUG] [mixin/]: Mixing BeardifierMixin from mixins.irons_spellbooks.json into net.minecraft.world.level.levelgen.Beardifier
[16Oct2025 22:27:54.305] [Worker-Main-3/INFO] [citadel/]: merged 6 surface rules with vanilla rule SequenceRuleSource
[16Oct2025 22:27:54.306] [Worker-Main-3/DEBUG] [citadel/]: surface rule recursive depth: 15
[16Oct2025 22:28:05.283] [Server thread/DEBUG] [mixin/]: Mixing ItemInputMixin from tombstone.mixins.json into net.minecraft.commands.arguments.item.ItemInput
[16Oct2025 22:28:05.291] [Server thread/INFO] [net.minecraft.server.MinecraftServer/]: [JJForever1764: Gave 1 [Blue Bed] to Danielbox123]
[16Oct2025 22:28:31.918] [Server thread/INFO] [net.minecraft.server.network.ServerGamePacketListenerImpl/]: Danielbox123 lost connection: Disconnected
[16Oct2025 22:28:31.919] [Server thread/INFO] [net.minecraft.server.MinecraftServer/]: Danielbox123 left the game
[16Oct2025 22:28:40.978] [Netty Epoll Server IO #6/DEBUG] [net.minecraftforge.network.HandshakeHandler/FMLHANDSHAKE]: Starting new modded impl connection. Found 46 messages to dispatch.
[16Oct2025 22:28:41.008] [Server thread/DEBUG] [net.minecraftforge.network.HandshakeHandler/FMLHANDSHAKE]: Sending ticking packet info 'com.tacz.guns.network.message.handshake.ServerMessageSyncedEntityDataMapping' to 'tacz:handshake' sequence 0
[16Oct2025 22:28:41.059] [Server thread/DEBUG] [net.minecraftforge.network.HandshakeHandler/FMLHANDSHAKE]: Sending ticking packet info 'net.minecraftforge.network.HandshakeMessages$S2CModData' to 'fml:handshake' sequence 1
[16Oct2025 22:28:41.109] [Server thread/DEBUG] [net.minecraftforge.network.HandshakeHandler/FMLHANDSHAKE]: Sending ticking packet info 'net.minecraftforge.network.HandshakeMessages$S2CModList' to 'fml:handshake' sequence 2
[16Oct2025 22:28:41.161] [Server thread/DEBUG] [net.minecraftforge.network.HandshakeHandler/FMLHANDSHAKE]: Sending ticking packet info 'Registry minecraft:command_argument_type' to 'fml:handshake' sequence 3
[16Oct2025 22:28:41.210] [Server thread/DEBUG] [net.minecraftforge.network.HandshakeHandler/FMLHANDSHAKE]: Sending ticking packet info 'Registry irons_spellbooks:schools' to 'fml:handshake' sequence 4
[16Oct2025 22:28:41.261] [Server thread/DEBUG] [net.minecraftforge.network.HandshakeHandler/FMLHANDSHAKE]: Sending ticking packet info 'Registry minecraft:villager_profession' to 'fml:handshake' sequence 5
[16Oct2025 22:28:41.313] [Server thread/DEBUG] [net.minecraftforge.network.HandshakeHandler/FMLHANDSHAKE]: Sending ticking packet info 'Registry minecraft:item' to 'fml:handshake' sequence 6
[16Oct2025 22:28:41.359] [Server thread/DEBUG] [net.minecraftforge.network.HandshakeHandler/FMLHANDSHAKE]: Sending ticking packet info 'Registry minecraft:potion' to 'fml:handshake' sequence 7
[16Oct2025 22:28:41.409] [Server thread/DEBUG] [net.minecraftforge.network.HandshakeHandler/FMLHANDSHAKE]: Sending ticking packet info 'Registry vampirism:refinement' to 'fml:handshake' sequence 8
[16Oct2025 22:28:41.460] [Server thread/DEBUG] [net.minecraftforge.network.HandshakeHandler/FMLHANDSHAKE]: Sending ticking packet info 'Registry minecraft:block_entity_type' to 'fml:handshake' sequence 9
[16Oct2025 22:28:41.508] [Server thread/DEBUG] [net.minecraftforge.network.HandshakeHandler/FMLHANDSHAKE]: Sending ticking packet info 'Registry forge:display_contexts' to 'fml:handshake' sequence 10
[16Oct2025 22:28:41.563] [Server thread/DEBUG] [net.minecraftforge.network.HandshakeHandler/FMLHANDSHAKE]: Sending ticking packet info 'Registry vampirism:task_unlocker' to 'fml:handshake' sequence 11
[16Oct2025 22:28:41.611] [Server thread/DEBUG] [net.minecraftforge.network.HandshakeHandler/FMLHANDSHAKE]: Sending ticking packet info 'Registry irons_spellbooks:spells' to 'fml:handshake' sequence 12
[16Oct2025 22:28:41.662] [Server thread/DEBUG] [net.minecraftforge.network.HandshakeHandler/FMLHANDSHAKE]: Sending ticking packet info 'Registry vampirism:miniontasks' to 'fml:handshake' sequence 13
[16Oct2025 22:28:41.709] [Server thread/DEBUG] [net.minecraftforge.network.HandshakeHandler/FMLHANDSHAKE]: Sending ticking packet info 'Registry minecraft:stat_type' to 'fml:handshake' sequence 14
[16Oct2025 22:28:41.764] [Server thread/DEBUG] [net.minecraftforge.network.HandshakeHandler/FMLHANDSHAKE]: Sending ticking packet info 'Registry vampirism:skills' to 'fml:handshake' sequence 15
[16Oct2025 22:28:41.810] [Server thread/DEBUG] [net.minecraftforge.network.HandshakeHandler/FMLHANDSHAKE]: Sending ticking packet info 'Registry minecraft:menu' to 'fml:handshake' sequence 16
[16Oct2025 22:28:41.859] [Server thread/DEBUG] [net.minecraftforge.network.HandshakeHandler/FMLHANDSHAKE]: Sending ticking packet info 'Registry vampirism:actions' to 'fml:handshake' sequence 17
[16Oct2025 22:28:41.911] [Server thread/DEBUG] [net.minecraftforge.network.HandshakeHandler/FMLHANDSHAKE]: Sending ticking packet info 'Registry vampirism:refinement_set' to 'fml:handshake' sequence 18
[16Oct2025 22:28:41.961] [Server thread/DEBUG] [net.minecraftforge.network.HandshakeHandler/FMLHANDSHAKE]: Sending ticking packet info 'Registry minecraft:fluid' to 'fml:handshake' sequence 19
[16Oct2025 22:28:42.009] [Server thread/DEBUG] [net.minecraftforge.network.HandshakeHandler/FMLHANDSHAKE]: Sending ticking packet info 'Registry vampirism:task_requirement' to 'fml:handshake' sequence 20
[16Oct2025 22:28:42.058] [Server thread/DEBUG] [net.minecraftforge.network.HandshakeHandler/FMLHANDSHAKE]: Sending ticking packet info 'Registry minecraft:recipe_serializer' to 'fml:handshake' sequence 21
[16Oct2025 22:28:42.108] [Server thread/DEBUG] [net.minecraftforge.network.HandshakeHandler/FMLHANDSHAKE]: Sending ticking packet info 'Registry minecraft:sound_event' to 'fml:handshake' sequence 22
[16Oct2025 22:28:42.160] [Server thread/DEBUG] [net.minecraftforge.network.HandshakeHandler/FMLHANDSHAKE]: Sending ticking packet info 'Registry minecraft:particle_type' to 'fml:handshake' sequence 23
[16Oct2025 22:28:42.209] [Server thread/DEBUG] [net.minecraftforge.network.HandshakeHandler/FMLHANDSHAKE]: Sending ticking packet info 'Registry minecraft:painting_variant' to 'fml:handshake' sequence 24
[16Oct2025 22:28:42.261] [Server thread/DEBUG] [net.minecraftforge.network.HandshakeHandler/FMLHANDSHAKE]: Sending ticking packet info 'Registry forge:fluid_type' to 'fml:handshake' sequence 25
[16Oct2025 22:28:42.308] [Server thread/DEBUG] [net.minecraftforge.network.HandshakeHandler/FMLHANDSHAKE]: Sending ticking packet info 'Registry minecraft:block' to 'fml:handshake' sequence 26
[16Oct2025 22:28:42.362] [Server thread/DEBUG] [net.minecraftforge.network.HandshakeHandler/FMLHANDSHAKE]: Sending ticking packet info 'Registry forge:entity_data_serializers' to 'fml:handshake' sequence 27
[16Oct2025 22:28:42.408] [Server thread/DEBUG] [net.minecraftforge.network.HandshakeHandler/FMLHANDSHAKE]: Sending ticking packet info 'Registry vampirism:task_reward' to 'fml:handshake' sequence 28
[16Oct2025 22:28:42.461] [Server thread/DEBUG] [net.minecraftforge.network.HandshakeHandler/FMLHANDSHAKE]: Sending ticking packet info 'Registry vampirism:oil' to 'fml:handshake' sequence 29
[16Oct2025 22:28:42.508] [Server thread/DEBUG] [net.minecraftforge.network.HandshakeHandler/FMLHANDSHAKE]: Sending ticking packet info 'Registry vampirism:converting_handler' to 'fml:handshake' sequence 30
[16Oct2025 22:28:42.560] [Server thread/DEBUG] [net.minecraftforge.network.HandshakeHandler/FMLHANDSHAKE]: Sending ticking packet info 'Registry minecraft:mob_effect' to 'fml:handshake' sequence 31
[16Oct2025 22:28:42.608] [Server thread/DEBUG] [net.minecraftforge.network.HandshakeHandler/FMLHANDSHAKE]: Sending ticking packet info 'Registry vampirism:entityactions' to 'fml:handshake' sequence 32
[16Oct2025 22:28:42.667] [Server thread/DEBUG] [net.minecraftforge.network.HandshakeHandler/FMLHANDSHAKE]: Sending ticking packet info 'Registry tombstone:perks' to 'fml:handshake' sequence 33
[16Oct2025 22:28:42.712] [Server thread/DEBUG] [net.minecraftforge.network.HandshakeHandler/FMLHANDSHAKE]: Sending ticking packet info 'Registry minecraft:enchantment' to 'fml:handshake' sequence 34
[16Oct2025 22:28:42.764] [Server thread/DEBUG] [net.minecraftforge.network.HandshakeHandler/FMLHANDSHAKE]: Sending ticking packet info 'Registry vampirism:task_reward_instance' to 'fml:handshake' sequence 35
[16Oct2025 22:28:42.810] [Server thread/DEBUG] [net.minecraftforge.network.HandshakeHandler/FMLHANDSHAKE]: Sending ticking packet info 'Registry minecraft:entity_type' to 'fml:handshake' sequence 36
[16Oct2025 22:28:42.859] [Server thread/DEBUG] [net.minecraftforge.network.HandshakeHandler/FMLHANDSHAKE]: Sending ticking packet info 'Config curios-server.toml' to 'fml:handshake' sequence 37
[16Oct2025 22:28:42.908] [Server thread/DEBUG] [net.minecraftforge.network.HandshakeHandler/FMLHANDSHAKE]: Sending ticking packet info 'Config irons_spellbooks-server.toml' to 'fml:handshake' sequence 38
[16Oct2025 22:28:42.966] [Server thread/DEBUG] [net.minecraftforge.network.HandshakeHandler/FMLHANDSHAKE]: Sending ticking packet info 'Config tombstone-server.toml' to 'fml:handshake' sequence 39
[16Oct2025 22:28:43.011] [Server thread/DEBUG] [net.minecraftforge.network.HandshakeHandler/FMLHANDSHAKE]: Sending ticking packet info 'Config vampirism-server.toml' to 'fml:handshake' sequence 40
[16Oct2025 22:28:43.059] [Server thread/DEBUG] [net.minecraftforge.network.HandshakeHandler/FMLHANDSHAKE]: Sending ticking packet info 'Config sophisticatedbackpacks-server.toml' to 'fml:handshake' sequence 41
[16Oct2025 22:28:43.110] [Server thread/DEBUG] [net.minecraftforge.network.HandshakeHandler/FMLHANDSHAKE]: Sending ticking packet info 'Config vampirism-balance.toml' to 'fml:handshake' sequence 42
[16Oct2025 22:28:43.162] [Server thread/DEBUG] [net.minecraftforge.network.HandshakeHandler/FMLHANDSHAKE]: Sending ticking packet info 'Config jei-server.toml' to 'fml:handshake' sequence 43
[16Oct2025 22:28:43.213] [Server thread/DEBUG] [net.minecraftforge.network.HandshakeHandler/FMLHANDSHAKE]: Sending ticking packet info 'Config tacz-server.toml' to 'fml:handshake' sequence 44
[16Oct2025 22:28:43.261] [Server thread/DEBUG] [net.minecraftforge.network.HandshakeHandler/FMLHANDSHAKE]: Sending ticking packet info 'Config forge-server.toml' to 'fml:handshake' sequence 45
[16Oct2025 22:28:45.517] [Server thread/INFO] [net.minecraft.server.network.ServerLoginPacketListenerImpl/]: com.mojang.authlib.GameProfile@7a7c9034[id=<null>,name=Danielbox123,properties={},legacy=false] (/127.132.121.186:51821) lost connection: Disconnected
[16Oct2025 22:28:48.099] [Netty Epoll Server IO #0/DEBUG] [net.minecraftforge.network.HandshakeHandler/FMLHANDSHAKE]: Starting new modded impl connection. Found 46 messages to dispatch.
[16Oct2025 22:28:48.111] [Server thread/DEBUG] [net.minecraftforge.network.HandshakeHandler/FMLHANDSHAKE]: Sending ticking packet info 'com.tacz.guns.network.message.handshake.ServerMessageSyncedEntityDataMapping' to 'tacz:handshake' sequence 0
[16Oct2025 22:28:48.159] [Server thread/DEBUG] [net.minecraftforge.network.HandshakeHandler/FMLHANDSHAKE]: Sending ticking packet info 'net.minecraftforge.network.HandshakeMessages$S2CModData' to 'fml:handshake' sequence 1
[16Oct2025 22:28:48.221] [Server thread/DEBUG] [net.minecraftforge.network.HandshakeHandler/FMLHANDSHAKE]: Sending ticking packet info 'net.minecraftforge.network.HandshakeMessages$S2CModList' to 'fml:handshake' sequence 2
[16Oct2025 22:28:48.263] [Server thread/DEBUG] [net.minecraftforge.network.HandshakeHandler/FMLHANDSHAKE]: Sending ticking packet info 'Registry minecraft:command_argument_type' to 'fml:handshake' sequence 3
[16Oct2025 22:28:48.310] [Server thread/DEBUG] [net.minecraftforge.network.HandshakeHandler/FMLHANDSHAKE]: Sending ticking packet info 'Registry irons_spellbooks:schools' to 'fml:handshake' sequence 4
[16Oct2025 22:28:48.361] [Server thread/DEBUG] [net.minecraftforge.network.HandshakeHandler/FMLHANDSHAKE]: Sending ticking packet info 'Registry minecraft:villager_profession' to 'fml:handshake' sequence 5
[16Oct2025 22:28:48.409] [Server thread/DEBUG] [net.minecraftforge.network.HandshakeHandler/FMLHANDSHAKE]: Sending ticking packet info 'Registry minecraft:item' to 'fml:handshake' sequence 6
[16Oct2025 22:28:48.463] [Server thread/DEBUG] [net.minecraftforge.network.HandshakeHandler/FMLHANDSHAKE]: Sending ticking packet info 'Registry minecraft:potion' to 'fml:handshake' sequence 7
[16Oct2025 22:28:48.511] [Server thread/DEBUG] [net.minecraftforge.network.HandshakeHandler/FMLHANDSHAKE]: Sending ticking packet info 'Registry vampirism:refinement' to 'fml:handshake' sequence 8
[16Oct2025 22:28:48.563] [Server thread/DEBUG] [net.minecraftforge.network.HandshakeHandler/FMLHANDSHAKE]: Sending ticking packet info 'Registry minecraft:block_entity_type' to 'fml:handshake' sequence 9
[16Oct2025 22:28:48.609] [Server thread/DEBUG] [net.minecraftforge.network.HandshakeHandler/FMLHANDSHAKE]: Sending ticking packet info 'Registry forge:display_contexts' to 'fml:handshake' sequence 10
[16Oct2025 22:28:48.665] [Server thread/DEBUG] [net.minecraftforge.network.HandshakeHandler/FMLHANDSHAKE]: Sending ticking packet info 'Registry vampirism:task_unlocker' to 'fml:handshake' sequence 11
[16Oct2025 22:28:48.709] [Server thread/DEBUG] [net.minecraftforge.network.HandshakeHandler/FMLHANDSHAKE]: Sending ticking packet info 'Registry irons_spellbooks:spells' to 'fml:handshake' sequence 12
[16Oct2025 22:28:48.762] [Server thread/DEBUG] [net.minecraftforge.network.HandshakeHandler/FMLHANDSHAKE]: Sending ticking packet info 'Registry vampirism:miniontasks' to 'fml:handshake' sequence 13
[16Oct2025 22:28:48.815] [Server thread/DEBUG] [net.minecraftforge.network.HandshakeHandler/FMLHANDSHAKE]: Sending ticking packet info 'Registry minecraft:stat_type' to 'fml:handshake' sequence 14
[16Oct2025 22:28:48.866] [Server thread/DEBUG] [net.minecraftforge.network.HandshakeHandler/FMLHANDSHAKE]: Sending ticking packet info 'Registry vampirism:skills' to 'fml:handshake' sequence 15
[16Oct2025 22:28:48.907] [Server thread/DEBUG] [net.minecraftforge.network.HandshakeHandler/FMLHANDSHAKE]: Sending ticking packet info 'Registry minecraft:menu' to 'fml:handshake' sequence 16
[16Oct2025 22:28:48.962] [Server thread/DEBUG] [net.minecraftforge.network.HandshakeHandler/FMLHANDSHAKE]: Sending ticking packet info 'Registry vampirism:actions' to 'fml:handshake' sequence 17
[16Oct2025 22:28:49.010] [Server thread/DEBUG] [net.minecraftforge.network.HandshakeHandler/FMLHANDSHAKE]: Sending ticking packet info 'Registry vampirism:refinement_set' to 'fml:handshake' sequence 18
[16Oct2025 22:28:49.062] [Server thread/DEBUG] [net.minecraftforge.network.HandshakeHandler/FMLHANDSHAKE]: Sending ticking packet info 'Registry minecraft:fluid' to 'fml:handshake' sequence 19
[16Oct2025 22:28:49.115] [Server thread/DEBUG] [net.minecraftforge.network.HandshakeHandler/FMLHANDSHAKE]: Sending ticking packet info 'Registry vampirism:task_requirement' to 'fml:handshake' sequence 20
[16Oct2025 22:28:49.161] [Server thread/DEBUG] [net.minecraftforge.network.HandshakeHandler/FMLHANDSHAKE]: Sending ticking packet info 'Registry minecraft:recipe_serializer' to 'fml:handshake' sequence 21
[16Oct2025 22:28:49.210] [Server thread/DEBUG] [net.minecraftforge.network.HandshakeHandler/FMLHANDSHAKE]: Sending ticking packet info 'Registry minecraft:sound_event' to 'fml:handshake' sequence 22
[16Oct2025 22:28:49.261] [Server thread/DEBUG] [net.minecraftforge.network.HandshakeHandler/FMLHANDSHAKE]: Sending ticking packet info 'Registry minecraft:particle_type' to 'fml:handshake' sequence 23
[16Oct2025 22:28:49.311] [Server thread/DEBUG] [net.minecraftforge.network.HandshakeHandler/FMLHANDSHAKE]: Sending ticking packet info 'Registry minecraft:painting_variant' to 'fml:handshake' sequence 24
[16Oct2025 22:28:49.362] [Server thread/DEBUG] [net.minecraftforge.network.HandshakeHandler/FMLHANDSHAKE]: Sending ticking packet info 'Registry forge:fluid_type' to 'fml:handshake' sequence 25
[16Oct2025 22:28:49.408] [Server thread/DEBUG] [net.minecraftforge.network.HandshakeHandler/FMLHANDSHAKE]: Sending ticking packet info 'Registry minecraft:block' to 'fml:handshake' sequence 26
[16Oct2025 22:28:49.462] [Server thread/DEBUG] [net.minecraftforge.network.HandshakeHandler/FMLHANDSHAKE]: Sending ticking packet info 'Registry forge:entity_data_serializers' to 'fml:handshake' sequence 27
[16Oct2025 22:28:49.510] [Server thread/DEBUG] [net.minecraftforge.network.HandshakeHandler/FMLHANDSHAKE]: Sending ticking packet info 'Registry vampirism:task_reward' to 'fml:handshake' sequence 28
[16Oct2025 22:28:49.559] [Server thread/DEBUG] [net.minecraftforge.network.HandshakeHandler/FMLHANDSHAKE]: Sending ticking packet info 'Registry vampirism:oil' to 'fml:handshake' sequence 29
[16Oct2025 22:28:49.610] [Server thread/DEBUG] [net.minecraftforge.network.HandshakeHandler/FMLHANDSHAKE]: Sending ticking packet info 'Registry vampirism:converting_handler' to 'fml:handshake' sequence 30
[16Oct2025 22:28:49.660] [Server thread/DEBUG] [net.minecraftforge.network.HandshakeHandler/FMLHANDSHAKE]: Sending ticking packet info 'Registry minecraft:mob_effect' to 'fml:handshake' sequence 31
[16Oct2025 22:28:49.709] [Server thread/DEBUG] [net.minecraftforge.network.HandshakeHandler/FMLHANDSHAKE]: Sending ticking packet info 'Registry vampirism:entityactions' to 'fml:handshake' sequence 32
[16Oct2025 22:28:49.762] [Server thread/DEBUG] [net.minecraftforge.network.HandshakeHandler/FMLHANDSHAKE]: Sending ticking packet info 'Registry tombstone:perks' to 'fml:handshake' sequence 33
[16Oct2025 22:28:49.811] [Server thread/DEBUG] [net.minecraftforge.network.HandshakeHandler/FMLHANDSHAKE]: Sending ticking packet info 'Registry minecraft:enchantment' to 'fml:handshake' sequence 34
[16Oct2025 22:28:49.864] [Server thread/DEBUG] [net.minecraftforge.network.HandshakeHandler/FMLHANDSHAKE]: Sending ticking packet info 'Registry vampirism:task_reward_instance' to 'fml:handshake' sequence 35
[16Oct2025 22:28:49.908] [Server thread/DEBUG] [net.minecraftforge.network.HandshakeHandler/FMLHANDSHAKE]: Sending ticking packet info 'Registry minecraft:entity_type' to 'fml:handshake' sequence 36
[16Oct2025 22:28:49.961] [Server thread/DEBUG] [net.minecraftforge.network.HandshakeHandler/FMLHANDSHAKE]: Sending ticking packet info 'Config curios-server.toml' to 'fml:handshake' sequence 37
[16Oct2025 22:28:50.011] [Server thread/DEBUG] [net.minecraftforge.network.HandshakeHandler/FMLHANDSHAKE]: Sending ticking packet info 'Config irons_spellbooks-server.toml' to 'fml:handshake' sequence 38
[16Oct2025 22:28:50.064] [Server thread/DEBUG] [net.minecraftforge.network.HandshakeHandler/FMLHANDSHAKE]: Sending ticking packet info 'Config tombstone-server.toml' to 'fml:handshake' sequence 39
[16Oct2025 22:28:50.110] [Server thread/DEBUG] [net.minecraftforge.network.HandshakeHandler/FMLHANDSHAKE]: Sending ticking packet info 'Config vampirism-server.toml' to 'fml:handshake' sequence 40
[16Oct2025 22:28:50.161] [Server thread/DEBUG] [net.minecraftforge.network.HandshakeHandler/FMLHANDSHAKE]: Sending ticking packet info 'Config sophisticatedbackpacks-server.toml' to 'fml:handshake' sequence 41
[16Oct2025 22:28:50.215] [Server thread/DEBUG] [net.minecraftforge.network.HandshakeHandler/FMLHANDSHAKE]: Sending ticking packet info 'Config vampirism-balance.toml' to 'fml:handshake' sequence 42
[16Oct2025 22:28:50.259] [Server thread/DEBUG] [net.minecraftforge.network.HandshakeHandler/FMLHANDSHAKE]: Sending ticking packet info 'Config jei-server.toml' to 'fml:handshake' sequence 43
[16Oct2025 22:28:50.315] [Server thread/DEBUG] [net.minecraftforge.network.HandshakeHandler/FMLHANDSHAKE]: Sending ticking packet info 'Config tacz-server.toml' to 'fml:handshake' sequence 44
[16Oct2025 22:28:50.362] [Server thread/DEBUG] [net.minecraftforge.network.HandshakeHandler/FMLHANDSHAKE]: Sending ticking packet info 'Config forge-server.toml' to 'fml:handshake' sequence 45
[16Oct2025 22:29:11.264] [Server thread/INFO] [net.minecraft.server.network.ServerLoginPacketListenerImpl/]: com.mojang.authlib.GameProfile@483d4d37[id=<null>,name=Danielbox123,properties={},legacy=false] (/127.132.121.186:60551) lost connection: Disconnected
[16Oct2025 22:29:13.140] [Netty Epoll Server IO #1/DEBUG] [net.minecraftforge.network.HandshakeHandler/FMLHANDSHAKE]: Starting new modded impl connection. Found 46 messages to dispatch.
[16Oct2025 22:29:13.165] [Server thread/DEBUG] [net.minecraftforge.network.HandshakeHandler/FMLHANDSHAKE]: Sending ticking packet info 'com.tacz.guns.network.message.handshake.ServerMessageSyncedEntityDataMapping' to 'tacz:handshake' sequence 0
[16Oct2025 22:29:13.214] [Server thread/DEBUG] [net.minecraftforge.network.HandshakeHandler/FMLHANDSHAKE]: Sending ticking packet info 'net.minecraftforge.network.HandshakeMessages$S2CModData' to 'fml:handshake' sequence 1
[16Oct2025 22:29:13.259] [Server thread/DEBUG] [net.minecraftforge.network.HandshakeHandler/FMLHANDSHAKE]: Sending ticking packet info 'net.minecraftforge.network.HandshakeMessages$S2CModList' to 'fml:handshake' sequence 2
[16Oct2025 22:29:13.306] [Netty Epoll Server IO #1/DEBUG] [net.minecraftforge.network.LoginWrapper/FMLHANDSHAKE]: Recieved login wrapper packet event for channel tacz:handshake with index 0
[16Oct2025 22:29:13.306] [Netty Epoll Server IO #1/DEBUG] [net.minecraftforge.network.HandshakeHandler/FMLHANDSHAKE]: Received client indexed reply 0 of type com.tacz.guns.network.message.handshake.Acknowledge
[16Oct2025 22:29:13.306] [Netty Epoll Server IO #1/DEBUG] [tacz/HANDSHAKE_ACKNOWLEDGE]: Received acknowledgement from client
[16Oct2025 22:29:13.312] [Server thread/DEBUG] [net.minecraftforge.network.HandshakeHandler/FMLHANDSHAKE]: Sending ticking packet info 'Registry minecraft:command_argument_type' to 'fml:handshake' sequence 3
[16Oct2025 22:29:13.358] [Server thread/DEBUG] [net.minecraftforge.network.HandshakeHandler/FMLHANDSHAKE]: Sending ticking packet info 'Registry irons_spellbooks:schools' to 'fml:handshake' sequence 4
[16Oct2025 22:29:13.386] [Netty Epoll Server IO #1/DEBUG] [net.minecraftforge.network.LoginWrapper/FMLHANDSHAKE]: Recieved login wrapper packet event for channel fml:handshake with index 2
[16Oct2025 22:29:13.386] [Netty Epoll Server IO #1/DEBUG] [net.minecraftforge.network.HandshakeHandler/FMLHANDSHAKE]: Received client indexed reply 2 of type net.minecraftforge.network.HandshakeMessages$C2SModListReply
[16Oct2025 22:29:13.386] [Netty Epoll Server IO #1/DEBUG] [net.minecraftforge.network.HandshakeHandler/FMLHANDSHAKE]: Received client connection with modlist [minecraft, immersiveui, trade_cycling, pick_up_tnt, mcef, geckolib, playeranimator, jei, tacz, a_good_place, caelus, sophisticatedcore, iceberg, curios, legendarytooltips, xaerominimap, xaeroworldmap, prism, citadel, alexscaves, irons_spellbooks, aaa_particles, mixinextras, tombstone, sophisticatedbackpacks, coroutil, architectury, octolib, aaa_particles_world, vampirism, teamlapenlib, iceandfire, crucifix, watut, forge, tlskincape, webdisplays, endermail]
[16Oct2025 22:29:13.386] [Netty Epoll Server IO #1/DEBUG] [net.minecraftforge.network.NetworkRegistry/NETREGISTRY]: Channel 'teamlapenlib:main' : Version test of '1' from client : ACCEPTED
[16Oct2025 22:29:13.386] [Netty Epoll Server IO #1/DEBUG] [net.minecraftforge.network.NetworkRegistry/NETREGISTRY]: Channel 'watut:main' : Version test of '4' from client : ACCEPTED
[16Oct2025 22:29:13.386] [Netty Epoll Server IO #1/DEBUG] [net.minecraftforge.network.NetworkRegistry/NETREGISTRY]: Channel 'alexscaves:main_channel' : Version test of '1' from client : ACCEPTED
[16Oct2025 22:29:13.386] [Netty Epoll Server IO #1/DEBUG] [net.minecraftforge.network.NetworkRegistry/NETREGISTRY]: Channel 'architectury:network' : Version test of '1' from client : ACCEPTED
[16Oct2025 22:29:13.386] [Netty Epoll Server IO #1/DEBUG] [net.minecraftforge.network.NetworkRegistry/NETREGISTRY]: Channel 'endermail:endermail' : Version test of '1.0' from client : ACCEPTED
[16Oct2025 22:29:13.386] [Netty Epoll Server IO #1/DEBUG] [net.minecraftforge.network.NetworkRegistry/NETREGISTRY]: Channel 'webdisplays:packetsystem' : Version test of '2' from client : ACCEPTED
[16Oct2025 22:29:13.386] [Netty Epoll Server IO #1/DEBUG] [net.minecraftforge.network.NetworkRegistry/NETREGISTRY]: Channel 'jei:channel' : Version test of '1.0.0' from client : ACCEPTED
[16Oct2025 22:29:13.386] [Netty Epoll Server IO #1/DEBUG] [net.minecraftforge.network.NetworkRegistry/NETREGISTRY]: Channel 'minecraft:unregister' : Version test of 'FML3' from client : ACCEPTED
[16Oct2025 22:29:13.386] [Netty Epoll Server IO #1/DEBUG] [net.minecraftforge.network.NetworkRegistry/NETREGISTRY]: Channel 'sophisticatedbackpacks:channel' : Version test of '1' from client : ACCEPTED
[16Oct2025 22:29:13.386] [Netty Epoll Server IO #1/DEBUG] [net.minecraftforge.network.NetworkRegistry/NETREGISTRY]: Channel 'citadel:main_channel' : Version test of '1' from client : ACCEPTED
[16Oct2025 22:29:13.387] [Netty Epoll Server IO #1/DEBUG] [net.minecraftforge.network.NetworkRegistry/NETREGISTRY]: Channel 'iceandfire:main_channel' : Version test of '1' from client : ACCEPTED
[16Oct2025 22:29:13.387] [Netty Epoll Server IO #1/DEBUG] [net.minecraftforge.network.NetworkRegistry/NETREGISTRY]: Channel 'trade_cycling:cycle_trades' : Version test of 'ALLOWVANILLA 💓💓💓' from client : ACCEPTED
[16Oct2025 22:29:13.387] [Netty Epoll Server IO #1/DEBUG] [net.minecraftforge.network.NetworkRegistry/NETREGISTRY]: Channel 'tacz:handshake' : Version test of '1.0.4' from client : ACCEPTED
[16Oct2025 22:29:13.387] [Netty Epoll Server IO #1/DEBUG] [net.minecraftforge.network.NetworkRegistry/NETREGISTRY]: Channel 'curios:main' : Version test of '1' from client : ACCEPTED
[16Oct2025 22:29:13.387] [Netty Epoll Server IO #1/DEBUG] [net.minecraftforge.network.NetworkRegistry/NETREGISTRY]: Channel 'irons_spellbooks:messages' : Version test of '1.0' from client : ACCEPTED
[16Oct2025 22:29:13.387] [Netty Epoll Server IO #1/DEBUG] [net.minecraftforge.network.NetworkRegistry/NETREGISTRY]: Channel 'fml:loginwrapper' : Version test of 'FML3' from client : ACCEPTED
[16Oct2025 22:29:13.387] [Netty Epoll Server IO #1/DEBUG] [net.minecraftforge.network.NetworkRegistry/NETREGISTRY]: Channel 'forge:tier_sorting' : Version test of '1.0' from client : ACCEPTED
[16Oct2025 22:29:13.387] [Netty Epoll Server IO #1/DEBUG] [net.minecraftforge.network.NetworkRegistry/NETREGISTRY]: Channel 'crucifix:crucifix' : Version test of '1' from client : ACCEPTED
[16Oct2025 22:29:13.387] [Netty Epoll Server IO #1/DEBUG] [net.minecraftforge.network.NetworkRegistry/NETREGISTRY]: Channel 'tombstone:tombstone_channel' : Version test of 'tombstone-9.0.9' from client : ACCEPTED
[16Oct2025 22:29:13.387] [Netty Epoll Server IO #1/DEBUG] [net.minecraftforge.network.NetworkRegistry/NETREGISTRY]: Channel 'fml:play' : Version test of 'FML3' from client : ACCEPTED
[16Oct2025 22:29:13.387] [Netty Epoll Server IO #1/DEBUG] [net.minecraftforge.network.NetworkRegistry/NETREGISTRY]: Channel 'sophisticatedcore:channel' : Version test of '1' from client : ACCEPTED
[16Oct2025 22:29:13.387] [Netty Epoll Server IO #1/DEBUG] [net.minecraftforge.network.NetworkRegistry/NETREGISTRY]: Channel 'caelus:main' : Version test of '1' from client : ACCEPTED
[16Oct2025 22:29:13.387] [Netty Epoll Server IO #1/DEBUG] [net.minecraftforge.network.NetworkRegistry/NETREGISTRY]: Channel 'fml:handshake' : Version test of 'FML3' from client : ACCEPTED
[16Oct2025 22:29:13.387] [Netty Epoll Server IO #1/DEBUG] [net.minecraftforge.network.NetworkRegistry/NETREGISTRY]: Channel 'vampirism:main' : Version test of '1' from client : ACCEPTED
[16Oct2025 22:29:13.387] [Netty Epoll Server IO #1/DEBUG] [net.minecraftforge.network.NetworkRegistry/NETREGISTRY]: Channel 'minecraft:register' : Version test of 'FML3' from client : ACCEPTED
[16Oct2025 22:29:13.387] [Netty Epoll Server IO #1/DEBUG] [net.minecraftforge.network.NetworkRegistry/NETREGISTRY]: Channel 'forge:split' : Version test of '1.1' from client : ACCEPTED
[16Oct2025 22:29:13.387] [Netty Epoll Server IO #1/DEBUG] [net.minecraftforge.network.NetworkRegistry/NETREGISTRY]: Channel 'tacz:network' : Version test of '1.0.4' from client : ACCEPTED
[16Oct2025 22:29:13.387] [Netty Epoll Server IO #1/DEBUG] [net.minecraftforge.network.NetworkRegistry/NETREGISTRY]: Channel 'geckolib:main' : Version test of '1' from client : ACCEPTED
[16Oct2025 22:29:13.387] [Netty Epoll Server IO #1/DEBUG] [net.minecraftforge.network.NetworkRegistry/NETREGISTRY]: Accepting channel list from client
[16Oct2025 22:29:13.387] [Netty Epoll Server IO #1/DEBUG] [net.minecraftforge.network.HandshakeHandler/FMLHANDSHAKE]: Accepted client connection mod list
[16Oct2025 22:29:13.411] [Server thread/DEBUG] [net.minecraftforge.network.HandshakeHandler/FMLHANDSHAKE]: Sending ticking packet info 'Registry minecraft:villager_profession' to 'fml:handshake' sequence 5
[16Oct2025 22:29:13.439] [Netty Epoll Server IO #1/DEBUG] [net.minecraftforge.network.LoginWrapper/FMLHANDSHAKE]: Recieved login wrapper packet event for channel fml:handshake with index 3
[16Oct2025 22:29:13.439] [Netty Epoll Server IO #1/DEBUG] [net.minecraftforge.network.HandshakeHandler/FMLHANDSHAKE]: Received client indexed reply 3 of type net.minecraftforge.network.HandshakeMessages$C2SAcknowledge
[16Oct2025 22:29:13.440] [Netty Epoll Server IO #1/DEBUG] [net.minecraftforge.network.HandshakeHandler/FMLHANDSHAKE]: Received acknowledgement from client
[16Oct2025 22:29:13.463] [Server thread/DEBUG] [net.minecraftforge.network.HandshakeHandler/FMLHANDSHAKE]: Sending ticking packet info 'Registry minecraft:item' to 'fml:handshake' sequence 6
[16Oct2025 22:29:13.485] [Netty Epoll Server IO #1/DEBUG] [net.minecraftforge.network.LoginWrapper/FMLHANDSHAKE]: Recieved login wrapper packet event for channel fml:handshake with index 4
[16Oct2025 22:29:13.485] [Netty Epoll Server IO #1/DEBUG] [net.minecraftforge.network.HandshakeHandler/FMLHANDSHAKE]: Received client indexed reply 4 of type net.minecraftforge.network.HandshakeMessages$C2SAcknowledge
[16Oct2025 22:29:13.485] [Netty Epoll Server IO #1/DEBUG] [net.minecraftforge.network.HandshakeHandler/FMLHANDSHAKE]: Received acknowledgement from client
[16Oct2025 22:29:13.508] [Server thread/DEBUG] [net.minecraftforge.network.HandshakeHandler/FMLHANDSHAKE]: Sending ticking packet info 'Registry minecraft:potion' to 'fml:handshake' sequence 7
[16Oct2025 22:29:13.538] [Netty Epoll Server IO #1/DEBUG] [net.minecraftforge.network.LoginWrapper/FMLHANDSHAKE]: Recieved login wrapper packet event for channel fml:handshake with index 5
[16Oct2025 22:29:13.538] [Netty Epoll Server IO #1/DEBUG] [net.minecraftforge.network.HandshakeHandler/FMLHANDSHAKE]: Received client indexed reply 5 of type net.minecraftforge.network.HandshakeMessages$C2SAcknowledge
[16Oct2025 22:29:13.539] [Netty Epoll Server IO #1/DEBUG] [net.minecraftforge.network.HandshakeHandler/FMLHANDSHAKE]: Received acknowledgement from client
[16Oct2025 22:29:13.562] [Server thread/DEBUG] [net.minecraftforge.network.HandshakeHandler/FMLHANDSHAKE]: Sending ticking packet info 'Registry vampirism:refinement' to 'fml:handshake' sequence 8
[16Oct2025 22:29:13.611] [Server thread/DEBUG] [net.minecraftforge.network.HandshakeHandler/FMLHANDSHAKE]: Sending ticking packet info 'Registry minecraft:block_entity_type' to 'fml:handshake' sequence 9
[16Oct2025 22:29:13.660] [Server thread/DEBUG] [net.minecraftforge.network.HandshakeHandler/FMLHANDSHAKE]: Sending ticking packet info 'Registry forge:display_contexts' to 'fml:handshake' sequence 10
[16Oct2025 22:29:13.711] [Server thread/DEBUG] [net.minecraftforge.network.HandshakeHandler/FMLHANDSHAKE]: Sending ticking packet info 'Registry vampirism:task_unlocker' to 'fml:handshake' sequence 11
[16Oct2025 22:29:13.760] [Server thread/DEBUG] [net.minecraftforge.network.HandshakeHandler/FMLHANDSHAKE]: Sending ticking packet info 'Registry irons_spellbooks:spells' to 'fml:handshake' sequence 12
[16Oct2025 22:29:13.808] [Server thread/DEBUG] [net.minecraftforge.network.HandshakeHandler/FMLHANDSHAKE]: Sending ticking packet info 'Registry vampirism:miniontasks' to 'fml:handshake' sequence 13
[16Oct2025 22:29:13.878] [Server thread/DEBUG] [net.minecraftforge.network.HandshakeHandler/FMLHANDSHAKE]: Sending ticking packet info 'Registry minecraft:stat_type' to 'fml:handshake' sequence 14
[16Oct2025 22:29:13.917] [Server thread/DEBUG] [net.minecraftforge.network.HandshakeHandler/FMLHANDSHAKE]: Sending ticking packet info 'Registry vampirism:skills' to 'fml:handshake' sequence 15
[16Oct2025 22:29:13.920] [Netty Epoll Server IO #1/DEBUG] [net.minecraftforge.network.LoginWrapper/FMLHANDSHAKE]: Recieved login wrapper packet event for channel fml:handshake with index 6
[16Oct2025 22:29:13.920] [Netty Epoll Server IO #1/DEBUG] [net.minecraftforge.network.HandshakeHandler/FMLHANDSHAKE]: Received client indexed reply 6 of type net.minecraftforge.network.HandshakeMessages$C2SAcknowledge
[16Oct2025 22:29:13.920] [Netty Epoll Server IO #1/DEBUG] [net.minecraftforge.network.HandshakeHandler/FMLHANDSHAKE]: Received acknowledgement from client
[16Oct2025 22:29:13.921] [Netty Epoll Server IO #1/DEBUG] [net.minecraftforge.network.LoginWrapper/FMLHANDSHAKE]: Recieved login wrapper packet event for channel fml:handshake with index 7
[16Oct2025 22:29:13.921] [Netty Epoll Server IO #1/DEBUG] [net.minecraftforge.network.HandshakeHandler/FMLHANDSHAKE]: Received client indexed reply 7 of type net.minecraftforge.network.HandshakeMessages$C2SAcknowledge
[16Oct2025 22:29:13.921] [Netty Epoll Server IO #1/DEBUG] [net.minecraftforge.network.HandshakeHandler/FMLHANDSHAKE]: Received acknowledgement from client
[16Oct2025 22:29:13.921] [Netty Epoll Server IO #1/DEBUG] [net.minecraftforge.network.LoginWrapper/FMLHANDSHAKE]: Recieved login wrapper packet event for channel fml:handshake with index 8
[16Oct2025 22:29:13.921] [Netty Epoll Server IO #1/DEBUG] [net.minecraftforge.network.HandshakeHandler/FMLHANDSHAKE]: Received client indexed reply 8 of type net.minecraftforge.network.HandshakeMessages$C2SAcknowledge
[16Oct2025 22:29:13.921] [Netty Epoll Server IO #1/DEBUG] [net.minecraftforge.network.HandshakeHandler/FMLHANDSHAKE]: Received acknowledgement from client
[16Oct2025 22:29:13.966] [Server thread/DEBUG] [net.minecraftforge.network.HandshakeHandler/FMLHANDSHAKE]: Sending ticking packet info 'Registry minecraft:menu' to 'fml:handshake' sequence 16
[16Oct2025 22:29:13.977] [Netty Epoll Server IO #1/DEBUG] [net.minecraftforge.network.LoginWrapper/FMLHANDSHAKE]: Recieved login wrapper packet event for channel fml:handshake with index 9
[16Oct2025 22:29:13.977] [Netty Epoll Server IO #1/DEBUG] [net.minecraftforge.network.HandshakeHandler/FMLHANDSHAKE]: Received client indexed reply 9 of type net.minecraftforge.network.HandshakeMessages$C2SAcknowledge
[16Oct2025 22:29:13.977] [Netty Epoll Server IO #1/DEBUG] [net.minecraftforge.network.HandshakeHandler/FMLHANDSHAKE]: Received acknowledgement from client
[16Oct2025 22:29:13.977] [Netty Epoll Server IO #1/DEBUG] [net.minecraftforge.network.LoginWrapper/FMLHANDSHAKE]: Recieved login wrapper packet event for channel fml:handshake with index 10
[16Oct2025 22:29:13.977] [Netty Epoll Server IO #1/DEBUG] [net.minecraftforge.network.HandshakeHandler/FMLHANDSHAKE]: Received client indexed reply 10 of type net.minecraftforge.network.HandshakeMessages$C2SAcknowledge
[16Oct2025 22:29:13.977] [Netty Epoll Server IO #1/DEBUG] [net.minecraftforge.network.HandshakeHandler/FMLHANDSHAKE]: Received acknowledgement from client
[16Oct2025 22:29:13.977] [Netty Epoll Server IO #1/DEBUG] [net.minecraftforge.network.LoginWrapper/FMLHANDSHAKE]: Recieved login wrapper packet event for channel fml:handshake with index 11
[16Oct2025 22:29:13.977] [Netty Epoll Server IO #1/DEBUG] [net.minecraftforge.network.HandshakeHandler/FMLHANDSHAKE]: Received client indexed reply 11 of type net.minecraftforge.network.HandshakeMessages$C2SAcknowledge
[16Oct2025 22:29:13.977] [Netty Epoll Server IO #1/DEBUG] [net.minecraftforge.network.HandshakeHandler/FMLHANDSHAKE]: Received acknowledgement from client
[16Oct2025 22:29:13.977] [Netty Epoll Server IO #1/DEBUG] [net.minecraftforge.network.LoginWrapper/FMLHANDSHAKE]: Recieved login wrapper packet event for channel fml:handshake with index 12
[16Oct2025 22:29:13.977] [Netty Epoll Server IO #1/DEBUG] [net.minecraftforge.network.HandshakeHandler/FMLHANDSHAKE]: Received client indexed reply 12 of type net.minecraftforge.network.HandshakeMessages$C2SAcknowledge
[16Oct2025 22:29:13.977] [Netty Epoll Server IO #1/DEBUG] [net.minecraftforge.network.HandshakeHandler/FMLHANDSHAKE]: Received acknowledgement from client
[16Oct2025 22:29:13.977] [Netty Epoll Server IO #1/DEBUG] [net.minecraftforge.network.LoginWrapper/FMLHANDSHAKE]: Recieved login wrapper packet event for channel fml:handshake with index 13
[16Oct2025 22:29:13.977] [Netty Epoll Server IO #1/DEBUG] [net.minecraftforge.network.HandshakeHandler/FMLHANDSHAKE]: Received client indexed reply 13 of type net.minecraftforge.network.HandshakeMessages$C2SAcknowledge
[16Oct2025 22:29:13.978] [Netty Epoll Server IO #1/DEBUG] [net.minecraftforge.network.HandshakeHandler/FMLHANDSHAKE]: Received acknowledgement from client
[16Oct2025 22:29:14.005] [Netty Epoll Server IO #1/DEBUG] [net.minecraftforge.network.LoginWrapper/FMLHANDSHAKE]: Recieved login wrapper packet event for channel fml:handshake with index 14
[16Oct2025 22:29:14.005] [Netty Epoll Server IO #1/DEBUG] [net.minecraftforge.network.HandshakeHandler/FMLHANDSHAKE]: Received client indexed reply 14 of type net.minecraftforge.network.HandshakeMessages$C2SAcknowledge
[16Oct2025 22:29:14.005] [Netty Epoll Server IO #1/DEBUG] [net.minecraftforge.network.HandshakeHandler/FMLHANDSHAKE]: Received acknowledgement from client
[16Oct2025 22:29:14.015] [Server thread/DEBUG] [net.minecraftforge.network.HandshakeHandler/FMLHANDSHAKE]: Sending ticking packet info 'Registry vampirism:actions' to 'fml:handshake' sequence 17
[16Oct2025 22:29:14.044] [Netty Epoll Server IO #1/DEBUG] [net.minecraftforge.network.LoginWrapper/FMLHANDSHAKE]: Recieved login wrapper packet event for channel fml:handshake with index 15
[16Oct2025 22:29:14.044] [Netty Epoll Server IO #1/DEBUG] [net.minecraftforge.network.HandshakeHandler/FMLHANDSHAKE]: Received client indexed reply 15 of type net.minecraftforge.network.HandshakeMessages$C2SAcknowledge
[16Oct2025 22:29:14.044] [Netty Epoll Server IO #1/DEBUG] [net.minecraftforge.network.HandshakeHandler/FMLHANDSHAKE]: Received acknowledgement from client
[16Oct2025 22:29:14.064] [Server thread/DEBUG] [net.minecraftforge.network.HandshakeHandler/FMLHANDSHAKE]: Sending ticking packet info 'Registry vampirism:refinement_set' to 'fml:handshake' sequence 18
[16Oct2025 22:29:14.093] [Netty Epoll Server IO #1/DEBUG] [net.minecraftforge.network.LoginWrapper/FMLHANDSHAKE]: Recieved login wrapper packet event for channel fml:handshake with index 16
[16Oct2025 22:29:14.094] [Netty Epoll Server IO #1/DEBUG] [net.minecraftforge.network.HandshakeHandler/FMLHANDSHAKE]: Received client indexed reply 16 of type net.minecraftforge.network.HandshakeMessages$C2SAcknowledge
[16Oct2025 22:29:14.094] [Netty Epoll Server IO #1/DEBUG] [net.minecraftforge.network.HandshakeHandler/FMLHANDSHAKE]: Received acknowledgement from client
[16Oct2025 22:29:14.172] [Netty Epoll Server IO #1/DEBUG] [net.minecraftforge.network.LoginWrapper/FMLHANDSHAKE]: Recieved login wrapper packet event for channel fml:handshake with index 17
[16Oct2025 22:29:14.172] [Netty Epoll Server IO #1/DEBUG] [net.minecraftforge.network.HandshakeHandler/FMLHANDSHAKE]: Received client indexed reply 17 of type net.minecraftforge.network.HandshakeMessages$C2SAcknowledge
[16Oct2025 22:29:14.173] [Netty Epoll Server IO #1/DEBUG] [net.minecraftforge.network.HandshakeHandler/FMLHANDSHAKE]: Received acknowledgement from client
[16Oct2025 22:29:14.177] [Server thread/DEBUG] [net.minecraftforge.network.HandshakeHandler/FMLHANDSHAKE]: Sending ticking packet info 'Registry minecraft:fluid' to 'fml:handshake' sequence 19
[16Oct2025 22:29:14.193] [Netty Epoll Server IO #1/DEBUG] [net.minecraftforge.network.LoginWrapper/FMLHANDSHAKE]: Recieved login wrapper packet event for channel fml:handshake with index 18
[16Oct2025 22:29:14.193] [Netty Epoll Server IO #1/DEBUG] [net.minecraftforge.network.HandshakeHandler/FMLHANDSHAKE]: Received client indexed reply 18 of type net.minecraftforge.network.HandshakeMessages$C2SAcknowledge
[16Oct2025 22:29:14.193] [Netty Epoll Server IO #1/DEBUG] [net.minecraftforge.network.HandshakeHandler/FMLHANDSHAKE]: Received acknowledgement from client
[16Oct2025 22:29:14.194] [Server thread/DEBUG] [net.minecraftforge.network.HandshakeHandler/FMLHANDSHAKE]: Sending ticking packet info 'Registry vampirism:task_requirement' to 'fml:handshake' sequence 20
[16Oct2025 22:29:14.214] [Server thread/DEBUG] [net.minecraftforge.network.HandshakeHandler/FMLHANDSHAKE]: Sending ticking packet info 'Registry minecraft:recipe_serializer' to 'fml:handshake' sequence 21
[16Oct2025 22:29:14.258] [Server thread/DEBUG] [net.minecraftforge.network.HandshakeHandler/FMLHANDSHAKE]: Sending ticking packet info 'Registry minecraft:sound_event' to 'fml:handshake' sequence 22
[16Oct2025 22:29:14.304] [Netty Epoll Server IO #1/DEBUG] [net.minecraftforge.network.LoginWrapper/FMLHANDSHAKE]: Recieved login wrapper packet event for channel fml:handshake with index 19
[16Oct2025 22:29:14.305] [Netty Epoll Server IO #1/DEBUG] [net.minecraftforge.network.HandshakeHandler/FMLHANDSHAKE]: Received client indexed reply 19 of type net.minecraftforge.network.HandshakeMessages$C2SAcknowledge
[16Oct2025 22:29:14.305] [Netty Epoll Server IO #1/DEBUG] [net.minecraftforge.network.HandshakeHandler/FMLHANDSHAKE]: Received acknowledgement from client
[16Oct2025 22:29:14.307] [Server thread/DEBUG] [net.minecraftforge.network.HandshakeHandler/FMLHANDSHAKE]: Sending ticking packet info 'Registry minecraft:particle_type' to 'fml:handshake' sequence 23
[16Oct2025 22:29:14.321] [Netty Epoll Server IO #1/DEBUG] [net.minecraftforge.network.LoginWrapper/FMLHANDSHAKE]: Recieved login wrapper packet event for channel fml:handshake with index 20
[16Oct2025 22:29:14.321] [Netty Epoll Server IO #1/DEBUG] [net.minecraftforge.network.HandshakeHandler/FMLHANDSHAKE]: Received client indexed reply 20 of type net.minecraftforge.network.HandshakeMessages$C2SAcknowledge
[16Oct2025 22:29:14.321] [Netty Epoll Server IO #1/DEBUG] [net.minecraftforge.network.HandshakeHandler/FMLHANDSHAKE]: Received acknowledgement from client
[16Oct2025 22:29:14.342] [Netty Epoll Server IO #1/DEBUG] [net.minecraftforge.network.LoginWrapper/FMLHANDSHAKE]: Recieved login wrapper packet event for channel fml:handshake with index 21
[16Oct2025 22:29:14.343] [Netty Epoll Server IO #1/DEBUG] [net.minecraftforge.network.HandshakeHandler/FMLHANDSHAKE]: Received client indexed reply 21 of type net.minecraftforge.network.HandshakeMessages$C2SAcknowledge
[16Oct2025 22:29:14.343] [Netty Epoll Server IO #1/DEBUG] [net.minecraftforge.network.HandshakeHandler/FMLHANDSHAKE]: Received acknowledgement from client
[16Oct2025 22:29:14.358] [Server thread/DEBUG] [net.minecraftforge.network.HandshakeHandler/FMLHANDSHAKE]: Sending ticking packet info 'Registry minecraft:painting_variant' to 'fml:handshake' sequence 24
[16Oct2025 22:29:14.408] [Server thread/DEBUG] [net.minecraftforge.network.HandshakeHandler/FMLHANDSHAKE]: Sending ticking packet info 'Registry forge:fluid_type' to 'fml:handshake' sequence 25
[16Oct2025 22:29:14.459] [Server thread/DEBUG] [net.minecraftforge.network.HandshakeHandler/FMLHANDSHAKE]: Sending ticking packet info 'Registry minecraft:block' to 'fml:handshake' sequence 26
[16Oct2025 22:29:14.513] [Server thread/DEBUG] [net.minecraftforge.network.HandshakeHandler/FMLHANDSHAKE]: Sending ticking packet info 'Registry forge:entity_data_serializers' to 'fml:handshake' sequence 27
[16Oct2025 22:29:14.514] [Netty Epoll Server IO #1/DEBUG] [net.minecraftforge.network.LoginWrapper/FMLHANDSHAKE]: Recieved login wrapper packet event for channel fml:handshake with index 22
[16Oct2025 22:29:14.514] [Netty Epoll Server IO #1/DEBUG] [net.minecraftforge.network.HandshakeHandler/FMLHANDSHAKE]: Received client indexed reply 22 of type net.minecraftforge.network.HandshakeMessages$C2SAcknowledge
[16Oct2025 22:29:14.514] [Netty Epoll Server IO #1/DEBUG] [net.minecraftforge.network.HandshakeHandler/FMLHANDSHAKE]: Received acknowledgement from client
[16Oct2025 22:29:14.514] [Netty Epoll Server IO #1/DEBUG] [net.minecraftforge.network.LoginWrapper/FMLHANDSHAKE]: Recieved login wrapper packet event for channel fml:handshake with index 23
[16Oct2025 22:29:14.514] [Netty Epoll Server IO #1/DEBUG] [net.minecraftforge.network.HandshakeHandler/FMLHANDSHAKE]: Received client indexed reply 23 of type net.minecraftforge.network.HandshakeMessages$C2SAcknowledge
[16Oct2025 22:29:14.514] [Netty Epoll Server IO #1/DEBUG] [net.minecraftforge.network.HandshakeHandler/FMLHANDSHAKE]: Received acknowledgement from client
[16Oct2025 22:29:14.515] [Netty Epoll Server IO #1/DEBUG] [net.minecraftforge.network.LoginWrapper/FMLHANDSHAKE]: Recieved login wrapper packet event for channel fml:handshake with index 24
[16Oct2025 22:29:14.515] [Netty Epoll Server IO #1/DEBUG] [net.minecraftforge.network.HandshakeHandler/FMLHANDSHAKE]: Received client indexed reply 24 of type net.minecraftforge.network.HandshakeMessages$C2SAcknowledge
[16Oct2025 22:29:14.515] [Netty Epoll Server IO #1/DEBUG] [net.minecraftforge.network.HandshakeHandler/FMLHANDSHAKE]: Received acknowledgement from client
[16Oct2025 22:29:14.542] [Netty Epoll Server IO #1/DEBUG] [net.minecraftforge.network.LoginWrapper/FMLHANDSHAKE]: Recieved login wrapper packet event for channel fml:handshake with index 25
[16Oct2025 22:29:14.543] [Netty Epoll Server IO #1/DEBUG] [net.minecraftforge.network.HandshakeHandler/FMLHANDSHAKE]: Received client indexed reply 25 of type net.minecraftforge.network.HandshakeMessages$C2SAcknowledge
[16Oct2025 22:29:14.543] [Netty Epoll Server IO #1/DEBUG] [net.minecraftforge.network.HandshakeHandler/FMLHANDSHAKE]: Received acknowledgement from client
[16Oct2025 22:29:14.560] [Server thread/DEBUG] [net.minecraftforge.network.HandshakeHandler/FMLHANDSHAKE]: Sending ticking packet info 'Registry vampirism:task_reward' to 'fml:handshake' sequence 28
[16Oct2025 22:29:14.607] [Server thread/DEBUG] [net.minecraftforge.network.HandshakeHandler/FMLHANDSHAKE]: Sending ticking packet info 'Registry vampirism:oil' to 'fml:handshake' sequence 29
[16Oct2025 22:29:14.639] [Netty Epoll Server IO #1/DEBUG] [net.minecraftforge.network.LoginWrapper/FMLHANDSHAKE]: Recieved login wrapper packet event for channel fml:handshake with index 26
[16Oct2025 22:29:14.639] [Netty Epoll Server IO #1/DEBUG] [net.minecraftforge.network.HandshakeHandler/FMLHANDSHAKE]: Received client indexed reply 26 of type net.minecraftforge.network.HandshakeMessages$C2SAcknowledge
[16Oct2025 22:29:14.639] [Netty Epoll Server IO #1/DEBUG] [net.minecraftforge.network.HandshakeHandler/FMLHANDSHAKE]: Received acknowledgement from client
[16Oct2025 22:29:14.640] [Netty Epoll Server IO #1/DEBUG] [net.minecraftforge.network.LoginWrapper/FMLHANDSHAKE]: Recieved login wrapper packet event for channel fml:handshake with index 27
[16Oct2025 22:29:14.640] [Netty Epoll Server IO #1/DEBUG] [net.minecraftforge.network.HandshakeHandler/FMLHANDSHAKE]: Received client indexed reply 27 of type net.minecraftforge.network.HandshakeMessages$C2SAcknowledge
[16Oct2025 22:29:14.640] [Netty Epoll Server IO #1/DEBUG] [net.minecraftforge.network.HandshakeHandler/FMLHANDSHAKE]: Received acknowledgement from client
[16Oct2025 22:29:14.661] [Server thread/DEBUG] [net.minecraftforge.network.HandshakeHandler/FMLHANDSHAKE]: Sending ticking packet info 'Registry vampirism:converting_handler' to 'fml:handshake' sequence 30
[16Oct2025 22:29:14.691] [Netty Epoll Server IO #1/DEBUG] [net.minecraftforge.network.LoginWrapper/FMLHANDSHAKE]: Recieved login wrapper packet event for channel fml:handshake with index 28
[16Oct2025 22:29:14.691] [Netty Epoll Server IO #1/DEBUG] [net.minecraftforge.network.HandshakeHandler/FMLHANDSHAKE]: Received client indexed reply 28 of type net.minecraftforge.network.HandshakeMessages$C2SAcknowledge
[16Oct2025 22:29:14.691] [Netty Epoll Server IO #1/DEBUG] [net.minecraftforge.network.HandshakeHandler/FMLHANDSHAKE]: Received acknowledgement from client
[16Oct2025 22:29:14.707] [Server thread/DEBUG] [net.minecraftforge.network.HandshakeHandler/FMLHANDSHAKE]: Sending ticking packet info 'Registry minecraft:mob_effect' to 'fml:handshake' sequence 31
[16Oct2025 22:29:14.734] [Netty Epoll Server IO #1/DEBUG] [net.minecraftforge.network.LoginWrapper/FMLHANDSHAKE]: Recieved login wrapper packet event for channel fml:handshake with index 29
[16Oct2025 22:29:14.735] [Netty Epoll Server IO #1/DEBUG] [net.minecraftforge.network.HandshakeHandler/FMLHANDSHAKE]: Received client indexed reply 29 of type net.minecraftforge.network.HandshakeMessages$C2SAcknowledge
[16Oct2025 22:29:14.735] [Netty Epoll Server IO #1/DEBUG] [net.minecraftforge.network.HandshakeHandler/FMLHANDSHAKE]: Received acknowledgement from client
[16Oct2025 22:29:14.779] [Server thread/DEBUG] [net.minecraftforge.network.HandshakeHandler/FMLHANDSHAKE]: Sending ticking packet info 'Registry vampirism:entityactions' to 'fml:handshake' sequence 32
[16Oct2025 22:29:14.788] [Netty Epoll Server IO #1/DEBUG] [net.minecraftforge.network.LoginWrapper/FMLHANDSHAKE]: Recieved login wrapper packet event for channel fml:handshake with index 30
[16Oct2025 22:29:14.788] [Netty Epoll Server IO #1/DEBUG] [net.minecraftforge.network.HandshakeHandler/FMLHANDSHAKE]: Received client indexed reply 30 of type net.minecraftforge.network.HandshakeMessages$C2SAcknowledge
[16Oct2025 22:29:14.788] [Netty Epoll Server IO #1/DEBUG] [net.minecraftforge.network.HandshakeHandler/FMLHANDSHAKE]: Received acknowledgement from client
[16Oct2025 22:29:14.834] [Netty Epoll Server IO #1/DEBUG] [net.minecraftforge.network.LoginWrapper/FMLHANDSHAKE]: Recieved login wrapper packet event for channel fml:handshake with index 31
[16Oct2025 22:29:14.834] [Netty Epoll Server IO #1/DEBUG] [net.minecraftforge.network.HandshakeHandler/FMLHANDSHAKE]: Received client indexed reply 31 of type net.minecraftforge.network.HandshakeMessages$C2SAcknowledge
[16Oct2025 22:29:14.834] [Netty Epoll Server IO #1/DEBUG] [net.minecraftforge.network.HandshakeHandler/FMLHANDSHAKE]: Received acknowledgement from client
[16Oct2025 22:29:14.850] [Server thread/DEBUG] [net.minecraftforge.network.HandshakeHandler/FMLHANDSHAKE]: Sending ticking packet info 'Registry tombstone:perks' to 'fml:handshake' sequence 33
[16Oct2025 22:29:14.907] [Netty Epoll Server IO #1/DEBUG] [net.minecraftforge.network.LoginWrapper/FMLHANDSHAKE]: Recieved login wrapper packet event for channel fml:handshake with index 32
[16Oct2025 22:29:14.907] [Netty Epoll Server IO #1/DEBUG] [net.minecraftforge.network.HandshakeHandler/FMLHANDSHAKE]: Received client indexed reply 32 of type net.minecraftforge.network.HandshakeMessages$C2SAcknowledge
[16Oct2025 22:29:14.907] [Netty Epoll Server IO #1/DEBUG] [net.minecraftforge.network.HandshakeHandler/FMLHANDSHAKE]: Received acknowledgement from client
[16Oct2025 22:29:14.921] [Server thread/DEBUG] [net.minecraftforge.network.HandshakeHandler/FMLHANDSHAKE]: Sending ticking packet info 'Registry minecraft:enchantment' to 'fml:handshake' sequence 34
[16Oct2025 22:29:14.944] [Server thread/DEBUG] [net.minecraftforge.network.HandshakeHandler/FMLHANDSHAKE]: Sending ticking packet info 'Registry vampirism:task_reward_instance' to 'fml:handshake' sequence 35
[16Oct2025 22:29:14.960] [Server thread/DEBUG] [net.minecraftforge.network.HandshakeHandler/FMLHANDSHAKE]: Sending ticking packet info 'Registry minecraft:entity_type' to 'fml:handshake' sequence 36
[16Oct2025 22:29:14.977] [Netty Epoll Server IO #1/DEBUG] [net.minecraftforge.network.LoginWrapper/FMLHANDSHAKE]: Recieved login wrapper packet event for channel fml:handshake with index 33
[16Oct2025 22:29:14.977] [Netty Epoll Server IO #1/DEBUG] [net.minecraftforge.network.HandshakeHandler/FMLHANDSHAKE]: Received client indexed reply 33 of type net.minecraftforge.network.HandshakeMessages$C2SAcknowledge
[16Oct2025 22:29:14.977] [Netty Epoll Server IO #1/DEBUG] [net.minecraftforge.network.HandshakeHandler/FMLHANDSHAKE]: Received acknowledgement from client
[16Oct2025 22:29:15.025] [Server thread/DEBUG] [net.minecraftforge.network.HandshakeHandler/FMLHANDSHAKE]: Sending ticking packet info 'Config curios-server.toml' to 'fml:handshake' sequence 37
[16Oct2025 22:29:15.048] [Netty Epoll Server IO #1/DEBUG] [net.minecraftforge.network.LoginWrapper/FMLHANDSHAKE]: Recieved login wrapper packet event for channel fml:handshake with index 34
[16Oct2025 22:29:15.048] [Netty Epoll Server IO #1/DEBUG] [net.minecraftforge.network.HandshakeHandler/FMLHANDSHAKE]: Received client indexed reply 34 of type net.minecraftforge.network.HandshakeMessages$C2SAcknowledge
[16Oct2025 22:29:15.049] [Netty Epoll Server IO #1/DEBUG] [net.minecraftforge.network.HandshakeHandler/FMLHANDSHAKE]: Received acknowledgement from client
[16Oct2025 22:29:15.070] [Server thread/DEBUG] [net.minecraftforge.network.HandshakeHandler/FMLHANDSHAKE]: Sending ticking packet info 'Config irons_spellbooks-server.toml' to 'fml:handshake' sequence 38
[16Oct2025 22:29:15.071] [Netty Epoll Server IO #1/DEBUG] [net.minecraftforge.network.LoginWrapper/FMLHANDSHAKE]: Recieved login wrapper packet event for channel fml:handshake with index 35
[16Oct2025 22:29:15.071] [Netty Epoll Server IO #1/DEBUG] [net.minecraftforge.network.HandshakeHandler/FMLHANDSHAKE]: Received client indexed reply 35 of type net.minecraftforge.network.HandshakeMessages$C2SAcknowledge
[16Oct2025 22:29:15.071] [Netty Epoll Server IO #1/DEBUG] [net.minecraftforge.network.HandshakeHandler/FMLHANDSHAKE]: Received acknowledgement from client
[16Oct2025 22:29:15.113] [Server thread/DEBUG] [net.minecraftforge.network.HandshakeHandler/FMLHANDSHAKE]: Sending ticking packet info 'Config tombstone-server.toml' to 'fml:handshake' sequence 39
[16Oct2025 22:29:15.159] [Server thread/DEBUG] [net.minecraftforge.network.HandshakeHandler/FMLHANDSHAKE]: Sending ticking packet info 'Config vampirism-server.toml' to 'fml:handshake' sequence 40
[16Oct2025 22:29:15.214] [Server thread/DEBUG] [net.minecraftforge.network.HandshakeHandler/FMLHANDSHAKE]: Sending ticking packet info 'Config sophisticatedbackpacks-server.toml' to 'fml:handshake' sequence 41
[16Oct2025 22:29:15.263] [Server thread/DEBUG] [net.minecraftforge.network.HandshakeHandler/FMLHANDSHAKE]: Sending ticking packet info 'Config vampirism-balance.toml' to 'fml:handshake' sequence 42
[16Oct2025 22:29:15.309] [Server thread/DEBUG] [net.minecraftforge.network.HandshakeHandler/FMLHANDSHAKE]: Sending ticking packet info 'Config jei-server.toml' to 'fml:handshake' sequence 43
[16Oct2025 22:29:15.359] [Server thread/DEBUG] [net.minecraftforge.network.HandshakeHandler/FMLHANDSHAKE]: Sending ticking packet info 'Config tacz-server.toml' to 'fml:handshake' sequence 44
[16Oct2025 22:29:15.410] [Server thread/DEBUG] [net.minecraftforge.network.HandshakeHandler/FMLHANDSHAKE]: Sending ticking packet info 'Config forge-server.toml' to 'fml:handshake' sequence 45
[16Oct2025 22:29:15.958] [Netty Epoll Server IO #1/DEBUG] [net.minecraftforge.network.LoginWrapper/FMLHANDSHAKE]: Recieved login wrapper packet event for channel fml:handshake with index 36
[16Oct2025 22:29:15.958] [Netty Epoll Server IO #1/DEBUG] [net.minecraftforge.network.HandshakeHandler/FMLHANDSHAKE]: Received client indexed reply 36 of type net.minecraftforge.network.HandshakeMessages$C2SAcknowledge
[16Oct2025 22:29:15.958] [Netty Epoll Server IO #1/DEBUG] [net.minecraftforge.network.HandshakeHandler/FMLHANDSHAKE]: Received acknowledgement from client
[16Oct2025 22:29:15.959] [Netty Epoll Server IO #1/DEBUG] [net.minecraftforge.network.LoginWrapper/FMLHANDSHAKE]: Recieved login wrapper packet event for channel fml:handshake with index 37
[16Oct2025 22:29:15.959] [Netty Epoll Server IO #1/DEBUG] [net.minecraftforge.network.HandshakeHandler/FMLHANDSHAKE]: Received client indexed reply 37 of type net.minecraftforge.network.HandshakeMessages$C2SAcknowledge
[16Oct2025 22:29:15.959] [Netty Epoll Server IO #1/DEBUG] [net.minecraftforge.network.HandshakeHandler/FMLHANDSHAKE]: Received acknowledgement from client
[16Oct2025 22:29:15.961] [Netty Epoll Server IO #1/DEBUG] [net.minecraftforge.network.LoginWrapper/FMLHANDSHAKE]: Recieved login wrapper packet event for channel fml:handshake with index 38
[16Oct2025 22:29:15.961] [Netty Epoll Server IO #1/DEBUG] [net.minecraftforge.network.HandshakeHandler/FMLHANDSHAKE]: Received client indexed reply 38 of type net.minecraftforge.network.HandshakeMessages$C2SAcknowledge
[16Oct2025 22:29:15.961] [Netty Epoll Server IO #1/DEBUG] [net.minecraftforge.network.HandshakeHandler/FMLHANDSHAKE]: Received acknowledgement from client
[16Oct2025 22:29:15.962] [Netty Epoll Server IO #1/DEBUG] [net.minecraftforge.network.LoginWrapper/FMLHANDSHAKE]: Recieved login wrapper packet event for channel fml:handshake with index 39
[16Oct2025 22:29:15.962] [Netty Epoll Server IO #1/DEBUG] [net.minecraftforge.network.HandshakeHandler/FMLHANDSHAKE]: Received client indexed reply 39 of type net.minecraftforge.network.HandshakeMessages$C2SAcknowledge
[16Oct2025 22:29:15.962] [Netty Epoll Server IO #1/DEBUG] [net.minecraftforge.network.HandshakeHandler/FMLHANDSHAKE]: Received acknowledgement from client
[16Oct2025 22:29:15.962] [Netty Epoll Server IO #1/DEBUG] [net.minecraftforge.network.LoginWrapper/FMLHANDSHAKE]: Recieved login wrapper packet event for channel fml:handshake with index 40
[16Oct2025 22:29:15.962] [Netty Epoll Server IO #1/DEBUG] [net.minecraftforge.network.HandshakeHandler/FMLHANDSHAKE]: Received client indexed reply 40 of type net.minecraftforge.network.HandshakeMessages$C2SAcknowledge
[16Oct2025 22:29:15.962] [Netty Epoll Server IO #1/DEBUG] [net.minecraftforge.network.HandshakeHandler/FMLHANDSHAKE]: Received acknowledgement from client
[16Oct2025 22:29:15.963] [Netty Epoll Server IO #1/DEBUG] [net.minecraftforge.network.LoginWrapper/FMLHANDSHAKE]: Recieved login wrapper packet event for channel fml:handshake with index 41
[16Oct2025 22:29:15.963] [Netty Epoll Server IO #1/DEBUG] [net.minecraftforge.network.HandshakeHandler/FMLHANDSHAKE]: Received client indexed reply 41 of type net.minecraftforge.network.HandshakeMessages$C2SAcknowledge
[16Oct2025 22:29:15.963] [Netty Epoll Server IO #1/DEBUG] [net.minecraftforge.network.HandshakeHandler/FMLHANDSHAKE]: Received acknowledgement from client
[16Oct2025 22:29:15.963] [Netty Epoll Server IO #1/DEBUG] [net.minecraftforge.network.LoginWrapper/FMLHANDSHAKE]: Recieved login wrapper packet event for channel fml:handshake with index 42
[16Oct2025 22:29:15.963] [Netty Epoll Server IO #1/DEBUG] [net.minecraftforge.network.HandshakeHandler/FMLHANDSHAKE]: Received client indexed reply 42 of type net.minecraftforge.network.HandshakeMessages$C2SAcknowledge
[16Oct2025 22:29:15.963] [Netty Epoll Server IO #1/DEBUG] [net.minecraftforge.network.HandshakeHandler/FMLHANDSHAKE]: Received acknowledgement from client
[16Oct2025 22:29:15.964] [Netty Epoll Server IO #1/DEBUG] [net.minecraftforge.network.LoginWrapper/FMLHANDSHAKE]: Recieved login wrapper packet event for channel fml:handshake with index 43
[16Oct2025 22:29:15.964] [Netty Epoll Server IO #1/DEBUG] [net.minecraftforge.network.HandshakeHandler/FMLHANDSHAKE]: Received client indexed reply 43 of type net.minecraftforge.network.HandshakeMessages$C2SAcknowledge
[16Oct2025 22:29:15.964] [Netty Epoll Server IO #1/DEBUG] [net.minecraftforge.network.HandshakeHandler/FMLHANDSHAKE]: Received acknowledgement from client
[16Oct2025 22:29:15.964] [Netty Epoll Server IO #1/DEBUG] [net.minecraftforge.network.LoginWrapper/FMLHANDSHAKE]: Recieved login wrapper packet event for channel fml:handshake with index 44
[16Oct2025 22:29:15.964] [Netty Epoll Server IO #1/DEBUG] [net.minecraftforge.network.HandshakeHandler/FMLHANDSHAKE]: Received client indexed reply 44 of type net.minecraftforge.network.HandshakeMessages$C2SAcknowledge
[16Oct2025 22:29:15.964] [Netty Epoll Server IO #1/DEBUG] [net.minecraftforge.network.HandshakeHandler/FMLHANDSHAKE]: Received acknowledgement from client
[16Oct2025 22:29:15.965] [Netty Epoll Server IO #1/DEBUG] [net.minecraftforge.network.LoginWrapper/FMLHANDSHAKE]: Recieved login wrapper packet event for channel fml:handshake with index 45
[16Oct2025 22:29:15.965] [Netty Epoll Server IO #1/DEBUG] [net.minecraftforge.network.HandshakeHandler/FMLHANDSHAKE]: Received client indexed reply 45 of type net.minecraftforge.network.HandshakeMessages$C2SAcknowledge
[16Oct2025 22:29:15.966] [Netty Epoll Server IO #1/DEBUG] [net.minecraftforge.network.HandshakeHandler/FMLHANDSHAKE]: Received acknowledgement from client
[16Oct2025 22:29:15.977] [Server thread/DEBUG] [net.minecraftforge.network.HandshakeHandler/FMLHANDSHAKE]: Handshake complete!
[16Oct2025 22:29:16.023] [Server thread/INFO] [net.minecraft.server.players.PlayerList/]: Danielbox123[/127.132.121.186:51319] logged in with entity id 6454 at (424.69999998807907, 63.0, -320.4604764443815)
[16Oct2025 22:29:16.024] [Server thread/DEBUG] [net.minecraftforge.network.filters.NetworkFilters/]: Injected net.minecraftforge.network.filters.ForgeConnectionNetworkFilter@77f6ca into net.minecraft.network.Connection@c18f5de
[16Oct2025 22:29:16.029] [Server thread/INFO] [net.minecraft.server.MinecraftServer/]: Danielbox123 joined the game
[16Oct2025 22:29:16.449] [Server thread/DEBUG] [tacz/SYNC_BASE_TIMESTAMP]: Update server base timestamp: 1760653756449
[16Oct2025 22:29:51.482] [Server thread/DEBUG] [de.teamlapen.vampirism.entity.converted.BiteableEntryManager/]: Calculated size 0.13 and blood value 0 for entity iceandfire:pixie
[16Oct2025 22:29:58.110] [Server thread/DEBUG] [citadel/]: saving unmodified surface rules as type SequenceRuleSource
[16Oct2025 22:29:58.111] [Server thread/DEBUG] [citadel/]: modified surface rules to type CitadelSurfaceRuleWrapper
[16Oct2025 22:29:58.111] [Server thread/DEBUG] [net.minecraftforge.common.ForgeHooks/WP]: Gathering id map for writing to world save world
[16Oct2025 22:29:58.120] [Server thread/DEBUG] [net.minecraftforge.common.ForgeHooks/WP]: ID Map collection complete world
[16Oct2025 22:30:50.625] [Server thread/INFO] [net.minecraft.server.MinecraftServer/]: Danielbox123 has made the advancement [Monster Hunter]
[16Oct2025 22:33:54.201] [Server thread/INFO] [net.minecraft.world.entity.npc.Villager/]: Villager Villager['Nitwit'/3343, l='ServerLevel[world]', x=926.26, y=75.30, z=327.50] died, message: 'Nitwit tried to swim in lava'
[16Oct2025 22:34:58.094] [Server thread/DEBUG] [citadel/]: saving unmodified surface rules as type SequenceRuleSource
[16Oct2025 22:34:58.095] [Server thread/DEBUG] [citadel/]: modified surface rules to type CitadelSurfaceRuleWrapper
[16Oct2025 22:34:58.095] [Server thread/DEBUG] [net.minecraftforge.common.ForgeHooks/WP]: Gathering id map for writing to world save world
[16Oct2025 22:34:58.103] [Server thread/DEBUG] [net.minecraftforge.common.ForgeHooks/WP]: ID Map collection complete world
[16Oct2025 22:35:52.805] [Netty Epoll Server IO #6/DEBUG] [net.minecraftforge.network.HandshakeHandler/FMLHANDSHAKE]: Starting new modded impl connection. Found 46 messages to dispatch.
[16Oct2025 22:35:16.978] [Server thread/INFO] [net.minecraft.server.MinecraftServer/]: [Not Secure] <Danielbox123> xaero-waypoint:Shared Location:S:825:74:-154:13:false:0:Internal-overworld-waypoints
[16Oct2025 22:35:52.831] [Server thread/WARN] [net.minecraft.server.MinecraftServer/]: Can't keep up! Is the server overloaded? Running 35839ms or 716 ticks behind
[16Oct2025 22:35:52.860] [Server thread/INFO] [net.minecraft.server.network.ServerGamePacketListenerImpl/]: Nexus2012 lost connection: Disconnected
[16Oct2025 22:35:53.368] [Server thread/INFO] [net.minecraft.server.MinecraftServer/]: Nexus2012 left the game
[16Oct2025 22:35:53.376] [Server thread/INFO] [net.minecraft.server.network.ServerGamePacketListenerImpl/]: JJForever1764 lost connection: Disconnected
[16Oct2025 22:35:53.377] [Server thread/INFO] [net.minecraft.server.MinecraftServer/]: JJForever1764 left the game
[16Oct2025 22:35:53.388] [Server thread/INFO] [net.minecraft.server.network.ServerGamePacketListenerImpl/]: Danielbox123 lost connection: Disconnected
[16Oct2025 22:35:53.389] [Server thread/INFO] [net.minecraft.server.MinecraftServer/]: Danielbox123 left the game
[16Oct2025 22:35:53.393] [Server thread/DEBUG] [net.minecraftforge.network.HandshakeHandler/FMLHANDSHAKE]: Sending ticking packet info 'com.tacz.guns.network.message.handshake.ServerMessageSyncedEntityDataMapping' to 'tacz:handshake' sequence 0
[16Oct2025 22:35:53.424] [Server thread/DEBUG] [net.minecraftforge.network.HandshakeHandler/FMLHANDSHAKE]: Sending ticking packet info 'net.minecraftforge.network.HandshakeMessages$S2CModData' to 'fml:handshake' sequence 1
[16Oct2025 22:35:53.428] [Server thread/DEBUG] [net.minecraftforge.network.HandshakeHandler/FMLHANDSHAKE]: Sending ticking packet info 'net.minecraftforge.network.HandshakeMessages$S2CModList' to 'fml:handshake' sequence 2
[16Oct2025 22:35:53.431] [Server thread/DEBUG] [net.minecraftforge.network.HandshakeHandler/FMLHANDSHAKE]: Sending ticking packet info 'Registry minecraft:command_argument_type' to 'fml:handshake' sequence 3
[16Oct2025 22:35:53.506] [Server thread/DEBUG] [net.minecraftforge.network.HandshakeHandler/FMLHANDSHAKE]: Sending ticking packet info 'Registry irons_spellbooks:schools' to 'fml:handshake' sequence 4
[16Oct2025 22:35:53.562] [Server thread/DEBUG] [net.minecraftforge.network.HandshakeHandler/FMLHANDSHAKE]: Sending ticking packet info 'Registry minecraft:villager_profession' to 'fml:handshake' sequence 5
[16Oct2025 22:35:53.572] [Server thread/DEBUG] [net.minecraftforge.network.HandshakeHandler/FMLHANDSHAKE]: Sending ticking packet info 'Registry minecraft:item' to 'fml:handshake' sequence 6
[16Oct2025 22:35:53.578] [Server thread/DEBUG] [net.minecraftforge.network.HandshakeHandler/FMLHANDSHAKE]: Sending ticking packet info 'Registry minecraft:potion' to 'fml:handshake' sequence 7
[16Oct2025 22:35:53.580] [Server thread/DEBUG] [net.minecraftforge.network.HandshakeHandler/FMLHANDSHAKE]: Sending ticking packet info 'Registry vampirism:refinement' to 'fml:handshake' sequence 8
[16Oct2025 22:35:53.581] [Server thread/DEBUG] [net.minecraftforge.network.HandshakeHandler/FMLHANDSHAKE]: Sending ticking packet info 'Registry minecraft:block_entity_type' to 'fml:handshake' sequence 9
[16Oct2025 22:35:53.583] [Server thread/DEBUG] [net.minecraftforge.network.HandshakeHandler/FMLHANDSHAKE]: Sending ticking packet info 'Registry forge:display_contexts' to 'fml:handshake' sequence 10
[16Oct2025 22:35:53.585] [Server thread/DEBUG] [net.minecraftforge.network.HandshakeHandler/FMLHANDSHAKE]: Sending ticking packet info 'Registry vampirism:task_unlocker' to 'fml:handshake' sequence 11
[16Oct2025 22:35:53.588] [Server thread/DEBUG] [net.minecraftforge.network.HandshakeHandler/FMLHANDSHAKE]: Sending ticking packet info 'Registry irons_spellbooks:spells' to 'fml:handshake' sequence 12
[16Oct2025 22:35:53.593] [Server thread/DEBUG] [net.minecraftforge.network.HandshakeHandler/FMLHANDSHAKE]: Sending ticking packet info 'Registry vampirism:miniontasks' to 'fml:handshake' sequence 13
[16Oct2025 22:35:53.602] [Server thread/DEBUG] [net.minecraftforge.network.HandshakeHandler/FMLHANDSHAKE]: Sending ticking packet info 'Registry minecraft:stat_type' to 'fml:handshake' sequence 14
[16Oct2025 22:35:53.605] [Server thread/DEBUG] [net.minecraftforge.network.HandshakeHandler/FMLHANDSHAKE]: Sending ticking packet info 'Registry vampirism:skills' to 'fml:handshake' sequence 15
[16Oct2025 22:35:53.623] [Server thread/DEBUG] [net.minecraftforge.network.HandshakeHandler/FMLHANDSHAKE]: Sending ticking packet info 'Registry minecraft:menu' to 'fml:handshake' sequence 16
[16Oct2025 22:35:53.644] [Server thread/DEBUG] [net.minecraftforge.network.HandshakeHandler/FMLHANDSHAKE]: Sending ticking packet info 'Registry vampirism:actions' to 'fml:handshake' sequence 17
[16Oct2025 22:35:53.694] [Server thread/DEBUG] [net.minecraftforge.network.HandshakeHandler/FMLHANDSHAKE]: Sending ticking packet info 'Registry vampirism:refinement_set' to 'fml:handshake' sequence 18
[16Oct2025 22:35:53.744] [Server thread/DEBUG] [net.minecraftforge.network.HandshakeHandler/FMLHANDSHAKE]: Sending ticking packet info 'Registry minecraft:fluid' to 'fml:handshake' sequence 19
[16Oct2025 22:35:53.794] [Server thread/DEBUG] [net.minecraftforge.network.HandshakeHandler/FMLHANDSHAKE]: Sending ticking packet info 'Registry vampirism:task_requirement' to 'fml:handshake' sequence 20
[16Oct2025 22:35:53.848] [Server thread/DEBUG] [net.minecraftforge.network.HandshakeHandler/FMLHANDSHAKE]: Sending ticking packet info 'Registry minecraft:recipe_serializer' to 'fml:handshake' sequence 21
[16Oct2025 22:35:53.897] [Server thread/DEBUG] [net.minecraftforge.network.HandshakeHandler/FMLHANDSHAKE]: Sending ticking packet info 'Registry minecraft:sound_event' to 'fml:handshake' sequence 22
[16Oct2025 22:35:53.932] [Netty Epoll Server IO #7/DEBUG] [net.minecraftforge.network.HandshakeHandler/FMLHANDSHAKE]: Starting new modded impl connection. Found 46 messages to dispatch.
[16Oct2025 22:35:53.944] [Server thread/DEBUG] [net.minecraftforge.network.HandshakeHandler/FMLHANDSHAKE]: Sending ticking packet info 'Registry minecraft:particle_type' to 'fml:handshake' sequence 23
[16Oct2025 22:35:53.944] [Server thread/DEBUG] [net.minecraftforge.network.HandshakeHandler/FMLHANDSHAKE]: Sending ticking packet info 'com.tacz.guns.network.message.handshake.ServerMessageSyncedEntityDataMapping' to 'tacz:handshake' sequence 0
[16Oct2025 22:35:53.993] [Server thread/DEBUG] [net.minecraftforge.network.HandshakeHandler/FMLHANDSHAKE]: Sending ticking packet info 'Registry minecraft:painting_variant' to 'fml:handshake' sequence 24
[16Oct2025 22:35:53.993] [Server thread/DEBUG] [net.minecraftforge.network.HandshakeHandler/FMLHANDSHAKE]: Sending ticking packet info 'net.minecraftforge.network.HandshakeMessages$S2CModData' to 'fml:handshake' sequence 1
[16Oct2025 22:35:54.044] [Server thread/DEBUG] [net.minecraftforge.network.HandshakeHandler/FMLHANDSHAKE]: Sending ticking packet info 'Registry forge:fluid_type' to 'fml:handshake' sequence 25
[16Oct2025 22:35:54.044] [Server thread/DEBUG] [net.minecraftforge.network.HandshakeHandler/FMLHANDSHAKE]: Sending ticking packet info 'net.minecraftforge.network.HandshakeMessages$S2CModList' to 'fml:handshake' sequence 2
[16Oct2025 22:35:54.094] [Server thread/DEBUG] [net.minecraftforge.network.HandshakeHandler/FMLHANDSHAKE]: Sending ticking packet info 'Registry minecraft:block' to 'fml:handshake' sequence 26
[16Oct2025 22:35:54.094] [Server thread/DEBUG] [net.minecraftforge.network.HandshakeHandler/FMLHANDSHAKE]: Sending ticking packet info 'Registry minecraft:command_argument_type' to 'fml:handshake' sequence 3
[16Oct2025 22:35:54.095] [Netty Epoll Server IO #7/DEBUG] [net.minecraftforge.network.LoginWrapper/FMLHANDSHAKE]: Recieved login wrapper packet event for channel tacz:handshake with index 0
[16Oct2025 22:35:54.095] [Netty Epoll Server IO #7/DEBUG] [net.minecraftforge.network.HandshakeHandler/FMLHANDSHAKE]: Received client indexed reply 0 of type com.tacz.guns.network.message.handshake.Acknowledge
[16Oct2025 22:35:54.095] [Netty Epoll Server IO #7/DEBUG] [tacz/HANDSHAKE_ACKNOWLEDGE]: Received acknowledgement from client
[16Oct2025 22:35:54.144] [Server thread/DEBUG] [net.minecraftforge.network.HandshakeHandler/FMLHANDSHAKE]: Sending ticking packet info 'Registry forge:entity_data_serializers' to 'fml:handshake' sequence 27
[16Oct2025 22:35:54.144] [Server thread/DEBUG] [net.minecraftforge.network.HandshakeHandler/FMLHANDSHAKE]: Sending ticking packet info 'Registry irons_spellbooks:schools' to 'fml:handshake' sequence 4
[16Oct2025 22:35:54.186] [Netty Epoll Server IO #7/DEBUG] [net.minecraftforge.network.LoginWrapper/FMLHANDSHAKE]: Recieved login wrapper packet event for channel fml:handshake with index 2
[16Oct2025 22:35:54.186] [Netty Epoll Server IO #7/DEBUG] [net.minecraftforge.network.HandshakeHandler/FMLHANDSHAKE]: Received client indexed reply 2 of type net.minecraftforge.network.HandshakeMessages$C2SModListReply
[16Oct2025 22:35:54.186] [Netty Epoll Server IO #7/DEBUG] [net.minecraftforge.network.HandshakeHandler/FMLHANDSHAKE]: Received client connection with modlist [minecraft, immersiveui, trade_cycling, pick_up_tnt, mcef, geckolib, playeranimator, jei, tacz, a_good_place, caelus, sophisticatedcore, iceberg, curios, legendarytooltips, xaerominimap, xaeroworldmap, prism, citadel, alexscaves, irons_spellbooks, aaa_particles, mixinextras, tombstone, sophisticatedbackpacks, coroutil, architectury, octolib, aaa_particles_world, vampirism, teamlapenlib, iceandfire, crucifix, watut, forge, tlskincape, webdisplays, endermail]
[16Oct2025 22:35:54.186] [Netty Epoll Server IO #7/DEBUG] [net.minecraftforge.network.NetworkRegistry/NETREGISTRY]: Channel 'teamlapenlib:main' : Version test of '1' from client : ACCEPTED
[16Oct2025 22:35:54.186] [Netty Epoll Server IO #7/DEBUG] [net.minecraftforge.network.NetworkRegistry/NETREGISTRY]: Channel 'watut:main' : Version test of '4' from client : ACCEPTED
[16Oct2025 22:35:54.186] [Netty Epoll Server IO #7/DEBUG] [net.minecraftforge.network.NetworkRegistry/NETREGISTRY]: Channel 'alexscaves:main_channel' : Version test of '1' from client : ACCEPTED
[16Oct2025 22:35:54.186] [Netty Epoll Server IO #7/DEBUG] [net.minecraftforge.network.NetworkRegistry/NETREGISTRY]: Channel 'architectury:network' : Version test of '1' from client : ACCEPTED
[16Oct2025 22:35:54.186] [Netty Epoll Server IO #7/DEBUG] [net.minecraftforge.network.NetworkRegistry/NETREGISTRY]: Channel 'endermail:endermail' : Version test of '1.0' from client : ACCEPTED
[16Oct2025 22:35:54.186] [Netty Epoll Server IO #7/DEBUG] [net.minecraftforge.network.NetworkRegistry/NETREGISTRY]: Channel 'webdisplays:packetsystem' : Version test of '2' from client : ACCEPTED
[16Oct2025 22:35:54.186] [Netty Epoll Server IO #7/DEBUG] [net.minecraftforge.network.NetworkRegistry/NETREGISTRY]: Channel 'jei:channel' : Version test of '1.0.0' from client : ACCEPTED
[16Oct2025 22:35:54.186] [Netty Epoll Server IO #7/DEBUG] [net.minecraftforge.network.NetworkRegistry/NETREGISTRY]: Channel 'minecraft:unregister' : Version test of 'FML3' from client : ACCEPTED
[16Oct2025 22:35:54.186] [Netty Epoll Server IO #7/DEBUG] [net.minecraftforge.network.NetworkRegistry/NETREGISTRY]: Channel 'sophisticatedbackpacks:channel' : Version test of '1' from client : ACCEPTED
[16Oct2025 22:35:54.186] [Netty Epoll Server IO #7/DEBUG] [net.minecraftforge.network.NetworkRegistry/NETREGISTRY]: Channel 'citadel:main_channel' : Version test of '1' from client : ACCEPTED
[16Oct2025 22:35:54.186] [Netty Epoll Server IO #7/DEBUG] [net.minecraftforge.network.NetworkRegistry/NETREGISTRY]: Channel 'iceandfire:main_channel' : Version test of '1' from client : ACCEPTED
[16Oct2025 22:35:54.186] [Netty Epoll Server IO #7/DEBUG] [net.minecraftforge.network.NetworkRegistry/NETREGISTRY]: Channel 'trade_cycling:cycle_trades' : Version test of 'ALLOWVANILLA 💓💓💓' from client : ACCEPTED
[16Oct2025 22:35:54.186] [Netty Epoll Server IO #7/DEBUG] [net.minecraftforge.network.NetworkRegistry/NETREGISTRY]: Channel 'tacz:handshake' : Version test of '1.0.4' from client : ACCEPTED
[16Oct2025 22:35:54.186] [Netty Epoll Server IO #7/DEBUG] [net.minecraftforge.network.NetworkRegistry/NETREGISTRY]: Channel 'curios:main' : Version test of '1' from client : ACCEPTED
[16Oct2025 22:35:54.186] [Netty Epoll Server IO #7/DEBUG] [net.minecraftforge.network.NetworkRegistry/NETREGISTRY]: Channel 'irons_spellbooks:messages' : Version test of '1.0' from client : ACCEPTED
[16Oct2025 22:35:54.187] [Netty Epoll Server IO #7/DEBUG] [net.minecraftforge.network.NetworkRegistry/NETREGISTRY]: Channel 'fml:loginwrapper' : Version test of 'FML3' from client : ACCEPTED
[16Oct2025 22:35:54.187] [Netty Epoll Server IO #7/DEBUG] [net.minecraftforge.network.NetworkRegistry/NETREGISTRY]: Channel 'forge:tier_sorting' : Version test of '1.0' from client : ACCEPTED
[16Oct2025 22:35:54.187] [Netty Epoll Server IO #7/DEBUG] [net.minecraftforge.network.NetworkRegistry/NETREGISTRY]: Channel 'crucifix:crucifix' : Version test of '1' from client : ACCEPTED
[16Oct2025 22:35:54.187] [Netty Epoll Server IO #7/DEBUG] [net.minecraftforge.network.NetworkRegistry/NETREGISTRY]: Channel 'tombstone:tombstone_channel' : Version test of 'tombstone-9.0.9' from client : ACCEPTED
[16Oct2025 22:35:54.187] [Netty Epoll Server IO #7/DEBUG] [net.minecraftforge.network.NetworkRegistry/NETREGISTRY]: Channel 'fml:play' : Version test of 'FML3' from client : ACCEPTED
[16Oct2025 22:35:54.187] [Netty Epoll Server IO #7/DEBUG] [net.minecraftforge.network.NetworkRegistry/NETREGISTRY]: Channel 'sophisticatedcore:channel' : Version test of '1' from client : ACCEPTED
[16Oct2025 22:35:54.187] [Netty Epoll Server IO #7/DEBUG] [net.minecraftforge.network.NetworkRegistry/NETREGISTRY]: Channel 'caelus:main' : Version test of '1' from client : ACCEPTED
[16Oct2025 22:35:54.187] [Netty Epoll Server IO #7/DEBUG] [net.minecraftforge.network.NetworkRegistry/NETREGISTRY]: Channel 'fml:handshake' : Version test of 'FML3' from client : ACCEPTED
[16Oct2025 22:35:54.187] [Netty Epoll Server IO #7/DEBUG] [net.minecraftforge.network.NetworkRegistry/NETREGISTRY]: Channel 'vampirism:main' : Version test of '1' from client : ACCEPTED
[16Oct2025 22:35:54.187] [Netty Epoll Server IO #7/DEBUG] [net.minecraftforge.network.NetworkRegistry/NETREGISTRY]: Channel 'minecraft:register' : Version test of 'FML3' from client : ACCEPTED
[16Oct2025 22:35:54.187] [Netty Epoll Server IO #7/DEBUG] [net.minecraftforge.network.NetworkRegistry/NETREGISTRY]: Channel 'forge:split' : Version test of '1.1' from client : ACCEPTED
[16Oct2025 22:35:54.187] [Netty Epoll Server IO #7/DEBUG] [net.minecraftforge.network.NetworkRegistry/NETREGISTRY]: Channel 'tacz:network' : Version test of '1.0.4' from client : ACCEPTED
[16Oct2025 22:35:54.187] [Netty Epoll Server IO #7/DEBUG] [net.minecraftforge.network.NetworkRegistry/NETREGISTRY]: Channel 'geckolib:main' : Version test of '1' from client : ACCEPTED
[16Oct2025 22:35:54.187] [Netty Epoll Server IO #7/DEBUG] [net.minecraftforge.network.NetworkRegistry/NETREGISTRY]: Accepting channel list from client
[16Oct2025 22:35:54.187] [Netty Epoll Server IO #7/DEBUG] [net.minecraftforge.network.HandshakeHandler/FMLHANDSHAKE]: Accepted client connection mod list
[16Oct2025 22:35:54.194] [Server thread/DEBUG] [net.minecraftforge.network.HandshakeHandler/FMLHANDSHAKE]: Sending ticking packet info 'Registry vampirism:task_reward' to 'fml:handshake' sequence 28
[16Oct2025 22:35:54.194] [Server thread/DEBUG] [net.minecraftforge.network.HandshakeHandler/FMLHANDSHAKE]: Sending ticking packet info 'Registry minecraft:villager_profession' to 'fml:handshake' sequence 5
[16Oct2025 22:35:54.236] [Netty Epoll Server IO #7/DEBUG] [net.minecraftforge.network.LoginWrapper/FMLHANDSHAKE]: Recieved login wrapper packet event for channel fml:handshake with index 3
[16Oct2025 22:35:54.237] [Netty Epoll Server IO #7/DEBUG] [net.minecraftforge.network.HandshakeHandler/FMLHANDSHAKE]: Received client indexed reply 3 of type net.minecraftforge.network.HandshakeMessages$C2SAcknowledge
[16Oct2025 22:35:54.237] [Netty Epoll Server IO #7/DEBUG] [net.minecraftforge.network.HandshakeHandler/FMLHANDSHAKE]: Received acknowledgement from client
[16Oct2025 22:35:54.243] [Server thread/DEBUG] [net.minecraftforge.network.HandshakeHandler/FMLHANDSHAKE]: Sending ticking packet info 'Registry vampirism:oil' to 'fml:handshake' sequence 29
[16Oct2025 22:35:54.243] [Server thread/DEBUG] [net.minecraftforge.network.HandshakeHandler/FMLHANDSHAKE]: Sending ticking packet info 'Registry minecraft:item' to 'fml:handshake' sequence 6
[16Oct2025 22:35:54.285] [Netty Epoll Server IO #7/DEBUG] [net.minecraftforge.network.LoginWrapper/FMLHANDSHAKE]: Recieved login wrapper packet event for channel fml:handshake with index 4
[16Oct2025 22:35:54.286] [Netty Epoll Server IO #7/DEBUG] [net.minecraftforge.network.HandshakeHandler/FMLHANDSHAKE]: Received client indexed reply 4 of type net.minecraftforge.network.HandshakeMessages$C2SAcknowledge
[16Oct2025 22:35:54.286] [Netty Epoll Server IO #7/DEBUG] [net.minecraftforge.network.HandshakeHandler/FMLHANDSHAKE]: Received acknowledgement from client
[16Oct2025 22:35:54.293] [Server thread/DEBUG] [net.minecraftforge.network.HandshakeHandler/FMLHANDSHAKE]: Sending ticking packet info 'Registry vampirism:converting_handler' to 'fml:handshake' sequence 30
[16Oct2025 22:35:54.294] [Server thread/DEBUG] [net.minecraftforge.network.HandshakeHandler/FMLHANDSHAKE]: Sending ticking packet info 'Registry minecraft:potion' to 'fml:handshake' sequence 7
[16Oct2025 22:35:54.335] [Netty Epoll Server IO #7/DEBUG] [net.minecraftforge.network.LoginWrapper/FMLHANDSHAKE]: Recieved login wrapper packet event for channel fml:handshake with index 5
[16Oct2025 22:35:54.335] [Netty Epoll Server IO #7/DEBUG] [net.minecraftforge.network.HandshakeHandler/FMLHANDSHAKE]: Received client indexed reply 5 of type net.minecraftforge.network.HandshakeMessages$C2SAcknowledge
[16Oct2025 22:35:54.335] [Netty Epoll Server IO #7/DEBUG] [net.minecraftforge.network.HandshakeHandler/FMLHANDSHAKE]: Received acknowledgement from client
[16Oct2025 22:35:54.344] [Server thread/DEBUG] [net.minecraftforge.network.HandshakeHandler/FMLHANDSHAKE]: Sending ticking packet info 'Registry minecraft:mob_effect' to 'fml:handshake' sequence 31
[16Oct2025 22:35:54.344] [Server thread/DEBUG] [net.minecraftforge.network.HandshakeHandler/FMLHANDSHAKE]: Sending ticking packet info 'Registry vampirism:refinement' to 'fml:handshake' sequence 8
[16Oct2025 22:35:54.393] [Server thread/DEBUG] [net.minecraftforge.network.HandshakeHandler/FMLHANDSHAKE]: Sending ticking packet info 'Registry vampirism:entityactions' to 'fml:handshake' sequence 32
[16Oct2025 22:35:54.394] [Server thread/DEBUG] [net.minecraftforge.network.HandshakeHandler/FMLHANDSHAKE]: Sending ticking packet info 'Registry minecraft:block_entity_type' to 'fml:handshake' sequence 9
[16Oct2025 22:35:54.445] [Server thread/DEBUG] [net.minecraftforge.network.HandshakeHandler/FMLHANDSHAKE]: Sending ticking packet info 'Registry tombstone:perks' to 'fml:handshake' sequence 33
[16Oct2025 22:35:54.448] [Server thread/DEBUG] [net.minecraftforge.network.HandshakeHandler/FMLHANDSHAKE]: Sending ticking packet info 'Registry forge:display_contexts' to 'fml:handshake' sequence 10
[16Oct2025 22:35:54.495] [Server thread/DEBUG] [net.minecraftforge.network.HandshakeHandler/FMLHANDSHAKE]: Sending ticking packet info 'Registry minecraft:enchantment' to 'fml:handshake' sequence 34
[16Oct2025 22:35:54.496] [Server thread/DEBUG] [net.minecraftforge.network.HandshakeHandler/FMLHANDSHAKE]: Sending ticking packet info 'Registry vampirism:task_unlocker' to 'fml:handshake' sequence 11
[16Oct2025 22:35:54.543] [Server thread/DEBUG] [net.minecraftforge.network.HandshakeHandler/FMLHANDSHAKE]: Sending ticking packet info 'Registry vampirism:task_reward_instance' to 'fml:handshake' sequence 35
[16Oct2025 22:35:54.544] [Server thread/DEBUG] [net.minecraftforge.network.HandshakeHandler/FMLHANDSHAKE]: Sending ticking packet info 'Registry irons_spellbooks:spells' to 'fml:handshake' sequence 12
[16Oct2025 22:35:54.593] [Server thread/DEBUG] [net.minecraftforge.network.HandshakeHandler/FMLHANDSHAKE]: Sending ticking packet info 'Registry minecraft:entity_type' to 'fml:handshake' sequence 36
[16Oct2025 22:35:54.602] [Server thread/DEBUG] [net.minecraftforge.network.HandshakeHandler/FMLHANDSHAKE]: Sending ticking packet info 'Registry vampirism:miniontasks' to 'fml:handshake' sequence 13
[16Oct2025 22:35:54.645] [Server thread/DEBUG] [net.minecraftforge.network.HandshakeHandler/FMLHANDSHAKE]: Sending ticking packet info 'Config curios-server.toml' to 'fml:handshake' sequence 37
[16Oct2025 22:35:54.645] [Server thread/DEBUG] [net.minecraftforge.network.HandshakeHandler/FMLHANDSHAKE]: Sending ticking packet info 'Registry minecraft:stat_type' to 'fml:handshake' sequence 14
[16Oct2025 22:35:54.694] [Server thread/DEBUG] [net.minecraftforge.network.HandshakeHandler/FMLHANDSHAKE]: Sending ticking packet info 'Config irons_spellbooks-server.toml' to 'fml:handshake' sequence 38
[16Oct2025 22:35:54.695] [Server thread/DEBUG] [net.minecraftforge.network.HandshakeHandler/FMLHANDSHAKE]: Sending ticking packet info 'Registry vampirism:skills' to 'fml:handshake' sequence 15
[16Oct2025 22:35:54.711] [Netty Epoll Server IO #7/DEBUG] [net.minecraftforge.network.LoginWrapper/FMLHANDSHAKE]: Recieved login wrapper packet event for channel fml:handshake with index 6
[16Oct2025 22:35:54.711] [Netty Epoll Server IO #7/DEBUG] [net.minecraftforge.network.HandshakeHandler/FMLHANDSHAKE]: Received client indexed reply 6 of type net.minecraftforge.network.HandshakeMessages$C2SAcknowledge
[16Oct2025 22:35:54.711] [Netty Epoll Server IO #7/DEBUG] [net.minecraftforge.network.HandshakeHandler/FMLHANDSHAKE]: Received acknowledgement from client
[16Oct2025 22:35:54.744] [Server thread/DEBUG] [net.minecraftforge.network.HandshakeHandler/FMLHANDSHAKE]: Sending ticking packet info 'Config tombstone-server.toml' to 'fml:handshake' sequence 39
[16Oct2025 22:35:54.750] [Server thread/DEBUG] [net.minecraftforge.network.HandshakeHandler/FMLHANDSHAKE]: Sending ticking packet info 'Registry minecraft:menu' to 'fml:handshake' sequence 16
[16Oct2025 22:35:54.757] [Netty Epoll Server IO #7/DEBUG] [net.minecraftforge.network.LoginWrapper/FMLHANDSHAKE]: Recieved login wrapper packet event for channel fml:handshake with index 7
[16Oct2025 22:35:54.758] [Netty Epoll Server IO #7/DEBUG] [net.minecraftforge.network.HandshakeHandler/FMLHANDSHAKE]: Received client indexed reply 7 of type net.minecraftforge.network.HandshakeMessages$C2SAcknowledge
[16Oct2025 22:35:54.758] [Netty Epoll Server IO #7/DEBUG] [net.minecraftforge.network.HandshakeHandler/FMLHANDSHAKE]: Received acknowledgement from client
[16Oct2025 22:35:54.758] [Netty Epoll Server IO #7/DEBUG] [net.minecraftforge.network.LoginWrapper/FMLHANDSHAKE]: Recieved login wrapper packet event for channel fml:handshake with index 8
[16Oct2025 22:35:54.758] [Netty Epoll Server IO #7/DEBUG] [net.minecraftforge.network.HandshakeHandler/FMLHANDSHAKE]: Received client indexed reply 8 of type net.minecraftforge.network.HandshakeMessages$C2SAcknowledge
[16Oct2025 22:35:54.758] [Netty Epoll Server IO #7/DEBUG] [net.minecraftforge.network.HandshakeHandler/FMLHANDSHAKE]: Received acknowledgement from client
[16Oct2025 22:35:54.758] [Netty Epoll Server IO #7/DEBUG] [net.minecraftforge.network.LoginWrapper/FMLHANDSHAKE]: Recieved login wrapper packet event for channel fml:handshake with index 9
[16Oct2025 22:35:54.758] [Netty Epoll Server IO #7/DEBUG] [net.minecraftforge.network.HandshakeHandler/FMLHANDSHAKE]: Received client indexed reply 9 of type net.minecraftforge.network.HandshakeMessages$C2SAcknowledge
[16Oct2025 22:35:54.758] [Netty Epoll Server IO #7/DEBUG] [net.minecraftforge.network.HandshakeHandler/FMLHANDSHAKE]: Received acknowledgement from client
[16Oct2025 22:35:54.758] [Netty Epoll Server IO #7/DEBUG] [net.minecraftforge.network.LoginWrapper/FMLHANDSHAKE]: Recieved login wrapper packet event for channel fml:handshake with index 10
[16Oct2025 22:35:54.758] [Netty Epoll Server IO #7/DEBUG] [net.minecraftforge.network.HandshakeHandler/FMLHANDSHAKE]: Received client indexed reply 10 of type net.minecraftforge.network.HandshakeMessages$C2SAcknowledge
[16Oct2025 22:35:54.758] [Netty Epoll Server IO #7/DEBUG] [net.minecraftforge.network.HandshakeHandler/FMLHANDSHAKE]: Received acknowledgement from client
[16Oct2025 22:35:54.758] [Netty Epoll Server IO #7/DEBUG] [net.minecraftforge.network.LoginWrapper/FMLHANDSHAKE]: Recieved login wrapper packet event for channel fml:handshake with index 11
[16Oct2025 22:35:54.758] [Netty Epoll Server IO #7/DEBUG] [net.minecraftforge.network.HandshakeHandler/FMLHANDSHAKE]: Received client indexed reply 11 of type net.minecraftforge.network.HandshakeMessages$C2SAcknowledge
[16Oct2025 22:35:54.758] [Netty Epoll Server IO #7/DEBUG] [net.minecraftforge.network.HandshakeHandler/FMLHANDSHAKE]: Received acknowledgement from client
[16Oct2025 22:35:54.795] [Server thread/DEBUG] [net.minecraftforge.network.HandshakeHandler/FMLHANDSHAKE]: Sending ticking packet info 'Config vampirism-server.toml' to 'fml:handshake' sequence 40
[16Oct2025 22:35:54.796] [Server thread/DEBUG] [net.minecraftforge.network.HandshakeHandler/FMLHANDSHAKE]: Sending ticking packet info 'Registry vampirism:actions' to 'fml:handshake' sequence 17
[16Oct2025 22:35:54.814] [Netty Epoll Server IO #7/DEBUG] [net.minecraftforge.network.LoginWrapper/FMLHANDSHAKE]: Recieved login wrapper packet event for channel fml:handshake with index 12
[16Oct2025 22:35:54.814] [Netty Epoll Server IO #7/DEBUG] [net.minecraftforge.network.HandshakeHandler/FMLHANDSHAKE]: Received client indexed reply 12 of type net.minecraftforge.network.HandshakeMessages$C2SAcknowledge
[16Oct2025 22:35:54.814] [Netty Epoll Server IO #7/DEBUG] [net.minecraftforge.network.HandshakeHandler/FMLHANDSHAKE]: Received acknowledgement from client
[16Oct2025 22:35:54.814] [Netty Epoll Server IO #7/DEBUG] [net.minecraftforge.network.LoginWrapper/FMLHANDSHAKE]: Recieved login wrapper packet event for channel fml:handshake with index 13
[16Oct2025 22:35:54.814] [Netty Epoll Server IO #7/DEBUG] [net.minecraftforge.network.HandshakeHandler/FMLHANDSHAKE]: Received client indexed reply 13 of type net.minecraftforge.network.HandshakeMessages$C2SAcknowledge
[16Oct2025 22:35:54.814] [Netty Epoll Server IO #7/DEBUG] [net.minecraftforge.network.HandshakeHandler/FMLHANDSHAKE]: Received acknowledgement from client
[16Oct2025 22:35:54.814] [Netty Epoll Server IO #7/DEBUG] [net.minecraftforge.network.LoginWrapper/FMLHANDSHAKE]: Recieved login wrapper packet event for channel fml:handshake with index 14
[16Oct2025 22:35:54.814] [Netty Epoll Server IO #7/DEBUG] [net.minecraftforge.network.HandshakeHandler/FMLHANDSHAKE]: Received client indexed reply 14 of type net.minecraftforge.network.HandshakeMessages$C2SAcknowledge
[16Oct2025 22:35:54.814] [Netty Epoll Server IO #7/DEBUG] [net.minecraftforge.network.HandshakeHandler/FMLHANDSHAKE]: Received acknowledgement from client
[16Oct2025 22:35:54.836] [Netty Epoll Server IO #7/DEBUG] [net.minecraftforge.network.LoginWrapper/FMLHANDSHAKE]: Recieved login wrapper packet event for channel fml:handshake with index 15
[16Oct2025 22:35:54.836] [Netty Epoll Server IO #7/DEBUG] [net.minecraftforge.network.HandshakeHandler/FMLHANDSHAKE]: Received client indexed reply 15 of type net.minecraftforge.network.HandshakeMessages$C2SAcknowledge
[16Oct2025 22:35:54.836] [Netty Epoll Server IO #7/DEBUG] [net.minecraftforge.network.HandshakeHandler/FMLHANDSHAKE]: Received acknowledgement from client
[16Oct2025 22:35:54.847] [Server thread/DEBUG] [net.minecraftforge.network.HandshakeHandler/FMLHANDSHAKE]: Sending ticking packet info 'Config sophisticatedbackpacks-server.toml' to 'fml:handshake' sequence 41
[16Oct2025 22:35:54.849] [Server thread/DEBUG] [net.minecraftforge.network.HandshakeHandler/FMLHANDSHAKE]: Sending ticking packet info 'Registry vampirism:refinement_set' to 'fml:handshake' sequence 18
[16Oct2025 22:35:54.894] [Server thread/DEBUG] [net.minecraftforge.network.HandshakeHandler/FMLHANDSHAKE]: Sending ticking packet info 'Config vampirism-balance.toml' to 'fml:handshake' sequence 42
[16Oct2025 22:35:54.898] [Server thread/DEBUG] [net.minecraftforge.network.HandshakeHandler/FMLHANDSHAKE]: Sending ticking packet info 'Registry minecraft:fluid' to 'fml:handshake' sequence 19
[16Oct2025 22:35:54.897] [Netty Epoll Server IO #7/DEBUG] [net.minecraftforge.network.LoginWrapper/FMLHANDSHAKE]: Recieved login wrapper packet event for channel fml:handshake with index 16
[16Oct2025 22:35:54.898] [Netty Epoll Server IO #7/DEBUG] [net.minecraftforge.network.HandshakeHandler/FMLHANDSHAKE]: Received client indexed reply 16 of type net.minecraftforge.network.HandshakeMessages$C2SAcknowledge
[16Oct2025 22:35:54.898] [Netty Epoll Server IO #7/DEBUG] [net.minecraftforge.network.HandshakeHandler/FMLHANDSHAKE]: Received acknowledgement from client
[16Oct2025 22:35:54.937] [Netty Epoll Server IO #7/DEBUG] [net.minecraftforge.network.LoginWrapper/FMLHANDSHAKE]: Recieved login wrapper packet event for channel fml:handshake with index 17
[16Oct2025 22:35:54.937] [Netty Epoll Server IO #7/DEBUG] [net.minecraftforge.network.HandshakeHandler/FMLHANDSHAKE]: Received client indexed reply 17 of type net.minecraftforge.network.HandshakeMessages$C2SAcknowledge
[16Oct2025 22:35:54.937] [Netty Epoll Server IO #7/DEBUG] [net.minecraftforge.network.HandshakeHandler/FMLHANDSHAKE]: Received acknowledgement from client
[16Oct2025 22:35:54.953] [Server thread/DEBUG] [net.minecraftforge.network.HandshakeHandler/FMLHANDSHAKE]: Sending ticking packet info 'Config jei-server.toml' to 'fml:handshake' sequence 43
[16Oct2025 22:35:54.953] [Server thread/DEBUG] [net.minecraftforge.network.HandshakeHandler/FMLHANDSHAKE]: Sending ticking packet info 'Registry vampirism:task_requirement' to 'fml:handshake' sequence 20
[16Oct2025 22:35:54.996] [Server thread/DEBUG] [net.minecraftforge.network.HandshakeHandler/FMLHANDSHAKE]: Sending ticking packet info 'Config tacz-server.toml' to 'fml:handshake' sequence 44
[16Oct2025 22:35:55.005] [Server thread/DEBUG] [net.minecraftforge.network.HandshakeHandler/FMLHANDSHAKE]: Sending ticking packet info 'Registry minecraft:recipe_serializer' to 'fml:handshake' sequence 21
[16Oct2025 22:35:55.007] [Netty Epoll Server IO #7/DEBUG] [net.minecraftforge.network.LoginWrapper/FMLHANDSHAKE]: Recieved login wrapper packet event for channel fml:handshake with index 18
[16Oct2025 22:35:55.007] [Netty Epoll Server IO #7/DEBUG] [net.minecraftforge.network.HandshakeHandler/FMLHANDSHAKE]: Received client indexed reply 18 of type net.minecraftforge.network.HandshakeMessages$C2SAcknowledge
[16Oct2025 22:35:55.007] [Netty Epoll Server IO #7/DEBUG] [net.minecraftforge.network.HandshakeHandler/FMLHANDSHAKE]: Received acknowledgement from client
[16Oct2025 22:35:55.040] [Netty Epoll Server IO #7/DEBUG] [net.minecraftforge.network.LoginWrapper/FMLHANDSHAKE]: Recieved login wrapper packet event for channel fml:handshake with index 19
[16Oct2025 22:35:55.040] [Netty Epoll Server IO #7/DEBUG] [net.minecraftforge.network.HandshakeHandler/FMLHANDSHAKE]: Received client indexed reply 19 of type net.minecraftforge.network.HandshakeMessages$C2SAcknowledge
[16Oct2025 22:35:55.040] [Netty Epoll Server IO #7/DEBUG] [net.minecraftforge.network.HandshakeHandler/FMLHANDSHAKE]: Received acknowledgement from client
[16Oct2025 22:35:55.043] [Server thread/DEBUG] [net.minecraftforge.network.HandshakeHandler/FMLHANDSHAKE]: Sending ticking packet info 'Config forge-server.toml' to 'fml:handshake' sequence 45
[16Oct2025 22:35:55.043] [Server thread/DEBUG] [net.minecraftforge.network.HandshakeHandler/FMLHANDSHAKE]: Sending ticking packet info 'Registry minecraft:sound_event' to 'fml:handshake' sequence 22
[16Oct2025 22:35:55.094] [Server thread/DEBUG] [net.minecraftforge.network.HandshakeHandler/FMLHANDSHAKE]: Sending ticking packet info 'Registry minecraft:particle_type' to 'fml:handshake' sequence 23
[16Oct2025 22:35:55.094] [Netty Epoll Server IO #7/DEBUG] [net.minecraftforge.network.LoginWrapper/FMLHANDSHAKE]: Recieved login wrapper packet event for channel fml:handshake with index 20
[16Oct2025 22:35:55.095] [Netty Epoll Server IO #7/DEBUG] [net.minecraftforge.network.HandshakeHandler/FMLHANDSHAKE]: Received client indexed reply 20 of type net.minecraftforge.network.HandshakeMessages$C2SAcknowledge
[16Oct2025 22:35:55.095] [Netty Epoll Server IO #7/DEBUG] [net.minecraftforge.network.HandshakeHandler/FMLHANDSHAKE]: Received acknowledgement from client
[16Oct2025 22:35:55.144] [Server thread/DEBUG] [net.minecraftforge.network.HandshakeHandler/FMLHANDSHAKE]: Sending ticking packet info 'Registry minecraft:painting_variant' to 'fml:handshake' sequence 24
[16Oct2025 22:35:55.151] [Netty Epoll Server IO #7/DEBUG] [net.minecraftforge.network.LoginWrapper/FMLHANDSHAKE]: Recieved login wrapper packet event for channel fml:handshake with index 21
[16Oct2025 22:35:55.152] [Netty Epoll Server IO #7/DEBUG] [net.minecraftforge.network.HandshakeHandler/FMLHANDSHAKE]: Received client indexed reply 21 of type net.minecraftforge.network.HandshakeMessages$C2SAcknowledge
[16Oct2025 22:35:55.152] [Netty Epoll Server IO #7/DEBUG] [net.minecraftforge.network.HandshakeHandler/FMLHANDSHAKE]: Received acknowledgement from client
[16Oct2025 22:35:55.197] [Server thread/DEBUG] [net.minecraftforge.network.HandshakeHandler/FMLHANDSHAKE]: Sending ticking packet info 'Registry forge:fluid_type' to 'fml:handshake' sequence 25
[16Oct2025 22:35:55.248] [Server thread/DEBUG] [net.minecraftforge.network.HandshakeHandler/FMLHANDSHAKE]: Sending ticking packet info 'Registry minecraft:block' to 'fml:handshake' sequence 26
[16Oct2025 22:35:55.294] [Server thread/DEBUG] [net.minecraftforge.network.HandshakeHandler/FMLHANDSHAKE]: Sending ticking packet info 'Registry forge:entity_data_serializers' to 'fml:handshake' sequence 27
[16Oct2025 22:35:55.335] [Netty Epoll Server IO #7/DEBUG] [net.minecraftforge.network.LoginWrapper/FMLHANDSHAKE]: Recieved login wrapper packet event for channel fml:handshake with index 22
[16Oct2025 22:35:55.335] [Netty Epoll Server IO #7/DEBUG] [net.minecraftforge.network.HandshakeHandler/FMLHANDSHAKE]: Received client indexed reply 22 of type net.minecraftforge.network.HandshakeMessages$C2SAcknowledge
[16Oct2025 22:35:55.335] [Netty Epoll Server IO #7/DEBUG] [net.minecraftforge.network.HandshakeHandler/FMLHANDSHAKE]: Received acknowledgement from client
[16Oct2025 22:35:55.335] [Netty Epoll Server IO #7/DEBUG] [net.minecraftforge.network.LoginWrapper/FMLHANDSHAKE]: Recieved login wrapper packet event for channel fml:handshake with index 23
[16Oct2025 22:35:55.335] [Netty Epoll Server IO #7/DEBUG] [net.minecraftforge.network.HandshakeHandler/FMLHANDSHAKE]: Received client indexed reply 23 of type net.minecraftforge.network.HandshakeMessages$C2SAcknowledge
[16Oct2025 22:35:55.335] [Netty Epoll Server IO #7/DEBUG] [net.minecraftforge.network.HandshakeHandler/FMLHANDSHAKE]: Received acknowledgement from client
[16Oct2025 22:35:55.335] [Netty Epoll Server IO #7/DEBUG] [net.minecraftforge.network.LoginWrapper/FMLHANDSHAKE]: Recieved login wrapper packet event for channel fml:handshake with index 24
[16Oct2025 22:35:55.335] [Netty Epoll Server IO #7/DEBUG] [net.minecraftforge.network.HandshakeHandler/FMLHANDSHAKE]: Received client indexed reply 24 of type net.minecraftforge.network.HandshakeMessages$C2SAcknowledge
[16Oct2025 22:35:55.335] [Netty Epoll Server IO #7/DEBUG] [net.minecraftforge.network.HandshakeHandler/FMLHANDSHAKE]: Received acknowledgement from client
[16Oct2025 22:35:55.338] [Netty Epoll Server IO #7/DEBUG] [net.minecraftforge.network.LoginWrapper/FMLHANDSHAKE]: Recieved login wrapper packet event for channel fml:handshake with index 25
[16Oct2025 22:35:55.338] [Netty Epoll Server IO #7/DEBUG] [net.minecraftforge.network.HandshakeHandler/FMLHANDSHAKE]: Received client indexed reply 25 of type net.minecraftforge.network.HandshakeMessages$C2SAcknowledge
[16Oct2025 22:35:55.338] [Netty Epoll Server IO #7/DEBUG] [net.minecraftforge.network.HandshakeHandler/FMLHANDSHAKE]: Received acknowledgement from client
[16Oct2025 22:35:55.344] [Server thread/DEBUG] [net.minecraftforge.network.HandshakeHandler/FMLHANDSHAKE]: Sending ticking packet info 'Registry vampirism:task_reward' to 'fml:handshake' sequence 28
[16Oct2025 22:35:55.394] [Server thread/DEBUG] [net.minecraftforge.network.HandshakeHandler/FMLHANDSHAKE]: Sending ticking packet info 'Registry vampirism:oil' to 'fml:handshake' sequence 29
[16Oct2025 22:35:55.443] [Server thread/DEBUG] [net.minecraftforge.network.HandshakeHandler/FMLHANDSHAKE]: Sending ticking packet info 'Registry vampirism:converting_handler' to 'fml:handshake' sequence 30
[16Oct2025 22:35:55.476] [Netty Epoll Server IO #7/DEBUG] [net.minecraftforge.network.LoginWrapper/FMLHANDSHAKE]: Recieved login wrapper packet event for channel fml:handshake with index 26
[16Oct2025 22:35:55.476] [Netty Epoll Server IO #7/DEBUG] [net.minecraftforge.network.HandshakeHandler/FMLHANDSHAKE]: Received client indexed reply 26 of type net.minecraftforge.network.HandshakeMessages$C2SAcknowledge
[16Oct2025 22:35:55.476] [Netty Epoll Server IO #7/DEBUG] [net.minecraftforge.network.HandshakeHandler/FMLHANDSHAKE]: Received acknowledgement from client
[16Oct2025 22:35:55.476] [Netty Epoll Server IO #7/DEBUG] [net.minecraftforge.network.LoginWrapper/FMLHANDSHAKE]: Recieved login wrapper packet event for channel fml:handshake with index 27
[16Oct2025 22:35:55.476] [Netty Epoll Server IO #7/DEBUG] [net.minecraftforge.network.HandshakeHandler/FMLHANDSHAKE]: Received client indexed reply 27 of type net.minecraftforge.network.HandshakeMessages$C2SAcknowledge
[16Oct2025 22:35:55.476] [Netty Epoll Server IO #7/DEBUG] [net.minecraftforge.network.HandshakeHandler/FMLHANDSHAKE]: Received acknowledgement from client
[16Oct2025 22:35:55.487] [Netty Epoll Server IO #7/DEBUG] [net.minecraftforge.network.LoginWrapper/FMLHANDSHAKE]: Recieved login wrapper packet event for channel fml:handshake with index 28
[16Oct2025 22:35:55.487] [Netty Epoll Server IO #7/DEBUG] [net.minecraftforge.network.HandshakeHandler/FMLHANDSHAKE]: Received client indexed reply 28 of type net.minecraftforge.network.HandshakeMessages$C2SAcknowledge
[16Oct2025 22:35:55.487] [Netty Epoll Server IO #7/DEBUG] [net.minecraftforge.network.HandshakeHandler/FMLHANDSHAKE]: Received acknowledgement from client
[16Oct2025 22:35:55.494] [Server thread/DEBUG] [net.minecraftforge.network.HandshakeHandler/FMLHANDSHAKE]: Sending ticking packet info 'Registry minecraft:mob_effect' to 'fml:handshake' sequence 31
[16Oct2025 22:35:55.535] [Netty Epoll Server IO #7/DEBUG] [net.minecraftforge.network.LoginWrapper/FMLHANDSHAKE]: Recieved login wrapper packet event for channel fml:handshake with index 29
[16Oct2025 22:35:55.535] [Netty Epoll Server IO #7/DEBUG] [net.minecraftforge.network.HandshakeHandler/FMLHANDSHAKE]: Received client indexed reply 29 of type net.minecraftforge.network.HandshakeMessages$C2SAcknowledge
[16Oct2025 22:35:55.536] [Netty Epoll Server IO #7/DEBUG] [net.minecraftforge.network.HandshakeHandler/FMLHANDSHAKE]: Received acknowledgement from client
[16Oct2025 22:35:55.544] [Server thread/DEBUG] [net.minecraftforge.network.HandshakeHandler/FMLHANDSHAKE]: Sending ticking packet info 'Registry vampirism:entityactions' to 'fml:handshake' sequence 32
[16Oct2025 22:35:55.584] [Netty Epoll Server IO #7/DEBUG] [net.minecraftforge.network.LoginWrapper/FMLHANDSHAKE]: Recieved login wrapper packet event for channel fml:handshake with index 30
[16Oct2025 22:35:55.584] [Netty Epoll Server IO #7/DEBUG] [net.minecraftforge.network.HandshakeHandler/FMLHANDSHAKE]: Received client indexed reply 30 of type net.minecraftforge.network.HandshakeMessages$C2SAcknowledge
[16Oct2025 22:35:55.584] [Netty Epoll Server IO #7/DEBUG] [net.minecraftforge.network.HandshakeHandler/FMLHANDSHAKE]: Received acknowledgement from client
[16Oct2025 22:35:55.594] [Server thread/DEBUG] [net.minecraftforge.network.HandshakeHandler/FMLHANDSHAKE]: Sending ticking packet info 'Registry tombstone:perks' to 'fml:handshake' sequence 33
[16Oct2025 22:35:55.636] [Netty Epoll Server IO #7/DEBUG] [net.minecraftforge.network.LoginWrapper/FMLHANDSHAKE]: Recieved login wrapper packet event for channel fml:handshake with index 31
[16Oct2025 22:35:55.636] [Netty Epoll Server IO #7/DEBUG] [net.minecraftforge.network.HandshakeHandler/FMLHANDSHAKE]: Received client indexed reply 31 of type net.minecraftforge.network.HandshakeMessages$C2SAcknowledge
[16Oct2025 22:35:55.636] [Netty Epoll Server IO #7/DEBUG] [net.minecraftforge.network.HandshakeHandler/FMLHANDSHAKE]: Received acknowledgement from client
[16Oct2025 22:35:55.644] [Server thread/DEBUG] [net.minecraftforge.network.HandshakeHandler/FMLHANDSHAKE]: Sending ticking packet info 'Registry minecraft:enchantment' to 'fml:handshake' sequence 34
[16Oct2025 22:35:55.689] [Netty Epoll Server IO #7/DEBUG] [net.minecraftforge.network.LoginWrapper/FMLHANDSHAKE]: Recieved login wrapper packet event for channel fml:handshake with index 32
[16Oct2025 22:35:55.689] [Netty Epoll Server IO #7/DEBUG] [net.minecraftforge.network.HandshakeHandler/FMLHANDSHAKE]: Received client indexed reply 32 of type net.minecraftforge.network.HandshakeMessages$C2SAcknowledge
[16Oct2025 22:35:55.689] [Netty Epoll Server IO #7/DEBUG] [net.minecraftforge.network.HandshakeHandler/FMLHANDSHAKE]: Received acknowledgement from client
[16Oct2025 22:35:55.695] [Server thread/DEBUG] [net.minecraftforge.network.HandshakeHandler/FMLHANDSHAKE]: Sending ticking packet info 'Registry vampirism:task_reward_instance' to 'fml:handshake' sequence 35
[16Oct2025 22:35:55.739] [Netty Epoll Server IO #7/DEBUG] [net.minecraftforge.network.LoginWrapper/FMLHANDSHAKE]: Recieved login wrapper packet event for channel fml:handshake with index 33
[16Oct2025 22:35:55.739] [Netty Epoll Server IO #7/DEBUG] [net.minecraftforge.network.HandshakeHandler/FMLHANDSHAKE]: Received client indexed reply 33 of type net.minecraftforge.network.HandshakeMessages$C2SAcknowledge
[16Oct2025 22:35:55.739] [Netty Epoll Server IO #7/DEBUG] [net.minecraftforge.network.HandshakeHandler/FMLHANDSHAKE]: Received acknowledgement from client
[16Oct2025 22:35:55.744] [Server thread/DEBUG] [net.minecraftforge.network.HandshakeHandler/FMLHANDSHAKE]: Sending ticking packet info 'Registry minecraft:entity_type' to 'fml:handshake' sequence 36
[16Oct2025 22:35:55.789] [Netty Epoll Server IO #7/DEBUG] [net.minecraftforge.network.LoginWrapper/FMLHANDSHAKE]: Recieved login wrapper packet event for channel fml:handshake with index 34
[16Oct2025 22:35:55.789] [Netty Epoll Server IO #7/DEBUG] [net.minecraftforge.network.HandshakeHandler/FMLHANDSHAKE]: Received client indexed reply 34 of type net.minecraftforge.network.HandshakeMessages$C2SAcknowledge
[16Oct2025 22:35:55.789] [Netty Epoll Server IO #7/DEBUG] [net.minecraftforge.network.HandshakeHandler/FMLHANDSHAKE]: Received acknowledgement from client
[16Oct2025 22:35:55.796] [Server thread/DEBUG] [net.minecraftforge.network.HandshakeHandler/FMLHANDSHAKE]: Sending ticking packet info 'Config curios-server.toml' to 'fml:handshake' sequence 37
[16Oct2025 22:35:55.836] [Netty Epoll Server IO #7/DEBUG] [net.minecraftforge.network.LoginWrapper/FMLHANDSHAKE]: Recieved login wrapper packet event for channel fml:handshake with index 35
[16Oct2025 22:35:55.836] [Netty Epoll Server IO #7/DEBUG] [net.minecraftforge.network.HandshakeHandler/FMLHANDSHAKE]: Received client indexed reply 35 of type net.minecraftforge.network.HandshakeMessages$C2SAcknowledge
[16Oct2025 22:35:55.836] [Netty Epoll Server IO #7/DEBUG] [net.minecraftforge.network.HandshakeHandler/FMLHANDSHAKE]: Received acknowledgement from client
[16Oct2025 22:35:55.845] [Server thread/DEBUG] [net.minecraftforge.network.HandshakeHandler/FMLHANDSHAKE]: Sending ticking packet info 'Config irons_spellbooks-server.toml' to 'fml:handshake' sequence 38
[16Oct2025 22:35:55.897] [Server thread/DEBUG] [net.minecraftforge.network.HandshakeHandler/FMLHANDSHAKE]: Sending ticking packet info 'Config tombstone-server.toml' to 'fml:handshake' sequence 39
[16Oct2025 22:35:55.944] [Server thread/DEBUG] [net.minecraftforge.network.HandshakeHandler/FMLHANDSHAKE]: Sending ticking packet info 'Config vampirism-server.toml' to 'fml:handshake' sequence 40
[16Oct2025 22:35:55.994] [Server thread/DEBUG] [net.minecraftforge.network.HandshakeHandler/FMLHANDSHAKE]: Sending ticking packet info 'Config sophisticatedbackpacks-server.toml' to 'fml:handshake' sequence 41
[16Oct2025 22:35:56.043] [Server thread/DEBUG] [net.minecraftforge.network.HandshakeHandler/FMLHANDSHAKE]: Sending ticking packet info 'Config vampirism-balance.toml' to 'fml:handshake' sequence 42
[16Oct2025 22:35:56.094] [Server thread/DEBUG] [net.minecraftforge.network.HandshakeHandler/FMLHANDSHAKE]: Sending ticking packet info 'Config jei-server.toml' to 'fml:handshake' sequence 43
[16Oct2025 22:35:56.144] [Server thread/DEBUG] [net.minecraftforge.network.HandshakeHandler/FMLHANDSHAKE]: Sending ticking packet info 'Config tacz-server.toml' to 'fml:handshake' sequence 44
[16Oct2025 22:35:56.198] [Server thread/DEBUG] [net.minecraftforge.network.HandshakeHandler/FMLHANDSHAKE]: Sending ticking packet info 'Config forge-server.toml' to 'fml:handshake' sequence 45
[16Oct2025 22:35:56.801] [Netty Epoll Server IO #7/DEBUG] [net.minecraftforge.network.LoginWrapper/FMLHANDSHAKE]: Recieved login wrapper packet event for channel fml:handshake with index 36
[16Oct2025 22:35:56.802] [Netty Epoll Server IO #7/DEBUG] [net.minecraftforge.network.HandshakeHandler/FMLHANDSHAKE]: Received client indexed reply 36 of type net.minecraftforge.network.HandshakeMessages$C2SAcknowledge
[16Oct2025 22:35:56.802] [Netty Epoll Server IO #7/DEBUG] [net.minecraftforge.network.HandshakeHandler/FMLHANDSHAKE]: Received acknowledgement from client
[16Oct2025 22:35:56.802] [Netty Epoll Server IO #7/DEBUG] [net.minecraftforge.network.LoginWrapper/FMLHANDSHAKE]: Recieved login wrapper packet event for channel fml:handshake with index 37
[16Oct2025 22:35:56.802] [Netty Epoll Server IO #7/DEBUG] [net.minecraftforge.network.HandshakeHandler/FMLHANDSHAKE]: Received client indexed reply 37 of type net.minecraftforge.network.HandshakeMessages$C2SAcknowledge
[16Oct2025 22:35:56.802] [Netty Epoll Server IO #7/DEBUG] [net.minecraftforge.network.HandshakeHandler/FMLHANDSHAKE]: Received acknowledgement from client
[16Oct2025 22:35:56.807] [Netty Epoll Server IO #7/DEBUG] [net.minecraftforge.network.LoginWrapper/FMLHANDSHAKE]: Recieved login wrapper packet event for channel fml:handshake with index 38
[16Oct2025 22:35:56.807] [Netty Epoll Server IO #7/DEBUG] [net.minecraftforge.network.HandshakeHandler/FMLHANDSHAKE]: Received client indexed reply 38 of type net.minecraftforge.network.HandshakeMessages$C2SAcknowledge
[16Oct2025 22:35:56.807] [Netty Epoll Server IO #7/DEBUG] [net.minecraftforge.network.HandshakeHandler/FMLHANDSHAKE]: Received acknowledgement from client
[16Oct2025 22:35:56.807] [Netty Epoll Server IO #7/DEBUG] [net.minecraftforge.network.LoginWrapper/FMLHANDSHAKE]: Recieved login wrapper packet event for channel fml:handshake with index 39
[16Oct2025 22:35:56.807] [Netty Epoll Server IO #7/DEBUG] [net.minecraftforge.network.HandshakeHandler/FMLHANDSHAKE]: Received client indexed reply 39 of type net.minecraftforge.network.HandshakeMessages$C2SAcknowledge
[16Oct2025 22:35:56.807] [Netty Epoll Server IO #7/DEBUG] [net.minecraftforge.network.HandshakeHandler/FMLHANDSHAKE]: Received acknowledgement from client
[16Oct2025 22:35:56.807] [Netty Epoll Server IO #7/DEBUG] [net.minecraftforge.network.LoginWrapper/FMLHANDSHAKE]: Recieved login wrapper packet event for channel fml:handshake with index 40
[16Oct2025 22:35:56.807] [Netty Epoll Server IO #7/DEBUG] [net.minecraftforge.network.HandshakeHandler/FMLHANDSHAKE]: Received client indexed reply 40 of type net.minecraftforge.network.HandshakeMessages$C2SAcknowledge
[16Oct2025 22:35:56.807] [Netty Epoll Server IO #7/DEBUG] [net.minecraftforge.network.HandshakeHandler/FMLHANDSHAKE]: Received acknowledgement from client
[16Oct2025 22:35:56.807] [Netty Epoll Server IO #7/DEBUG] [net.minecraftforge.network.LoginWrapper/FMLHANDSHAKE]: Recieved login wrapper packet event for channel fml:handshake with index 41
[16Oct2025 22:35:56.807] [Netty Epoll Server IO #7/DEBUG] [net.minecraftforge.network.HandshakeHandler/FMLHANDSHAKE]: Received client indexed reply 41 of type net.minecraftforge.network.HandshakeMessages$C2SAcknowledge
[16Oct2025 22:35:56.807] [Netty Epoll Server IO #7/DEBUG] [net.minecraftforge.network.HandshakeHandler/FMLHANDSHAKE]: Received acknowledgement from client
[16Oct2025 22:35:56.811] [Netty Epoll Server IO #7/DEBUG] [net.minecraftforge.network.LoginWrapper/FMLHANDSHAKE]: Recieved login wrapper packet event for channel fml:handshake with index 42
[16Oct2025 22:35:56.811] [Netty Epoll Server IO #7/DEBUG] [net.minecraftforge.network.HandshakeHandler/FMLHANDSHAKE]: Received client indexed reply 42 of type net.minecraftforge.network.HandshakeMessages$C2SAcknowledge
[16Oct2025 22:35:56.811] [Netty Epoll Server IO #7/DEBUG] [net.minecraftforge.network.HandshakeHandler/FMLHANDSHAKE]: Received acknowledgement from client
[16Oct2025 22:35:56.811] [Netty Epoll Server IO #7/DEBUG] [net.minecraftforge.network.LoginWrapper/FMLHANDSHAKE]: Recieved login wrapper packet event for channel fml:handshake with index 43
[16Oct2025 22:35:56.811] [Netty Epoll Server IO #7/DEBUG] [net.minecraftforge.network.HandshakeHandler/FMLHANDSHAKE]: Received client indexed reply 43 of type net.minecraftforge.network.HandshakeMessages$C2SAcknowledge
[16Oct2025 22:35:56.811] [Netty Epoll Server IO #7/DEBUG] [net.minecraftforge.network.HandshakeHandler/FMLHANDSHAKE]: Received acknowledgement from client
[16Oct2025 22:35:56.811] [Netty Epoll Server IO #7/DEBUG] [net.minecraftforge.network.LoginWrapper/FMLHANDSHAKE]: Recieved login wrapper packet event for channel fml:handshake with index 44
[16Oct2025 22:35:56.811] [Netty Epoll Server IO #7/DEBUG] [net.minecraftforge.network.HandshakeHandler/FMLHANDSHAKE]: Received client indexed reply 44 of type net.minecraftforge.network.HandshakeMessages$C2SAcknowledge
[16Oct2025 22:35:56.811] [Netty Epoll Server IO #7/DEBUG] [net.minecraftforge.network.HandshakeHandler/FMLHANDSHAKE]: Received acknowledgement from client
[16Oct2025 22:35:56.811] [Netty Epoll Server IO #7/DEBUG] [net.minecraftforge.network.LoginWrapper/FMLHANDSHAKE]: Recieved login wrapper packet event for channel fml:handshake with index 45
[16Oct2025 22:35:56.811] [Netty Epoll Server IO #7/DEBUG] [net.minecraftforge.network.HandshakeHandler/FMLHANDSHAKE]: Received client indexed reply 45 of type net.minecraftforge.network.HandshakeMessages$C2SAcknowledge
[16Oct2025 22:35:56.811] [Netty Epoll Server IO #7/DEBUG] [net.minecraftforge.network.HandshakeHandler/FMLHANDSHAKE]: Received acknowledgement from client
[16Oct2025 22:35:56.844] [Server thread/DEBUG] [net.minecraftforge.network.HandshakeHandler/FMLHANDSHAKE]: Handshake complete!
[16Oct2025 22:35:56.939] [Server thread/DEBUG] [de.teamlapen.vampirism.entity.factions.FactionPlayerHandler/FACTIONS]: Nexus2012 has new faction level vampirism:vampire 14
[16Oct2025 22:35:56.947] [Server thread/INFO] [net.minecraft.server.players.PlayerList/]: Nexus2012[/127.76.121.154:33357] logged in with entity id 11195 at (909.5320914367649, 76.42159999847412, -168.5245858072835)
[16Oct2025 22:35:56.950] [Server thread/DEBUG] [net.minecraftforge.network.filters.NetworkFilters/]: Injected net.minecraftforge.network.filters.ForgeConnectionNetworkFilter@7e55dcb6 into net.minecraft.network.Connection@bdea192
[16Oct2025 22:35:56.959] [Server thread/INFO] [net.minecraft.server.MinecraftServer/]: Nexus2012 joined the game
[16Oct2025 22:35:58.371] [Server thread/DEBUG] [tacz/SYNC_BASE_TIMESTAMP]: Update server base timestamp: 1760654157526
[16Oct2025 22:35:58.389] [Netty Epoll Server IO #0/DEBUG] [net.minecraftforge.network.HandshakeHandler/FMLHANDSHAKE]: Starting new modded impl connection. Found 46 messages to dispatch.
[16Oct2025 22:35:58.393] [Server thread/DEBUG] [net.minecraftforge.network.HandshakeHandler/FMLHANDSHAKE]: Sending ticking packet info 'com.tacz.guns.network.message.handshake.ServerMessageSyncedEntityDataMapping' to 'tacz:handshake' sequence 0
[16Oct2025 22:35:58.398] [Server thread/DEBUG] [net.minecraftforge.network.HandshakeHandler/FMLHANDSHAKE]: Sending ticking packet info 'net.minecraftforge.network.HandshakeMessages$S2CModData' to 'fml:handshake' sequence 1
[16Oct2025 22:35:58.403] [Server thread/DEBUG] [net.minecraftforge.network.HandshakeHandler/FMLHANDSHAKE]: Sending ticking packet info 'net.minecraftforge.network.HandshakeMessages$S2CModList' to 'fml:handshake' sequence 2
[16Oct2025 22:35:58.404] [Server thread/DEBUG] [net.minecraftforge.network.HandshakeHandler/FMLHANDSHAKE]: Sending ticking packet info 'Registry minecraft:command_argument_type' to 'fml:handshake' sequence 3
[16Oct2025 22:35:58.406] [Server thread/DEBUG] [net.minecraftforge.network.HandshakeHandler/FMLHANDSHAKE]: Sending ticking packet info 'Registry irons_spellbooks:schools' to 'fml:handshake' sequence 4
[16Oct2025 22:35:58.408] [Server thread/DEBUG] [net.minecraftforge.network.HandshakeHandler/FMLHANDSHAKE]: Sending ticking packet info 'Registry minecraft:villager_profession' to 'fml:handshake' sequence 5
[16Oct2025 22:35:58.410] [Server thread/DEBUG] [net.minecraftforge.network.HandshakeHandler/FMLHANDSHAKE]: Sending ticking packet info 'Registry minecraft:item' to 'fml:handshake' sequence 6
[16Oct2025 22:35:58.412] [Server thread/DEBUG] [net.minecraftforge.network.HandshakeHandler/FMLHANDSHAKE]: Sending ticking packet info 'Registry minecraft:potion' to 'fml:handshake' sequence 7
[16Oct2025 22:35:58.414] [Server thread/DEBUG] [net.minecraftforge.network.HandshakeHandler/FMLHANDSHAKE]: Sending ticking packet info 'Registry vampirism:refinement' to 'fml:handshake' sequence 8
[16Oct2025 22:35:58.416] [Server thread/DEBUG] [net.minecraftforge.network.HandshakeHandler/FMLHANDSHAKE]: Sending ticking packet info 'Registry minecraft:block_entity_type' to 'fml:handshake' sequence 9
[16Oct2025 22:35:58.418] [Server thread/DEBUG] [net.minecraftforge.network.HandshakeHandler/FMLHANDSHAKE]: Sending ticking packet info 'Registry forge:display_contexts' to 'fml:handshake' sequence 10
[16Oct2025 22:35:58.420] [Server thread/DEBUG] [net.minecraftforge.network.HandshakeHandler/FMLHANDSHAKE]: Sending ticking packet info 'Registry vampirism:task_unlocker' to 'fml:handshake' sequence 11
[16Oct2025 22:35:58.422] [Server thread/DEBUG] [net.minecraftforge.network.HandshakeHandler/FMLHANDSHAKE]: Sending ticking packet info 'Registry irons_spellbooks:spells' to 'fml:handshake' sequence 12
[16Oct2025 22:35:58.424] [Server thread/DEBUG] [net.minecraftforge.network.HandshakeHandler/FMLHANDSHAKE]: Sending ticking packet info 'Registry vampirism:miniontasks' to 'fml:handshake' sequence 13
[16Oct2025 22:35:58.426] [Server thread/DEBUG] [net.minecraftforge.network.HandshakeHandler/FMLHANDSHAKE]: Sending ticking packet info 'Registry minecraft:stat_type' to 'fml:handshake' sequence 14
[16Oct2025 22:35:58.429] [Server thread/DEBUG] [net.minecraftforge.network.HandshakeHandler/FMLHANDSHAKE]: Sending ticking packet info 'Registry vampirism:skills' to 'fml:handshake' sequence 15
[16Oct2025 22:35:58.432] [Server thread/DEBUG] [net.minecraftforge.network.HandshakeHandler/FMLHANDSHAKE]: Sending ticking packet info 'Registry minecraft:menu' to 'fml:handshake' sequence 16
[16Oct2025 22:35:58.437] [Server thread/DEBUG] [net.minecraftforge.network.HandshakeHandler/FMLHANDSHAKE]: Sending ticking packet info 'Registry vampirism:actions' to 'fml:handshake' sequence 17
[16Oct2025 22:35:58.441] [Server thread/DEBUG] [net.minecraftforge.network.HandshakeHandler/FMLHANDSHAKE]: Sending ticking packet info 'Registry vampirism:refinement_set' to 'fml:handshake' sequence 18
[16Oct2025 22:35:58.444] [Server thread/DEBUG] [net.minecraftforge.network.HandshakeHandler/FMLHANDSHAKE]: Sending ticking packet info 'Registry minecraft:fluid' to 'fml:handshake' sequence 19
[16Oct2025 22:35:58.447] [Server thread/DEBUG] [net.minecraftforge.network.HandshakeHandler/FMLHANDSHAKE]: Sending ticking packet info 'Registry vampirism:task_requirement' to 'fml:handshake' sequence 20
[16Oct2025 22:35:58.449] [Server thread/DEBUG] [net.minecraftforge.network.HandshakeHandler/FMLHANDSHAKE]: Sending ticking packet info 'Registry minecraft:recipe_serializer' to 'fml:handshake' sequence 21
[16Oct2025 22:35:58.451] [Server thread/DEBUG] [net.minecraftforge.network.HandshakeHandler/FMLHANDSHAKE]: Sending ticking packet info 'Registry minecraft:sound_event' to 'fml:handshake' sequence 22
[16Oct2025 22:35:58.452] [Server thread/DEBUG] [net.minecraftforge.network.HandshakeHandler/FMLHANDSHAKE]: Sending ticking packet info 'Registry minecraft:particle_type' to 'fml:handshake' sequence 23
[16Oct2025 22:35:58.454] [Server thread/DEBUG] [net.minecraftforge.network.HandshakeHandler/FMLHANDSHAKE]: Sending ticking packet info 'Registry minecraft:painting_variant' to 'fml:handshake' sequence 24
[16Oct2025 22:35:58.462] [Server thread/DEBUG] [net.minecraftforge.network.HandshakeHandler/FMLHANDSHAKE]: Sending ticking packet info 'Registry forge:fluid_type' to 'fml:handshake' sequence 25
[16Oct2025 22:35:58.467] [Server thread/DEBUG] [net.minecraftforge.network.HandshakeHandler/FMLHANDSHAKE]: Sending ticking packet info 'Registry minecraft:block' to 'fml:handshake' sequence 26
[16Oct2025 22:35:58.470] [Server thread/DEBUG] [net.minecraftforge.network.HandshakeHandler/FMLHANDSHAKE]: Sending ticking packet info 'Registry forge:entity_data_serializers' to 'fml:handshake' sequence 27
[16Oct2025 22:35:58.472] [Server thread/DEBUG] [net.minecraftforge.network.HandshakeHandler/FMLHANDSHAKE]: Sending ticking packet info 'Registry vampirism:task_reward' to 'fml:handshake' sequence 28
[16Oct2025 22:35:58.509] [Server thread/DEBUG] [net.minecraftforge.network.HandshakeHandler/FMLHANDSHAKE]: Sending ticking packet info 'Registry vampirism:oil' to 'fml:handshake' sequence 29
[16Oct2025 22:35:58.533] [Netty Epoll Server IO #0/DEBUG] [net.minecraftforge.network.LoginWrapper/FMLHANDSHAKE]: Recieved login wrapper packet event for channel tacz:handshake with index 0
[16Oct2025 22:35:58.533] [Netty Epoll Server IO #0/DEBUG] [net.minecraftforge.network.HandshakeHandler/FMLHANDSHAKE]: Received client indexed reply 0 of type com.tacz.guns.network.message.handshake.Acknowledge
[16Oct2025 22:35:58.533] [Netty Epoll Server IO #0/DEBUG] [tacz/HANDSHAKE_ACKNOWLEDGE]: Received acknowledgement from client
[16Oct2025 22:35:58.537] [Netty Epoll Server IO #0/DEBUG] [net.minecraftforge.network.LoginWrapper/FMLHANDSHAKE]: Recieved login wrapper packet event for channel fml:handshake with index 2
[16Oct2025 22:35:58.538] [Netty Epoll Server IO #0/DEBUG] [net.minecraftforge.network.HandshakeHandler/FMLHANDSHAKE]: Received client indexed reply 2 of type net.minecraftforge.network.HandshakeMessages$C2SModListReply
[16Oct2025 22:35:58.538] [Netty Epoll Server IO #0/DEBUG] [net.minecraftforge.network.HandshakeHandler/FMLHANDSHAKE]: Received client connection with modlist [minecraft, immersiveui, trade_cycling, pick_up_tnt, mcef, geckolib, xray, playeranimator, jei, tacz, a_good_place, caelus, sophisticatedcore, iceberg, curios, legendarytooltips, xaerominimap, xaeroworldmap, prism, citadel, alexscaves, irons_spellbooks, aaa_particles, mixinextras, tombstone, sophisticatedbackpacks, coroutil, architectury, octolib, aaa_particles_world, vampirism, teamlapenlib, iceandfire, crucifix, watut, forge, webdisplays, endermail]
[16Oct2025 22:35:58.538] [Netty Epoll Server IO #0/DEBUG] [net.minecraftforge.network.NetworkRegistry/NETREGISTRY]: Channel 'teamlapenlib:main' : Version test of '1' from client : ACCEPTED
[16Oct2025 22:35:58.538] [Netty Epoll Server IO #0/DEBUG] [net.minecraftforge.network.NetworkRegistry/NETREGISTRY]: Channel 'watut:main' : Version test of '4' from client : ACCEPTED
[16Oct2025 22:35:58.538] [Netty Epoll Server IO #0/DEBUG] [net.minecraftforge.network.NetworkRegistry/NETREGISTRY]: Channel 'alexscaves:main_channel' : Version test of '1' from client : ACCEPTED
[16Oct2025 22:35:58.538] [Netty Epoll Server IO #0/DEBUG] [net.minecraftforge.network.NetworkRegistry/NETREGISTRY]: Channel 'architectury:network' : Version test of '1' from client : ACCEPTED
[16Oct2025 22:35:58.538] [Netty Epoll Server IO #0/DEBUG] [net.minecraftforge.network.NetworkRegistry/NETREGISTRY]: Channel 'endermail:endermail' : Version test of '1.0' from client : ACCEPTED
[16Oct2025 22:35:58.538] [Netty Epoll Server IO #0/DEBUG] [net.minecraftforge.network.NetworkRegistry/NETREGISTRY]: Channel 'webdisplays:packetsystem' : Version test of '2' from client : ACCEPTED
[16Oct2025 22:35:58.538] [Netty Epoll Server IO #0/DEBUG] [net.minecraftforge.network.NetworkRegistry/NETREGISTRY]: Channel 'jei:channel' : Version test of '1.0.0' from client : ACCEPTED
[16Oct2025 22:35:58.538] [Netty Epoll Server IO #0/DEBUG] [net.minecraftforge.network.NetworkRegistry/NETREGISTRY]: Channel 'minecraft:unregister' : Version test of 'FML3' from client : ACCEPTED
[16Oct2025 22:35:58.538] [Netty Epoll Server IO #0/DEBUG] [net.minecraftforge.network.NetworkRegistry/NETREGISTRY]: Channel 'sophisticatedbackpacks:channel' : Version test of '1' from client : ACCEPTED
[16Oct2025 22:35:58.538] [Netty Epoll Server IO #0/DEBUG] [net.minecraftforge.network.NetworkRegistry/NETREGISTRY]: Channel 'citadel:main_channel' : Version test of '1' from client : ACCEPTED
[16Oct2025 22:35:58.538] [Netty Epoll Server IO #0/DEBUG] [net.minecraftforge.network.NetworkRegistry/NETREGISTRY]: Channel 'iceandfire:main_channel' : Version test of '1' from client : ACCEPTED
[16Oct2025 22:35:58.538] [Netty Epoll Server IO #0/DEBUG] [net.minecraftforge.network.NetworkRegistry/NETREGISTRY]: Channel 'trade_cycling:cycle_trades' : Version test of 'ALLOWVANILLA 💓💓💓' from client : ACCEPTED
[16Oct2025 22:35:58.538] [Netty Epoll Server IO #0/DEBUG] [net.minecraftforge.network.NetworkRegistry/NETREGISTRY]: Channel 'tacz:handshake' : Version test of '1.0.4' from client : ACCEPTED
[16Oct2025 22:35:58.538] [Netty Epoll Server IO #0/DEBUG] [net.minecraftforge.network.NetworkRegistry/NETREGISTRY]: Channel 'curios:main' : Version test of '1' from client : ACCEPTED
[16Oct2025 22:35:58.538] [Netty Epoll Server IO #0/DEBUG] [net.minecraftforge.network.NetworkRegistry/NETREGISTRY]: Channel 'irons_spellbooks:messages' : Version test of '1.0' from client : ACCEPTED
[16Oct2025 22:35:58.538] [Netty Epoll Server IO #0/DEBUG] [net.minecraftforge.network.NetworkRegistry/NETREGISTRY]: Channel 'fml:loginwrapper' : Version test of 'FML3' from client : ACCEPTED
[16Oct2025 22:35:58.538] [Netty Epoll Server IO #0/DEBUG] [net.minecraftforge.network.NetworkRegistry/NETREGISTRY]: Channel 'forge:tier_sorting' : Version test of '1.0' from client : ACCEPTED
[16Oct2025 22:35:58.538] [Netty Epoll Server IO #0/DEBUG] [net.minecraftforge.network.NetworkRegistry/NETREGISTRY]: Channel 'crucifix:crucifix' : Version test of '1' from client : ACCEPTED
[16Oct2025 22:35:58.538] [Netty Epoll Server IO #0/DEBUG] [net.minecraftforge.network.NetworkRegistry/NETREGISTRY]: Channel 'tombstone:tombstone_channel' : Version test of 'tombstone-9.0.9' from client : ACCEPTED
[16Oct2025 22:35:58.538] [Netty Epoll Server IO #0/DEBUG] [net.minecraftforge.network.NetworkRegistry/NETREGISTRY]: Channel 'fml:play' : Version test of 'FML3' from client : ACCEPTED
[16Oct2025 22:35:58.538] [Netty Epoll Server IO #0/DEBUG] [net.minecraftforge.network.NetworkRegistry/NETREGISTRY]: Channel 'sophisticatedcore:channel' : Version test of '1' from client : ACCEPTED
[16Oct2025 22:35:58.538] [Netty Epoll Server IO #0/DEBUG] [net.minecraftforge.network.NetworkRegistry/NETREGISTRY]: Channel 'caelus:main' : Version test of '1' from client : ACCEPTED
[16Oct2025 22:35:58.538] [Netty Epoll Server IO #0/DEBUG] [net.minecraftforge.network.NetworkRegistry/NETREGISTRY]: Channel 'fml:handshake' : Version test of 'FML3' from client : ACCEPTED
[16Oct2025 22:35:58.538] [Netty Epoll Server IO #0/DEBUG] [net.minecraftforge.network.NetworkRegistry/NETREGISTRY]: Channel 'vampirism:main' : Version test of '1' from client : ACCEPTED
[16Oct2025 22:35:58.538] [Netty Epoll Server IO #0/DEBUG] [net.minecraftforge.network.NetworkRegistry/NETREGISTRY]: Channel 'minecraft:register' : Version test of 'FML3' from client : ACCEPTED
[16Oct2025 22:35:58.538] [Netty Epoll Server IO #0/DEBUG] [net.minecraftforge.network.NetworkRegistry/NETREGISTRY]: Channel 'forge:split' : Version test of '1.1' from client : ACCEPTED
[16Oct2025 22:35:58.538] [Netty Epoll Server IO #0/DEBUG] [net.minecraftforge.network.NetworkRegistry/NETREGISTRY]: Channel 'tacz:network' : Version test of '1.0.4' from client : ACCEPTED
[16Oct2025 22:35:58.538] [Netty Epoll Server IO #0/DEBUG] [net.minecraftforge.network.NetworkRegistry/NETREGISTRY]: Channel 'geckolib:main' : Version test of '1' from client : ACCEPTED
[16Oct2025 22:35:58.539] [Netty Epoll Server IO #0/DEBUG] [net.minecraftforge.network.NetworkRegistry/NETREGISTRY]: Accepting channel list from client
[16Oct2025 22:35:58.539] [Netty Epoll Server IO #0/DEBUG] [net.minecraftforge.network.HandshakeHandler/FMLHANDSHAKE]: Accepted client connection mod list
[16Oct2025 22:35:58.539] [Netty Epoll Server IO #0/DEBUG] [net.minecraftforge.network.LoginWrapper/FMLHANDSHAKE]: Recieved login wrapper packet event for channel fml:handshake with index 3
[16Oct2025 22:35:58.539] [Netty Epoll Server IO #0/DEBUG] [net.minecraftforge.network.HandshakeHandler/FMLHANDSHAKE]: Received client indexed reply 3 of type net.minecraftforge.network.HandshakeMessages$C2SAcknowledge
[16Oct2025 22:35:58.539] [Netty Epoll Server IO #0/DEBUG] [net.minecraftforge.network.HandshakeHandler/FMLHANDSHAKE]: Received acknowledgement from client
[16Oct2025 22:35:58.539] [Netty Epoll Server IO #0/DEBUG] [net.minecraftforge.network.LoginWrapper/FMLHANDSHAKE]: Recieved login wrapper packet event for channel fml:handshake with index 4
[16Oct2025 22:35:58.539] [Netty Epoll Server IO #0/DEBUG] [net.minecraftforge.network.HandshakeHandler/FMLHANDSHAKE]: Received client indexed reply 4 of type net.minecraftforge.network.HandshakeMessages$C2SAcknowledge
[16Oct2025 22:35:58.539] [Netty Epoll Server IO #0/DEBUG] [net.minecraftforge.network.HandshakeHandler/FMLHANDSHAKE]: Received acknowledgement from client
[16Oct2025 22:35:58.539] [Netty Epoll Server IO #0/DEBUG] [net.minecraftforge.network.LoginWrapper/FMLHANDSHAKE]: Recieved login wrapper packet event for channel fml:handshake with index 5
[16Oct2025 22:35:58.539] [Netty Epoll Server IO #0/DEBUG] [net.minecraftforge.network.HandshakeHandler/FMLHANDSHAKE]: Received client indexed reply 5 of type net.minecraftforge.network.HandshakeMessages$C2SAcknowledge
[16Oct2025 22:35:58.539] [Netty Epoll Server IO #0/DEBUG] [net.minecraftforge.network.HandshakeHandler/FMLHANDSHAKE]: Received acknowledgement from client
[16Oct2025 22:35:58.564] [Server thread/DEBUG] [net.minecraftforge.network.HandshakeHandler/FMLHANDSHAKE]: Sending ticking packet info 'Registry vampirism:converting_handler' to 'fml:handshake' sequence 30
[16Oct2025 22:35:58.630] [Server thread/DEBUG] [net.minecraftforge.network.HandshakeHandler/FMLHANDSHAKE]: Sending ticking packet info 'Registry minecraft:mob_effect' to 'fml:handshake' sequence 31
[16Oct2025 22:35:58.675] [Server thread/DEBUG] [net.minecraftforge.network.HandshakeHandler/FMLHANDSHAKE]: Sending ticking packet info 'Registry vampirism:entityactions' to 'fml:handshake' sequence 32
[16Oct2025 22:35:58.733] [Server thread/DEBUG] [net.minecraftforge.network.HandshakeHandler/FMLHANDSHAKE]: Sending ticking packet info 'Registry tombstone:perks' to 'fml:handshake' sequence 33
[16Oct2025 22:35:58.771] [Server thread/DEBUG] [net.minecraftforge.network.HandshakeHandler/FMLHANDSHAKE]: Sending ticking packet info 'Registry minecraft:enchantment' to 'fml:handshake' sequence 34
[16Oct2025 22:35:58.816] [Server thread/DEBUG] [net.minecraftforge.network.HandshakeHandler/FMLHANDSHAKE]: Sending ticking packet info 'Registry vampirism:task_reward_instance' to 'fml:handshake' sequence 35
[16Oct2025 22:35:58.865] [Server thread/DEBUG] [net.minecraftforge.network.HandshakeHandler/FMLHANDSHAKE]: Sending ticking packet info 'Registry minecraft:entity_type' to 'fml:handshake' sequence 36
[16Oct2025 22:35:58.924] [Netty Epoll Server IO #0/DEBUG] [net.minecraftforge.network.LoginWrapper/FMLHANDSHAKE]: Recieved login wrapper packet event for channel fml:handshake with index 6
[16Oct2025 22:35:58.924] [Netty Epoll Server IO #0/DEBUG] [net.minecraftforge.network.HandshakeHandler/FMLHANDSHAKE]: Received client indexed reply 6 of type net.minecraftforge.network.HandshakeMessages$C2SAcknowledge
[16Oct2025 22:35:58.924] [Netty Epoll Server IO #0/DEBUG] [net.minecraftforge.network.HandshakeHandler/FMLHANDSHAKE]: Received acknowledgement from client
[16Oct2025 22:35:58.925] [Netty Epoll Server IO #0/DEBUG] [net.minecraftforge.network.LoginWrapper/FMLHANDSHAKE]: Recieved login wrapper packet event for channel fml:handshake with index 7
[16Oct2025 22:35:58.925] [Netty Epoll Server IO #0/DEBUG] [net.minecraftforge.network.HandshakeHandler/FMLHANDSHAKE]: Received client indexed reply 7 of type net.minecraftforge.network.HandshakeMessages$C2SAcknowledge
[16Oct2025 22:35:58.925] [Netty Epoll Server IO #0/DEBUG] [net.minecraftforge.network.HandshakeHandler/FMLHANDSHAKE]: Received acknowledgement from client
[16Oct2025 22:35:58.925] [Netty Epoll Server IO #0/DEBUG] [net.minecraftforge.network.LoginWrapper/FMLHANDSHAKE]: Recieved login wrapper packet event for channel fml:handshake with index 8
[16Oct2025 22:35:58.925] [Netty Epoll Server IO #0/DEBUG] [net.minecraftforge.network.HandshakeHandler/FMLHANDSHAKE]: Received client indexed reply 8 of type net.minecraftforge.network.HandshakeMessages$C2SAcknowledge
[16Oct2025 22:35:58.925] [Netty Epoll Server IO #0/DEBUG] [net.minecraftforge.network.HandshakeHandler/FMLHANDSHAKE]: Received acknowledgement from client
[16Oct2025 22:35:58.928] [Netty Epoll Server IO #0/DEBUG] [net.minecraftforge.network.LoginWrapper/FMLHANDSHAKE]: Recieved login wrapper packet event for channel fml:handshake with index 9
[16Oct2025 22:35:58.928] [Netty Epoll Server IO #0/DEBUG] [net.minecraftforge.network.HandshakeHandler/FMLHANDSHAKE]: Received client indexed reply 9 of type net.minecraftforge.network.HandshakeMessages$C2SAcknowledge
[16Oct2025 22:35:58.928] [Netty Epoll Server IO #0/DEBUG] [net.minecraftforge.network.HandshakeHandler/FMLHANDSHAKE]: Received acknowledgement from client
[16Oct2025 22:35:58.928] [Netty Epoll Server IO #0/DEBUG] [net.minecraftforge.network.LoginWrapper/FMLHANDSHAKE]: Recieved login wrapper packet event for channel fml:handshake with index 10
[16Oct2025 22:35:58.928] [Netty Epoll Server IO #0/DEBUG] [net.minecraftforge.network.HandshakeHandler/FMLHANDSHAKE]: Received client indexed reply 10 of type net.minecraftforge.network.HandshakeMessages$C2SAcknowledge
[16Oct2025 22:35:58.928] [Netty Epoll Server IO #0/DEBUG] [net.minecraftforge.network.HandshakeHandler/FMLHANDSHAKE]: Received acknowledgement from client
[16Oct2025 22:35:58.928] [Netty Epoll Server IO #0/DEBUG] [net.minecraftforge.network.LoginWrapper/FMLHANDSHAKE]: Recieved login wrapper packet event for channel fml:handshake with index 11
[16Oct2025 22:35:58.928] [Netty Epoll Server IO #0/DEBUG] [net.minecraftforge.network.HandshakeHandler/FMLHANDSHAKE]: Received client indexed reply 11 of type net.minecraftforge.network.HandshakeMessages$C2SAcknowledge
[16Oct2025 22:35:58.928] [Netty Epoll Server IO #0/DEBUG] [net.minecraftforge.network.HandshakeHandler/FMLHANDSHAKE]: Received acknowledgement from client
[16Oct2025 22:35:58.928] [Netty Epoll Server IO #0/DEBUG] [net.minecraftforge.network.LoginWrapper/FMLHANDSHAKE]: Recieved login wrapper packet event for channel fml:handshake with index 12
[16Oct2025 22:35:58.928] [Netty Epoll Server IO #0/DEBUG] [net.minecraftforge.network.HandshakeHandler/FMLHANDSHAKE]: Received client indexed reply 12 of type net.minecraftforge.network.HandshakeMessages$C2SAcknowledge
[16Oct2025 22:35:58.928] [Netty Epoll Server IO #0/DEBUG] [net.minecraftforge.network.HandshakeHandler/FMLHANDSHAKE]: Received acknowledgement from client
[16Oct2025 22:35:58.928] [Netty Epoll Server IO #0/DEBUG] [net.minecraftforge.network.LoginWrapper/FMLHANDSHAKE]: Recieved login wrapper packet event for channel fml:handshake with index 13
[16Oct2025 22:35:58.928] [Netty Epoll Server IO #0/DEBUG] [net.minecraftforge.network.HandshakeHandler/FMLHANDSHAKE]: Received client indexed reply 13 of type net.minecraftforge.network.HandshakeMessages$C2SAcknowledge
[16Oct2025 22:35:58.928] [Netty Epoll Server IO #0/DEBUG] [net.minecraftforge.network.HandshakeHandler/FMLHANDSHAKE]: Received acknowledgement from client
[16Oct2025 22:35:58.928] [Netty Epoll Server IO #0/DEBUG] [net.minecraftforge.network.LoginWrapper/FMLHANDSHAKE]: Recieved login wrapper packet event for channel fml:handshake with index 14
[16Oct2025 22:35:58.929] [Netty Epoll Server IO #0/DEBUG] [net.minecraftforge.network.HandshakeHandler/FMLHANDSHAKE]: Received client indexed reply 14 of type net.minecraftforge.network.HandshakeMessages$C2SAcknowledge
[16Oct2025 22:35:58.929] [Netty Epoll Server IO #0/DEBUG] [net.minecraftforge.network.HandshakeHandler/FMLHANDSHAKE]: Received acknowledgement from client
[16Oct2025 22:35:58.929] [Netty Epoll Server IO #0/DEBUG] [net.minecraftforge.network.LoginWrapper/FMLHANDSHAKE]: Recieved login wrapper packet event for channel fml:handshake with index 15
[16Oct2025 22:35:58.929] [Netty Epoll Server IO #0/DEBUG] [net.minecraftforge.network.HandshakeHandler/FMLHANDSHAKE]: Received client indexed reply 15 of type net.minecraftforge.network.HandshakeMessages$C2SAcknowledge
[16Oct2025 22:35:58.929] [Netty Epoll Server IO #0/DEBUG] [net.minecraftforge.network.HandshakeHandler/FMLHANDSHAKE]: Received acknowledgement from client
[16Oct2025 22:35:58.929] [Netty Epoll Server IO #0/DEBUG] [net.minecraftforge.network.LoginWrapper/FMLHANDSHAKE]: Recieved login wrapper packet event for channel fml:handshake with index 16
[16Oct2025 22:35:58.929] [Netty Epoll Server IO #0/DEBUG] [net.minecraftforge.network.HandshakeHandler/FMLHANDSHAKE]: Received client indexed reply 16 of type net.minecraftforge.network.HandshakeMessages$C2SAcknowledge
[16Oct2025 22:35:58.929] [Netty Epoll Server IO #0/DEBUG] [net.minecraftforge.network.HandshakeHandler/FMLHANDSHAKE]: Received acknowledgement from client
[16Oct2025 22:35:58.932] [Netty Epoll Server IO #0/DEBUG] [net.minecraftforge.network.LoginWrapper/FMLHANDSHAKE]: Recieved login wrapper packet event for channel fml:handshake with index 17
[16Oct2025 22:35:58.934] [Netty Epoll Server IO #0/DEBUG] [net.minecraftforge.network.HandshakeHandler/FMLHANDSHAKE]: Received client indexed reply 17 of type net.minecraftforge.network.HandshakeMessages$C2SAcknowledge
[16Oct2025 22:35:58.934] [Netty Epoll Server IO #0/DEBUG] [net.minecraftforge.network.HandshakeHandler/FMLHANDSHAKE]: Received acknowledgement from client
[16Oct2025 22:35:58.944] [Server thread/DEBUG] [net.minecraftforge.network.HandshakeHandler/FMLHANDSHAKE]: Sending ticking packet info 'Config curios-server.toml' to 'fml:handshake' sequence 37
[16Oct2025 22:35:58.953] [Netty Epoll Server IO #0/DEBUG] [net.minecraftforge.network.LoginWrapper/FMLHANDSHAKE]: Recieved login wrapper packet event for channel fml:handshake with index 18
[16Oct2025 22:35:58.953] [Netty Epoll Server IO #0/DEBUG] [net.minecraftforge.network.HandshakeHandler/FMLHANDSHAKE]: Received client indexed reply 18 of type net.minecraftforge.network.HandshakeMessages$C2SAcknowledge
[16Oct2025 22:35:58.953] [Netty Epoll Server IO #0/DEBUG] [net.minecraftforge.network.HandshakeHandler/FMLHANDSHAKE]: Received acknowledgement from client
[16Oct2025 22:35:58.953] [Netty Epoll Server IO #0/DEBUG] [net.minecraftforge.network.LoginWrapper/FMLHANDSHAKE]: Recieved login wrapper packet event for channel fml:handshake with index 19
[16Oct2025 22:35:58.953] [Netty Epoll Server IO #0/DEBUG] [net.minecraftforge.network.HandshakeHandler/FMLHANDSHAKE]: Received client indexed reply 19 of type net.minecraftforge.network.HandshakeMessages$C2SAcknowledge
[16Oct2025 22:35:58.953] [Netty Epoll Server IO #0/DEBUG] [net.minecraftforge.network.HandshakeHandler/FMLHANDSHAKE]: Received acknowledgement from client
[16Oct2025 22:35:58.959] [Server thread/DEBUG] [net.minecraftforge.network.HandshakeHandler/FMLHANDSHAKE]: Sending ticking packet info 'Config irons_spellbooks-server.toml' to 'fml:handshake' sequence 38
[16Oct2025 22:35:58.961] [Netty Epoll Server IO #0/DEBUG] [net.minecraftforge.network.LoginWrapper/FMLHANDSHAKE]: Recieved login wrapper packet event for channel fml:handshake with index 20
[16Oct2025 22:35:58.961] [Netty Epoll Server IO #0/DEBUG] [net.minecraftforge.network.HandshakeHandler/FMLHANDSHAKE]: Received client indexed reply 20 of type net.minecraftforge.network.HandshakeMessages$C2SAcknowledge
[16Oct2025 22:35:58.962] [Netty Epoll Server IO #0/DEBUG] [net.minecraftforge.network.HandshakeHandler/FMLHANDSHAKE]: Received acknowledgement from client
[16Oct2025 22:35:58.993] [Netty Epoll Server IO #0/DEBUG] [net.minecraftforge.network.LoginWrapper/FMLHANDSHAKE]: Recieved login wrapper packet event for channel fml:handshake with index 21
[16Oct2025 22:35:58.993] [Netty Epoll Server IO #0/DEBUG] [net.minecraftforge.network.HandshakeHandler/FMLHANDSHAKE]: Received client indexed reply 21 of type net.minecraftforge.network.HandshakeMessages$C2SAcknowledge
[16Oct2025 22:35:58.993] [Netty Epoll Server IO #0/DEBUG] [net.minecraftforge.network.HandshakeHandler/FMLHANDSHAKE]: Received acknowledgement from client
[16Oct2025 22:35:59.017] [Server thread/DEBUG] [net.minecraftforge.network.HandshakeHandler/FMLHANDSHAKE]: Sending ticking packet info 'Config tombstone-server.toml' to 'fml:handshake' sequence 39
[16Oct2025 22:35:59.066] [Server thread/DEBUG] [net.minecraftforge.network.HandshakeHandler/FMLHANDSHAKE]: Sending ticking packet info 'Config vampirism-server.toml' to 'fml:handshake' sequence 40
[16Oct2025 22:35:59.112] [Server thread/DEBUG] [net.minecraftforge.network.HandshakeHandler/FMLHANDSHAKE]: Sending ticking packet info 'Config sophisticatedbackpacks-server.toml' to 'fml:handshake' sequence 41
[16Oct2025 22:35:59.161] [Server thread/DEBUG] [net.minecraftforge.network.HandshakeHandler/FMLHANDSHAKE]: Sending ticking packet info 'Config vampirism-balance.toml' to 'fml:handshake' sequence 42
[16Oct2025 22:35:59.188] [Netty Epoll Server IO #0/DEBUG] [net.minecraftforge.network.LoginWrapper/FMLHANDSHAKE]: Recieved login wrapper packet event for channel fml:handshake with index 22
[16Oct2025 22:35:59.189] [Netty Epoll Server IO #0/DEBUG] [net.minecraftforge.network.HandshakeHandler/FMLHANDSHAKE]: Received client indexed reply 22 of type net.minecraftforge.network.HandshakeMessages$C2SAcknowledge
[16Oct2025 22:35:59.189] [Netty Epoll Server IO #0/DEBUG] [net.minecraftforge.network.HandshakeHandler/FMLHANDSHAKE]: Received acknowledgement from client
[16Oct2025 22:35:59.190] [Netty Epoll Server IO #0/DEBUG] [net.minecraftforge.network.LoginWrapper/FMLHANDSHAKE]: Recieved login wrapper packet event for channel fml:handshake with index 23
[16Oct2025 22:35:59.190] [Netty Epoll Server IO #0/DEBUG] [net.minecraftforge.network.HandshakeHandler/FMLHANDSHAKE]: Received client indexed reply 23 of type net.minecraftforge.network.HandshakeMessages$C2SAcknowledge
[16Oct2025 22:35:59.190] [Netty Epoll Server IO #0/DEBUG] [net.minecraftforge.network.HandshakeHandler/FMLHANDSHAKE]: Received acknowledgement from client
[16Oct2025 22:35:59.193] [Netty Epoll Server IO #0/DEBUG] [net.minecraftforge.network.LoginWrapper/FMLHANDSHAKE]: Recieved login wrapper packet event for channel fml:handshake with index 24
[16Oct2025 22:35:59.193] [Netty Epoll Server IO #0/DEBUG] [net.minecraftforge.network.HandshakeHandler/FMLHANDSHAKE]: Received client indexed reply 24 of type net.minecraftforge.network.HandshakeMessages$C2SAcknowledge
[16Oct2025 22:35:59.193] [Netty Epoll Server IO #0/DEBUG] [net.minecraftforge.network.HandshakeHandler/FMLHANDSHAKE]: Received acknowledgement from client
[16Oct2025 22:35:59.193] [Netty Epoll Server IO #0/DEBUG] [net.minecraftforge.network.LoginWrapper/FMLHANDSHAKE]: Recieved login wrapper packet event for channel fml:handshake with index 25
[16Oct2025 22:35:59.194] [Netty Epoll Server IO #0/DEBUG] [net.minecraftforge.network.HandshakeHandler/FMLHANDSHAKE]: Received client indexed reply 25 of type net.minecraftforge.network.HandshakeMessages$C2SAcknowledge
[16Oct2025 22:35:59.194] [Netty Epoll Server IO #0/DEBUG] [net.minecraftforge.network.HandshakeHandler/FMLHANDSHAKE]: Received acknowledgement from client
[16Oct2025 22:35:59.215] [Server thread/DEBUG] [net.minecraftforge.network.HandshakeHandler/FMLHANDSHAKE]: Sending ticking packet info 'Config jei-server.toml' to 'fml:handshake' sequence 43
[16Oct2025 22:35:59.257] [Server thread/DEBUG] [net.minecraftforge.network.HandshakeHandler/FMLHANDSHAKE]: Sending ticking packet info 'Config tacz-server.toml' to 'fml:handshake' sequence 44
[16Oct2025 22:35:59.331] [Server thread/DEBUG] [net.minecraftforge.network.HandshakeHandler/FMLHANDSHAKE]: Sending ticking packet info 'Config forge-server.toml' to 'fml:handshake' sequence 45
[16Oct2025 22:35:59.406] [Netty Epoll Server IO #0/DEBUG] [net.minecraftforge.network.LoginWrapper/FMLHANDSHAKE]: Recieved login wrapper packet event for channel fml:handshake with index 26
[16Oct2025 22:35:59.406] [Netty Epoll Server IO #0/DEBUG] [net.minecraftforge.network.HandshakeHandler/FMLHANDSHAKE]: Received client indexed reply 26 of type net.minecraftforge.network.HandshakeMessages$C2SAcknowledge
[16Oct2025 22:35:59.406] [Netty Epoll Server IO #0/DEBUG] [net.minecraftforge.network.HandshakeHandler/FMLHANDSHAKE]: Received acknowledgement from client
[16Oct2025 22:35:59.406] [Netty Epoll Server IO #0/DEBUG] [net.minecraftforge.network.LoginWrapper/FMLHANDSHAKE]: Recieved login wrapper packet event for channel fml:handshake with index 27
[16Oct2025 22:35:59.406] [Netty Epoll Server IO #0/DEBUG] [net.minecraftforge.network.HandshakeHandler/FMLHANDSHAKE]: Received client indexed reply 27 of type net.minecraftforge.network.HandshakeMessages$C2SAcknowledge
[16Oct2025 22:35:59.406] [Netty Epoll Server IO #0/DEBUG] [net.minecraftforge.network.HandshakeHandler/FMLHANDSHAKE]: Received acknowledgement from client
[16Oct2025 22:35:59.406] [Netty Epoll Server IO #0/DEBUG] [net.minecraftforge.network.LoginWrapper/FMLHANDSHAKE]: Recieved login wrapper packet event for channel fml:handshake with index 28
[16Oct2025 22:35:59.406] [Netty Epoll Server IO #0/DEBUG] [net.minecraftforge.network.HandshakeHandler/FMLHANDSHAKE]: Received client indexed reply 28 of type net.minecraftforge.network.HandshakeMessages$C2SAcknowledge
[16Oct2025 22:35:59.406] [Netty Epoll Server IO #0/DEBUG] [net.minecraftforge.network.HandshakeHandler/FMLHANDSHAKE]: Received acknowledgement from client
[16Oct2025 22:35:59.406] [Netty Epoll Server IO #0/DEBUG] [net.minecraftforge.network.LoginWrapper/FMLHANDSHAKE]: Recieved login wrapper packet event for channel fml:handshake with index 29
[16Oct2025 22:35:59.406] [Netty Epoll Server IO #0/DEBUG] [net.minecraftforge.network.HandshakeHandler/FMLHANDSHAKE]: Received client indexed reply 29 of type net.minecraftforge.network.HandshakeMessages$C2SAcknowledge
[16Oct2025 22:35:59.406] [Netty Epoll Server IO #0/DEBUG] [net.minecraftforge.network.HandshakeHandler/FMLHANDSHAKE]: Received acknowledgement from client
[16Oct2025 22:35:59.442] [Netty Epoll Server IO #0/DEBUG] [net.minecraftforge.network.LoginWrapper/FMLHANDSHAKE]: Recieved login wrapper packet event for channel fml:handshake with index 30
[16Oct2025 22:35:59.442] [Netty Epoll Server IO #0/DEBUG] [net.minecraftforge.network.HandshakeHandler/FMLHANDSHAKE]: Received client indexed reply 30 of type net.minecraftforge.network.HandshakeMessages$C2SAcknowledge
[16Oct2025 22:35:59.442] [Netty Epoll Server IO #0/DEBUG] [net.minecraftforge.network.HandshakeHandler/FMLHANDSHAKE]: Received acknowledgement from client
[16Oct2025 22:35:59.443] [Netty Epoll Server IO #0/DEBUG] [net.minecraftforge.network.LoginWrapper/FMLHANDSHAKE]: Recieved login wrapper packet event for channel fml:handshake with index 31
[16Oct2025 22:35:59.443] [Netty Epoll Server IO #0/DEBUG] [net.minecraftforge.network.HandshakeHandler/FMLHANDSHAKE]: Received client indexed reply 31 of type net.minecraftforge.network.HandshakeMessages$C2SAcknowledge
[16Oct2025 22:35:59.443] [Netty Epoll Server IO #0/DEBUG] [net.minecraftforge.network.HandshakeHandler/FMLHANDSHAKE]: Received acknowledgement from client
[16Oct2025 22:35:59.443] [Netty Epoll Server IO #0/DEBUG] [net.minecraftforge.network.LoginWrapper/FMLHANDSHAKE]: Recieved login wrapper packet event for channel fml:handshake with index 32
[16Oct2025 22:35:59.443] [Netty Epoll Server IO #0/DEBUG] [net.minecraftforge.network.HandshakeHandler/FMLHANDSHAKE]: Received client indexed reply 32 of type net.minecraftforge.network.HandshakeMessages$C2SAcknowledge
[16Oct2025 22:35:59.443] [Netty Epoll Server IO #0/DEBUG] [net.minecraftforge.network.HandshakeHandler/FMLHANDSHAKE]: Received acknowledgement from client
[16Oct2025 22:35:59.444] [Netty Epoll Server IO #0/DEBUG] [net.minecraftforge.network.LoginWrapper/FMLHANDSHAKE]: Recieved login wrapper packet event for channel fml:handshake with index 33
[16Oct2025 22:35:59.444] [Netty Epoll Server IO #0/DEBUG] [net.minecraftforge.network.HandshakeHandler/FMLHANDSHAKE]: Received client indexed reply 33 of type net.minecraftforge.network.HandshakeMessages$C2SAcknowledge
[16Oct2025 22:35:59.444] [Netty Epoll Server IO #0/DEBUG] [net.minecraftforge.network.HandshakeHandler/FMLHANDSHAKE]: Received acknowledgement from client
[16Oct2025 22:35:59.444] [Netty Epoll Server IO #0/DEBUG] [net.minecraftforge.network.LoginWrapper/FMLHANDSHAKE]: Recieved login wrapper packet event for channel fml:handshake with index 34
[16Oct2025 22:35:59.444] [Netty Epoll Server IO #0/DEBUG] [net.minecraftforge.network.HandshakeHandler/FMLHANDSHAKE]: Received client indexed reply 34 of type net.minecraftforge.network.HandshakeMessages$C2SAcknowledge
[16Oct2025 22:35:59.444] [Netty Epoll Server IO #0/DEBUG] [net.minecraftforge.network.HandshakeHandler/FMLHANDSHAKE]: Received acknowledgement from client
[16Oct2025 22:35:59.445] [Netty Epoll Server IO #0/DEBUG] [net.minecraftforge.network.LoginWrapper/FMLHANDSHAKE]: Recieved login wrapper packet event for channel fml:handshake with index 35
[16Oct2025 22:35:59.445] [Netty Epoll Server IO #0/DEBUG] [net.minecraftforge.network.HandshakeHandler/FMLHANDSHAKE]: Received client indexed reply 35 of type net.minecraftforge.network.HandshakeMessages$C2SAcknowledge
[16Oct2025 22:35:59.446] [Netty Epoll Server IO #0/DEBUG] [net.minecraftforge.network.HandshakeHandler/FMLHANDSHAKE]: Received acknowledgement from client
[16Oct2025 22:36:00.357] [Netty Epoll Server IO #0/DEBUG] [net.minecraftforge.network.LoginWrapper/FMLHANDSHAKE]: Recieved login wrapper packet event for channel fml:handshake with index 36
[16Oct2025 22:36:00.357] [Netty Epoll Server IO #0/DEBUG] [net.minecraftforge.network.HandshakeHandler/FMLHANDSHAKE]: Received client indexed reply 36 of type net.minecraftforge.network.HandshakeMessages$C2SAcknowledge
[16Oct2025 22:36:00.357] [Netty Epoll Server IO #0/DEBUG] [net.minecraftforge.network.HandshakeHandler/FMLHANDSHAKE]: Received acknowledgement from client
[16Oct2025 22:36:00.358] [Netty Epoll Server IO #0/DEBUG] [net.minecraftforge.network.LoginWrapper/FMLHANDSHAKE]: Recieved login wrapper packet event for channel fml:handshake with index 37
[16Oct2025 22:36:00.358] [Netty Epoll Server IO #0/DEBUG] [net.minecraftforge.network.HandshakeHandler/FMLHANDSHAKE]: Received client indexed reply 37 of type net.minecraftforge.network.HandshakeMessages$C2SAcknowledge
[16Oct2025 22:36:00.358] [Netty Epoll Server IO #0/DEBUG] [net.minecraftforge.network.HandshakeHandler/FMLHANDSHAKE]: Received acknowledgement from client
[16Oct2025 22:36:00.361] [Netty Epoll Server IO #0/DEBUG] [net.minecraftforge.network.LoginWrapper/FMLHANDSHAKE]: Recieved login wrapper packet event for channel fml:handshake with index 38
[16Oct2025 22:36:00.361] [Netty Epoll Server IO #0/DEBUG] [net.minecraftforge.network.HandshakeHandler/FMLHANDSHAKE]: Received client indexed reply 38 of type net.minecraftforge.network.HandshakeMessages$C2SAcknowledge
[16Oct2025 22:36:00.361] [Netty Epoll Server IO #0/DEBUG] [net.minecraftforge.network.HandshakeHandler/FMLHANDSHAKE]: Received acknowledgement from client
[16Oct2025 22:36:00.361] [Netty Epoll Server IO #0/DEBUG] [net.minecraftforge.network.LoginWrapper/FMLHANDSHAKE]: Recieved login wrapper packet event for channel fml:handshake with index 39
[16Oct2025 22:36:00.361] [Netty Epoll Server IO #0/DEBUG] [net.minecraftforge.network.HandshakeHandler/FMLHANDSHAKE]: Received client indexed reply 39 of type net.minecraftforge.network.HandshakeMessages$C2SAcknowledge
[16Oct2025 22:36:00.362] [Netty Epoll Server IO #0/DEBUG] [net.minecraftforge.network.HandshakeHandler/FMLHANDSHAKE]: Received acknowledgement from client
[16Oct2025 22:36:00.363] [Netty Epoll Server IO #0/DEBUG] [net.minecraftforge.network.LoginWrapper/FMLHANDSHAKE]: Recieved login wrapper packet event for channel fml:handshake with index 40
[16Oct2025 22:36:00.363] [Netty Epoll Server IO #0/DEBUG] [net.minecraftforge.network.HandshakeHandler/FMLHANDSHAKE]: Received client indexed reply 40 of type net.minecraftforge.network.HandshakeMessages$C2SAcknowledge
[16Oct2025 22:36:00.363] [Netty Epoll Server IO #0/DEBUG] [net.minecraftforge.network.HandshakeHandler/FMLHANDSHAKE]: Received acknowledgement from client
[16Oct2025 22:36:00.365] [Netty Epoll Server IO #0/DEBUG] [net.minecraftforge.network.LoginWrapper/FMLHANDSHAKE]: Recieved login wrapper packet event for channel fml:handshake with index 41
[16Oct2025 22:36:00.365] [Netty Epoll Server IO #0/DEBUG] [net.minecraftforge.network.HandshakeHandler/FMLHANDSHAKE]: Received client indexed reply 41 of type net.minecraftforge.network.HandshakeMessages$C2SAcknowledge
[16Oct2025 22:36:00.366] [Netty Epoll Server IO #0/DEBUG] [net.minecraftforge.network.HandshakeHandler/FMLHANDSHAKE]: Received acknowledgement from client
[16Oct2025 22:36:00.366] [Netty Epoll Server IO #0/DEBUG] [net.minecraftforge.network.LoginWrapper/FMLHANDSHAKE]: Recieved login wrapper packet event for channel fml:handshake with index 42
[16Oct2025 22:36:00.366] [Netty Epoll Server IO #0/DEBUG] [net.minecraftforge.network.HandshakeHandler/FMLHANDSHAKE]: Received client indexed reply 42 of type net.minecraftforge.network.HandshakeMessages$C2SAcknowledge
[16Oct2025 22:36:00.366] [Netty Epoll Server IO #0/DEBUG] [net.minecraftforge.network.HandshakeHandler/FMLHANDSHAKE]: Received acknowledgement from client
[16Oct2025 22:36:00.366] [Netty Epoll Server IO #0/DEBUG] [net.minecraftforge.network.LoginWrapper/FMLHANDSHAKE]: Recieved login wrapper packet event for channel fml:handshake with index 43
[16Oct2025 22:36:00.366] [Netty Epoll Server IO #0/DEBUG] [net.minecraftforge.network.HandshakeHandler/FMLHANDSHAKE]: Received client indexed reply 43 of type net.minecraftforge.network.HandshakeMessages$C2SAcknowledge
[16Oct2025 22:36:00.366] [Netty Epoll Server IO #0/DEBUG] [net.minecraftforge.network.HandshakeHandler/FMLHANDSHAKE]: Received acknowledgement from client
[16Oct2025 22:36:00.366] [Netty Epoll Server IO #0/DEBUG] [net.minecraftforge.network.LoginWrapper/FMLHANDSHAKE]: Recieved login wrapper packet event for channel fml:handshake with index 44
[16Oct2025 22:36:00.366] [Netty Epoll Server IO #0/DEBUG] [net.minecraftforge.network.HandshakeHandler/FMLHANDSHAKE]: Received client indexed reply 44 of type net.minecraftforge.network.HandshakeMessages$C2SAcknowledge
[16Oct2025 22:36:00.366] [Netty Epoll Server IO #0/DEBUG] [net.minecraftforge.network.HandshakeHandler/FMLHANDSHAKE]: Received acknowledgement from client
[16Oct2025 22:36:00.368] [Netty Epoll Server IO #0/DEBUG] [net.minecraftforge.network.LoginWrapper/FMLHANDSHAKE]: Recieved login wrapper packet event for channel fml:handshake with index 45
[16Oct2025 22:36:00.368] [Netty Epoll Server IO #0/DEBUG] [net.minecraftforge.network.HandshakeHandler/FMLHANDSHAKE]: Received client indexed reply 45 of type net.minecraftforge.network.HandshakeMessages$C2SAcknowledge
[16Oct2025 22:36:00.368] [Netty Epoll Server IO #0/DEBUG] [net.minecraftforge.network.HandshakeHandler/FMLHANDSHAKE]: Received acknowledgement from client
[16Oct2025 22:36:00.371] [Server thread/DEBUG] [net.minecraftforge.network.HandshakeHandler/FMLHANDSHAKE]: Handshake complete!
[16Oct2025 22:36:00.461] [Server thread/DEBUG] [de.teamlapen.vampirism.entity.factions.FactionPlayerHandler/FACTIONS]: JJForever1764 has new faction level vampirism:vampire 4
[16Oct2025 22:36:00.464] [Server thread/INFO] [net.minecraft.server.players.PlayerList/]: JJForever1764[/127.82.226.93:36443] logged in with entity id 11438 at (861.5184155628526, 71.0, 319.99271507242605)
[16Oct2025 22:36:00.467] [Server thread/DEBUG] [net.minecraftforge.network.filters.NetworkFilters/]: Injected net.minecraftforge.network.filters.ForgeConnectionNetworkFilter@3abf1a1f into net.minecraft.network.Connection@553666e0
[16Oct2025 22:36:00.524] [Server thread/INFO] [net.minecraft.server.MinecraftServer/]: JJForever1764 joined the game
[16Oct2025 22:36:01.323] [Server thread/DEBUG] [tacz/SYNC_BASE_TIMESTAMP]: Update server base timestamp: 1760654161092
[16Oct2025 22:36:04.604] [Worker-Main-4/DEBUG] [de.teamlapen.vampirism.blockentity.TotemBlockEntity/]: Looking for vampire forest took 1.545s
[16Oct2025 22:36:22.562] [Server thread/INFO] [net.minecraft.server.network.ServerLoginPacketListenerImpl/]: com.mojang.authlib.GameProfile@56f3071a[id=<null>,name=Danielbox123,properties={},legacy=false] (/127.132.121.186:59737) lost connection: Disconnected
[16Oct2025 22:36:36.560] [Netty Epoll Server IO #5/DEBUG] [net.minecraftforge.network.HandshakeHandler/FMLHANDSHAKE]: Starting new modded impl connection. Found 46 messages to dispatch.
[16Oct2025 22:36:36.565] [Server thread/DEBUG] [net.minecraftforge.network.HandshakeHandler/FMLHANDSHAKE]: Sending ticking packet info 'com.tacz.guns.network.message.handshake.ServerMessageSyncedEntityDataMapping' to 'tacz:handshake' sequence 0
[16Oct2025 22:36:36.610] [Server thread/DEBUG] [net.minecraftforge.network.HandshakeHandler/FMLHANDSHAKE]: Sending ticking packet info 'net.minecraftforge.network.HandshakeMessages$S2CModData' to 'fml:handshake' sequence 1
[16Oct2025 22:36:36.664] [Server thread/DEBUG] [net.minecraftforge.network.HandshakeHandler/FMLHANDSHAKE]: Sending ticking packet info 'net.minecraftforge.network.HandshakeMessages$S2CModList' to 'fml:handshake' sequence 2
[16Oct2025 22:36:36.710] [Server thread/DEBUG] [net.minecraftforge.network.HandshakeHandler/FMLHANDSHAKE]: Sending ticking packet info 'Registry minecraft:command_argument_type' to 'fml:handshake' sequence 3
[16Oct2025 22:36:36.758] [Server thread/DEBUG] [net.minecraftforge.network.HandshakeHandler/FMLHANDSHAKE]: Sending ticking packet info 'Registry irons_spellbooks:schools' to 'fml:handshake' sequence 4
[16Oct2025 22:36:36.807] [Server thread/DEBUG] [net.minecraftforge.network.HandshakeHandler/FMLHANDSHAKE]: Sending ticking packet info 'Registry minecraft:villager_profession' to 'fml:handshake' sequence 5
[16Oct2025 22:36:36.860] [Server thread/DEBUG] [net.minecraftforge.network.HandshakeHandler/FMLHANDSHAKE]: Sending ticking packet info 'Registry minecraft:item' to 'fml:handshake' sequence 6
[16Oct2025 22:36:36.911] [Server thread/DEBUG] [net.minecraftforge.network.HandshakeHandler/FMLHANDSHAKE]: Sending ticking packet info 'Registry minecraft:potion' to 'fml:handshake' sequence 7
[16Oct2025 22:36:36.965] [Server thread/DEBUG] [net.minecraftforge.network.HandshakeHandler/FMLHANDSHAKE]: Sending ticking packet info 'Registry vampirism:refinement' to 'fml:handshake' sequence 8
[16Oct2025 22:36:37.017] [Server thread/DEBUG] [net.minecraftforge.network.HandshakeHandler/FMLHANDSHAKE]: Sending ticking packet info 'Registry minecraft:block_entity_type' to 'fml:handshake' sequence 9
[16Oct2025 22:36:37.067] [Server thread/DEBUG] [net.minecraftforge.network.HandshakeHandler/FMLHANDSHAKE]: Sending ticking packet info 'Registry forge:display_contexts' to 'fml:handshake' sequence 10
[16Oct2025 22:36:37.109] [Server thread/DEBUG] [net.minecraftforge.network.HandshakeHandler/FMLHANDSHAKE]: Sending ticking packet info 'Registry vampirism:task_unlocker' to 'fml:handshake' sequence 11
[16Oct2025 22:36:37.164] [Server thread/DEBUG] [net.minecraftforge.network.HandshakeHandler/FMLHANDSHAKE]: Sending ticking packet info 'Registry irons_spellbooks:spells' to 'fml:handshake' sequence 12
[16Oct2025 22:36:37.215] [Server thread/DEBUG] [net.minecraftforge.network.HandshakeHandler/FMLHANDSHAKE]: Sending ticking packet info 'Registry vampirism:miniontasks' to 'fml:handshake' sequence 13
[16Oct2025 22:36:37.262] [Server thread/DEBUG] [net.minecraftforge.network.HandshakeHandler/FMLHANDSHAKE]: Sending ticking packet info 'Registry minecraft:stat_type' to 'fml:handshake' sequence 14
[16Oct2025 22:36:37.315] [Server thread/DEBUG] [net.minecraftforge.network.HandshakeHandler/FMLHANDSHAKE]: Sending ticking packet info 'Registry vampirism:skills' to 'fml:handshake' sequence 15
[16Oct2025 22:36:37.364] [Server thread/DEBUG] [net.minecraftforge.network.HandshakeHandler/FMLHANDSHAKE]: Sending ticking packet info 'Registry minecraft:menu' to 'fml:handshake' sequence 16
[16Oct2025 22:36:37.410] [Server thread/DEBUG] [net.minecraftforge.network.HandshakeHandler/FMLHANDSHAKE]: Sending ticking packet info 'Registry vampirism:actions' to 'fml:handshake' sequence 17
[16Oct2025 22:36:37.459] [Server thread/DEBUG] [net.minecraftforge.network.HandshakeHandler/FMLHANDSHAKE]: Sending ticking packet info 'Registry vampirism:refinement_set' to 'fml:handshake' sequence 18
[16Oct2025 22:36:37.513] [Server thread/DEBUG] [net.minecraftforge.network.HandshakeHandler/FMLHANDSHAKE]: Sending ticking packet info 'Registry minecraft:fluid' to 'fml:handshake' sequence 19
[16Oct2025 22:36:37.561] [Server thread/DEBUG] [net.minecraftforge.network.HandshakeHandler/FMLHANDSHAKE]: Sending ticking packet info 'Registry vampirism:task_requirement' to 'fml:handshake' sequence 20
[16Oct2025 22:36:37.614] [Server thread/DEBUG] [net.minecraftforge.network.HandshakeHandler/FMLHANDSHAKE]: Sending ticking packet info 'Registry minecraft:recipe_serializer' to 'fml:handshake' sequence 21
[16Oct2025 22:36:37.662] [Server thread/DEBUG] [net.minecraftforge.network.HandshakeHandler/FMLHANDSHAKE]: Sending ticking packet info 'Registry minecraft:sound_event' to 'fml:handshake' sequence 22
[16Oct2025 22:36:37.710] [Server thread/DEBUG] [net.minecraftforge.network.HandshakeHandler/FMLHANDSHAKE]: Sending ticking packet info 'Registry minecraft:particle_type' to 'fml:handshake' sequence 23
[16Oct2025 22:36:37.760] [Server thread/DEBUG] [net.minecraftforge.network.HandshakeHandler/FMLHANDSHAKE]: Sending ticking packet info 'Registry minecraft:painting_variant' to 'fml:handshake' sequence 24
[16Oct2025 22:36:37.813] [Server thread/DEBUG] [net.minecraftforge.network.HandshakeHandler/FMLHANDSHAKE]: Sending ticking packet info 'Registry forge:fluid_type' to 'fml:handshake' sequence 25
[16Oct2025 22:36:37.863] [Server thread/DEBUG] [net.minecraftforge.network.HandshakeHandler/FMLHANDSHAKE]: Sending ticking packet info 'Registry minecraft:block' to 'fml:handshake' sequence 26
[16Oct2025 22:36:37.913] [Server thread/DEBUG] [net.minecraftforge.network.HandshakeHandler/FMLHANDSHAKE]: Sending ticking packet info 'Registry forge:entity_data_serializers' to 'fml:handshake' sequence 27
[16Oct2025 22:36:37.960] [Server thread/DEBUG] [net.minecraftforge.network.HandshakeHandler/FMLHANDSHAKE]: Sending ticking packet info 'Registry vampirism:task_reward' to 'fml:handshake' sequence 28
[16Oct2025 22:36:38.011] [Server thread/DEBUG] [net.minecraftforge.network.HandshakeHandler/FMLHANDSHAKE]: Sending ticking packet info 'Registry vampirism:oil' to 'fml:handshake' sequence 29
[16Oct2025 22:36:38.063] [Server thread/DEBUG] [net.minecraftforge.network.HandshakeHandler/FMLHANDSHAKE]: Sending ticking packet info 'Registry vampirism:converting_handler' to 'fml:handshake' sequence 30
[16Oct2025 22:36:38.112] [Server thread/DEBUG] [net.minecraftforge.network.HandshakeHandler/FMLHANDSHAKE]: Sending ticking packet info 'Registry minecraft:mob_effect' to 'fml:handshake' sequence 31
[16Oct2025 22:36:38.162] [Server thread/DEBUG] [net.minecraftforge.network.HandshakeHandler/FMLHANDSHAKE]: Sending ticking packet info 'Registry vampirism:entityactions' to 'fml:handshake' sequence 32
[16Oct2025 22:36:38.213] [Server thread/DEBUG] [net.minecraftforge.network.HandshakeHandler/FMLHANDSHAKE]: Sending ticking packet info 'Registry tombstone:perks' to 'fml:handshake' sequence 33
[16Oct2025 22:36:38.259] [Server thread/DEBUG] [net.minecraftforge.network.HandshakeHandler/FMLHANDSHAKE]: Sending ticking packet info 'Registry minecraft:enchantment' to 'fml:handshake' sequence 34
[16Oct2025 22:36:38.314] [Server thread/DEBUG] [net.minecraftforge.network.HandshakeHandler/FMLHANDSHAKE]: Sending ticking packet info 'Registry vampirism:task_reward_instance' to 'fml:handshake' sequence 35
[16Oct2025 22:36:38.361] [Server thread/DEBUG] [net.minecraftforge.network.HandshakeHandler/FMLHANDSHAKE]: Sending ticking packet info 'Registry minecraft:entity_type' to 'fml:handshake' sequence 36
[16Oct2025 22:36:38.410] [Server thread/DEBUG] [net.minecraftforge.network.HandshakeHandler/FMLHANDSHAKE]: Sending ticking packet info 'Config curios-server.toml' to 'fml:handshake' sequence 37
[16Oct2025 22:36:38.460] [Server thread/DEBUG] [net.minecraftforge.network.HandshakeHandler/FMLHANDSHAKE]: Sending ticking packet info 'Config irons_spellbooks-server.toml' to 'fml:handshake' sequence 38
[16Oct2025 22:36:38.508] [Server thread/DEBUG] [net.minecraftforge.network.HandshakeHandler/FMLHANDSHAKE]: Sending ticking packet info 'Config tombstone-server.toml' to 'fml:handshake' sequence 39
[16Oct2025 22:36:38.562] [Server thread/DEBUG] [net.minecraftforge.network.HandshakeHandler/FMLHANDSHAKE]: Sending ticking packet info 'Config vampirism-server.toml' to 'fml:handshake' sequence 40
[16Oct2025 22:36:38.614] [Server thread/DEBUG] [net.minecraftforge.network.HandshakeHandler/FMLHANDSHAKE]: Sending ticking packet info 'Config sophisticatedbackpacks-server.toml' to 'fml:handshake' sequence 41
[16Oct2025 22:36:38.676] [Server thread/DEBUG] [net.minecraftforge.network.HandshakeHandler/FMLHANDSHAKE]: Sending ticking packet info 'Config vampirism-balance.toml' to 'fml:handshake' sequence 42
[16Oct2025 22:36:38.714] [Server thread/DEBUG] [net.minecraftforge.network.HandshakeHandler/FMLHANDSHAKE]: Sending ticking packet info 'Config jei-server.toml' to 'fml:handshake' sequence 43
[16Oct2025 22:36:38.761] [Server thread/DEBUG] [net.minecraftforge.network.HandshakeHandler/FMLHANDSHAKE]: Sending ticking packet info 'Config tacz-server.toml' to 'fml:handshake' sequence 44
[16Oct2025 22:36:38.810] [Server thread/DEBUG] [net.minecraftforge.network.HandshakeHandler/FMLHANDSHAKE]: Sending ticking packet info 'Config forge-server.toml' to 'fml:handshake' sequence 45
[16Oct2025 22:37:06.312] [Server thread/INFO] [net.minecraft.server.network.ServerLoginPacketListenerImpl/]: com.mojang.authlib.GameProfile@51b8f811[id=<null>,name=Danielbox123,properties={},legacy=false] (/127.132.121.186:53683) lost connection: Disconnected
[16Oct2025 22:37:12.163] [Netty Epoll Server IO #0/DEBUG] [net.minecraftforge.network.HandshakeHandler/FMLHANDSHAKE]: Starting new modded impl connection. Found 46 messages to dispatch.
[16Oct2025 22:37:12.208] [Server thread/DEBUG] [net.minecraftforge.network.HandshakeHandler/FMLHANDSHAKE]: Sending ticking packet info 'com.tacz.guns.network.message.handshake.ServerMessageSyncedEntityDataMapping' to 'tacz:handshake' sequence 0
[16Oct2025 22:37:12.261] [Server thread/DEBUG] [net.minecraftforge.network.HandshakeHandler/FMLHANDSHAKE]: Sending ticking packet info 'net.minecraftforge.network.HandshakeMessages$S2CModData' to 'fml:handshake' sequence 1
[16Oct2025 22:37:12.308] [Server thread/DEBUG] [net.minecraftforge.network.HandshakeHandler/FMLHANDSHAKE]: Sending ticking packet info 'net.minecraftforge.network.HandshakeMessages$S2CModList' to 'fml:handshake' sequence 2
[16Oct2025 22:37:12.359] [Server thread/DEBUG] [net.minecraftforge.network.HandshakeHandler/FMLHANDSHAKE]: Sending ticking packet info 'Registry minecraft:command_argument_type' to 'fml:handshake' sequence 3
[16Oct2025 22:37:12.408] [Server thread/DEBUG] [net.minecraftforge.network.HandshakeHandler/FMLHANDSHAKE]: Sending ticking packet info 'Registry irons_spellbooks:schools' to 'fml:handshake' sequence 4
[16Oct2025 22:37:12.465] [Server thread/DEBUG] [net.minecraftforge.network.HandshakeHandler/FMLHANDSHAKE]: Sending ticking packet info 'Registry minecraft:villager_profession' to 'fml:handshake' sequence 5
[16Oct2025 22:37:12.510] [Server thread/DEBUG] [net.minecraftforge.network.HandshakeHandler/FMLHANDSHAKE]: Sending ticking packet info 'Registry minecraft:item' to 'fml:handshake' sequence 6
[16Oct2025 22:37:12.562] [Server thread/DEBUG] [net.minecraftforge.network.HandshakeHandler/FMLHANDSHAKE]: Sending ticking packet info 'Registry minecraft:potion' to 'fml:handshake' sequence 7
[16Oct2025 22:37:12.609] [Server thread/DEBUG] [net.minecraftforge.network.HandshakeHandler/FMLHANDSHAKE]: Sending ticking packet info 'Registry vampirism:refinement' to 'fml:handshake' sequence 8
[16Oct2025 22:37:12.659] [Server thread/DEBUG] [net.minecraftforge.network.HandshakeHandler/FMLHANDSHAKE]: Sending ticking packet info 'Registry minecraft:block_entity_type' to 'fml:handshake' sequence 9
[16Oct2025 22:37:12.737] [Server thread/DEBUG] [net.minecraftforge.network.HandshakeHandler/FMLHANDSHAKE]: Sending ticking packet info 'Registry forge:display_contexts' to 'fml:handshake' sequence 10
[16Oct2025 22:37:12.809] [Server thread/DEBUG] [net.minecraftforge.network.HandshakeHandler/FMLHANDSHAKE]: Sending ticking packet info 'Registry vampirism:task_unlocker' to 'fml:handshake' sequence 11
[16Oct2025 22:37:12.880] [Server thread/DEBUG] [net.minecraftforge.network.HandshakeHandler/FMLHANDSHAKE]: Sending ticking packet info 'Registry irons_spellbooks:spells' to 'fml:handshake' sequence 12
[16Oct2025 22:37:12.951] [Server thread/DEBUG] [net.minecraftforge.network.HandshakeHandler/FMLHANDSHAKE]: Sending ticking packet info 'Registry vampirism:miniontasks' to 'fml:handshake' sequence 13
[16Oct2025 22:37:13.011] [Server thread/DEBUG] [net.minecraftforge.network.HandshakeHandler/FMLHANDSHAKE]: Sending ticking packet info 'Registry minecraft:stat_type' to 'fml:handshake' sequence 14
[16Oct2025 22:37:13.031] [Server thread/DEBUG] [net.minecraftforge.network.HandshakeHandler/FMLHANDSHAKE]: Sending ticking packet info 'Registry vampirism:skills' to 'fml:handshake' sequence 15
[16Oct2025 22:37:13.060] [Server thread/DEBUG] [net.minecraftforge.network.HandshakeHandler/FMLHANDSHAKE]: Sending ticking packet info 'Registry minecraft:menu' to 'fml:handshake' sequence 16
[16Oct2025 22:37:13.081] [Server thread/DEBUG] [net.minecraftforge.network.HandshakeHandler/FMLHANDSHAKE]: Sending ticking packet info 'Registry vampirism:actions' to 'fml:handshake' sequence 17
[16Oct2025 22:37:13.125] [Server thread/DEBUG] [net.minecraftforge.network.HandshakeHandler/FMLHANDSHAKE]: Sending ticking packet info 'Registry vampirism:refinement_set' to 'fml:handshake' sequence 18
[16Oct2025 22:37:13.164] [Server thread/DEBUG] [net.minecraftforge.network.HandshakeHandler/FMLHANDSHAKE]: Sending ticking packet info 'Registry minecraft:fluid' to 'fml:handshake' sequence 19
[16Oct2025 22:37:13.213] [Server thread/DEBUG] [net.minecraftforge.network.HandshakeHandler/FMLHANDSHAKE]: Sending ticking packet info 'Registry vampirism:task_requirement' to 'fml:handshake' sequence 20
[16Oct2025 22:37:13.265] [Server thread/DEBUG] [net.minecraftforge.network.HandshakeHandler/FMLHANDSHAKE]: Sending ticking packet info 'Registry minecraft:recipe_serializer' to 'fml:handshake' sequence 21
[16Oct2025 22:37:13.312] [Server thread/DEBUG] [net.minecraftforge.network.HandshakeHandler/FMLHANDSHAKE]: Sending ticking packet info 'Registry minecraft:sound_event' to 'fml:handshake' sequence 22
[16Oct2025 22:37:13.363] [Server thread/DEBUG] [net.minecraftforge.network.HandshakeHandler/FMLHANDSHAKE]: Sending ticking packet info 'Registry minecraft:particle_type' to 'fml:handshake' sequence 23
[16Oct2025 22:37:13.414] [Server thread/DEBUG] [net.minecraftforge.network.HandshakeHandler/FMLHANDSHAKE]: Sending ticking packet info 'Registry minecraft:painting_variant' to 'fml:handshake' sequence 24
[16Oct2025 22:37:13.463] [Server thread/DEBUG] [net.minecraftforge.network.HandshakeHandler/FMLHANDSHAKE]: Sending ticking packet info 'Registry forge:fluid_type' to 'fml:handshake' sequence 25
[16Oct2025 22:37:13.509] [Server thread/DEBUG] [net.minecraftforge.network.HandshakeHandler/FMLHANDSHAKE]: Sending ticking packet info 'Registry minecraft:block' to 'fml:handshake' sequence 26
[16Oct2025 22:37:13.560] [Server thread/DEBUG] [net.minecraftforge.network.HandshakeHandler/FMLHANDSHAKE]: Sending ticking packet info 'Registry forge:entity_data_serializers' to 'fml:handshake' sequence 27
[16Oct2025 22:37:13.610] [Server thread/DEBUG] [net.minecraftforge.network.HandshakeHandler/FMLHANDSHAKE]: Sending ticking packet info 'Registry vampirism:task_reward' to 'fml:handshake' sequence 28
[16Oct2025 22:37:13.658] [Server thread/DEBUG] [net.minecraftforge.network.HandshakeHandler/FMLHANDSHAKE]: Sending ticking packet info 'Registry vampirism:oil' to 'fml:handshake' sequence 29
[16Oct2025 22:37:13.713] [Server thread/DEBUG] [net.minecraftforge.network.HandshakeHandler/FMLHANDSHAKE]: Sending ticking packet info 'Registry vampirism:converting_handler' to 'fml:handshake' sequence 30
[16Oct2025 22:37:13.758] [Server thread/DEBUG] [net.minecraftforge.network.HandshakeHandler/FMLHANDSHAKE]: Sending ticking packet info 'Registry minecraft:mob_effect' to 'fml:handshake' sequence 31
[16Oct2025 22:37:13.808] [Server thread/DEBUG] [net.minecraftforge.network.HandshakeHandler/FMLHANDSHAKE]: Sending ticking packet info 'Registry vampirism:entityactions' to 'fml:handshake' sequence 32
[16Oct2025 22:37:13.864] [Server thread/DEBUG] [net.minecraftforge.network.HandshakeHandler/FMLHANDSHAKE]: Sending ticking packet info 'Registry tombstone:perks' to 'fml:handshake' sequence 33
[16Oct2025 22:37:13.909] [Server thread/DEBUG] [net.minecraftforge.network.HandshakeHandler/FMLHANDSHAKE]: Sending ticking packet info 'Registry minecraft:enchantment' to 'fml:handshake' sequence 34
[16Oct2025 22:37:13.962] [Server thread/DEBUG] [net.minecraftforge.network.HandshakeHandler/FMLHANDSHAKE]: Sending ticking packet info 'Registry vampirism:task_reward_instance' to 'fml:handshake' sequence 35
[16Oct2025 22:37:14.010] [Server thread/DEBUG] [net.minecraftforge.network.HandshakeHandler/FMLHANDSHAKE]: Sending ticking packet info 'Registry minecraft:entity_type' to 'fml:handshake' sequence 36
[16Oct2025 22:37:14.060] [Server thread/DEBUG] [net.minecraftforge.network.HandshakeHandler/FMLHANDSHAKE]: Sending ticking packet info 'Config curios-server.toml' to 'fml:handshake' sequence 37
[16Oct2025 22:37:14.109] [Server thread/DEBUG] [net.minecraftforge.network.HandshakeHandler/FMLHANDSHAKE]: Sending ticking packet info 'Config irons_spellbooks-server.toml' to 'fml:handshake' sequence 38
[16Oct2025 22:37:14.163] [Server thread/DEBUG] [net.minecraftforge.network.HandshakeHandler/FMLHANDSHAKE]: Sending ticking packet info 'Config tombstone-server.toml' to 'fml:handshake' sequence 39
[16Oct2025 22:37:14.213] [Server thread/DEBUG] [net.minecraftforge.network.HandshakeHandler/FMLHANDSHAKE]: Sending ticking packet info 'Config vampirism-server.toml' to 'fml:handshake' sequence 40
[16Oct2025 22:37:14.262] [Server thread/DEBUG] [net.minecraftforge.network.HandshakeHandler/FMLHANDSHAKE]: Sending ticking packet info 'Config sophisticatedbackpacks-server.toml' to 'fml:handshake' sequence 41
[16Oct2025 22:37:14.310] [Server thread/DEBUG] [net.minecraftforge.network.HandshakeHandler/FMLHANDSHAKE]: Sending ticking packet info 'Config vampirism-balance.toml' to 'fml:handshake' sequence 42
[16Oct2025 22:37:14.364] [Server thread/DEBUG] [net.minecraftforge.network.HandshakeHandler/FMLHANDSHAKE]: Sending ticking packet info 'Config jei-server.toml' to 'fml:handshake' sequence 43
[16Oct2025 22:37:14.412] [Server thread/DEBUG] [net.minecraftforge.network.HandshakeHandler/FMLHANDSHAKE]: Sending ticking packet info 'Config tacz-server.toml' to 'fml:handshake' sequence 44
[16Oct2025 22:37:14.465] [Server thread/DEBUG] [net.minecraftforge.network.HandshakeHandler/FMLHANDSHAKE]: Sending ticking packet info 'Config forge-server.toml' to 'fml:handshake' sequence 45
[16Oct2025 22:37:15.463] [Server thread/INFO] [net.minecraft.server.network.ServerLoginPacketListenerImpl/]: com.mojang.authlib.GameProfile@6993871b[id=<null>,name=Danielbox123,properties={},legacy=false] (/127.132.121.186:40037) lost connection: Disconnected
[16Oct2025 22:37:17.689] [Netty Epoll Server IO #2/DEBUG] [net.minecraftforge.network.HandshakeHandler/FMLHANDSHAKE]: Starting new modded impl connection. Found 46 messages to dispatch.
[16Oct2025 22:37:17.715] [Server thread/DEBUG] [net.minecraftforge.network.HandshakeHandler/FMLHANDSHAKE]: Sending ticking packet info 'com.tacz.guns.network.message.handshake.ServerMessageSyncedEntityDataMapping' to 'tacz:handshake' sequence 0
[16Oct2025 22:37:17.762] [Server thread/DEBUG] [net.minecraftforge.network.HandshakeHandler/FMLHANDSHAKE]: Sending ticking packet info 'net.minecraftforge.network.HandshakeMessages$S2CModData' to 'fml:handshake' sequence 1
[16Oct2025 22:37:17.809] [Server thread/DEBUG] [net.minecraftforge.network.HandshakeHandler/FMLHANDSHAKE]: Sending ticking packet info 'net.minecraftforge.network.HandshakeMessages$S2CModList' to 'fml:handshake' sequence 2
[16Oct2025 22:37:17.863] [Server thread/DEBUG] [net.minecraftforge.network.HandshakeHandler/FMLHANDSHAKE]: Sending ticking packet info 'Registry minecraft:command_argument_type' to 'fml:handshake' sequence 3
[16Oct2025 22:37:17.910] [Server thread/DEBUG] [net.minecraftforge.network.HandshakeHandler/FMLHANDSHAKE]: Sending ticking packet info 'Registry irons_spellbooks:schools' to 'fml:handshake' sequence 4
[16Oct2025 22:37:17.961] [Server thread/DEBUG] [net.minecraftforge.network.HandshakeHandler/FMLHANDSHAKE]: Sending ticking packet info 'Registry minecraft:villager_profession' to 'fml:handshake' sequence 5
[16Oct2025 22:37:18.011] [Server thread/DEBUG] [net.minecraftforge.network.HandshakeHandler/FMLHANDSHAKE]: Sending ticking packet info 'Registry minecraft:item' to 'fml:handshake' sequence 6
[16Oct2025 22:37:18.063] [Server thread/DEBUG] [net.minecraftforge.network.HandshakeHandler/FMLHANDSHAKE]: Sending ticking packet info 'Registry minecraft:potion' to 'fml:handshake' sequence 7
[16Oct2025 22:37:18.109] [Server thread/DEBUG] [net.minecraftforge.network.HandshakeHandler/FMLHANDSHAKE]: Sending ticking packet info 'Registry vampirism:refinement' to 'fml:handshake' sequence 8
[16Oct2025 22:37:18.160] [Server thread/DEBUG] [net.minecraftforge.network.HandshakeHandler/FMLHANDSHAKE]: Sending ticking packet info 'Registry minecraft:block_entity_type' to 'fml:handshake' sequence 9
[16Oct2025 22:37:18.210] [Server thread/DEBUG] [net.minecraftforge.network.HandshakeHandler/FMLHANDSHAKE]: Sending ticking packet info 'Registry forge:display_contexts' to 'fml:handshake' sequence 10
[16Oct2025 22:37:18.263] [Server thread/DEBUG] [net.minecraftforge.network.HandshakeHandler/FMLHANDSHAKE]: Sending ticking packet info 'Registry vampirism:task_unlocker' to 'fml:handshake' sequence 11
[16Oct2025 22:37:18.308] [Server thread/DEBUG] [net.minecraftforge.network.HandshakeHandler/FMLHANDSHAKE]: Sending ticking packet info 'Registry irons_spellbooks:spells' to 'fml:handshake' sequence 12
[16Oct2025 22:37:18.363] [Server thread/DEBUG] [net.minecraftforge.network.HandshakeHandler/FMLHANDSHAKE]: Sending ticking packet info 'Registry vampirism:miniontasks' to 'fml:handshake' sequence 13
[16Oct2025 22:37:18.409] [Server thread/DEBUG] [net.minecraftforge.network.HandshakeHandler/FMLHANDSHAKE]: Sending ticking packet info 'Registry minecraft:stat_type' to 'fml:handshake' sequence 14
[16Oct2025 22:37:18.463] [Server thread/DEBUG] [net.minecraftforge.network.HandshakeHandler/FMLHANDSHAKE]: Sending ticking packet info 'Registry vampirism:skills' to 'fml:handshake' sequence 15
[16Oct2025 22:37:18.509] [Server thread/DEBUG] [net.minecraftforge.network.HandshakeHandler/FMLHANDSHAKE]: Sending ticking packet info 'Registry minecraft:menu' to 'fml:handshake' sequence 16
[16Oct2025 22:37:18.558] [Server thread/DEBUG] [net.minecraftforge.network.HandshakeHandler/FMLHANDSHAKE]: Sending ticking packet info 'Registry vampirism:actions' to 'fml:handshake' sequence 17
[16Oct2025 22:37:18.608] [Server thread/DEBUG] [net.minecraftforge.network.HandshakeHandler/FMLHANDSHAKE]: Sending ticking packet info 'Registry vampirism:refinement_set' to 'fml:handshake' sequence 18
[16Oct2025 22:37:18.659] [Server thread/DEBUG] [net.minecraftforge.network.HandshakeHandler/FMLHANDSHAKE]: Sending ticking packet info 'Registry minecraft:fluid' to 'fml:handshake' sequence 19
[16Oct2025 22:37:18.712] [Server thread/DEBUG] [net.minecraftforge.network.HandshakeHandler/FMLHANDSHAKE]: Sending ticking packet info 'Registry vampirism:task_requirement' to 'fml:handshake' sequence 20
[16Oct2025 22:37:18.760] [Server thread/DEBUG] [net.minecraftforge.network.HandshakeHandler/FMLHANDSHAKE]: Sending ticking packet info 'Registry minecraft:recipe_serializer' to 'fml:handshake' sequence 21
[16Oct2025 22:37:18.807] [Server thread/DEBUG] [net.minecraftforge.network.HandshakeHandler/FMLHANDSHAKE]: Sending ticking packet info 'Registry minecraft:sound_event' to 'fml:handshake' sequence 22
[16Oct2025 22:37:18.862] [Server thread/DEBUG] [net.minecraftforge.network.HandshakeHandler/FMLHANDSHAKE]: Sending ticking packet info 'Registry minecraft:particle_type' to 'fml:handshake' sequence 23
[16Oct2025 22:37:18.915] [Server thread/DEBUG] [net.minecraftforge.network.HandshakeHandler/FMLHANDSHAKE]: Sending ticking packet info 'Registry minecraft:painting_variant' to 'fml:handshake' sequence 24
[16Oct2025 22:37:18.964] [Server thread/DEBUG] [net.minecraftforge.network.HandshakeHandler/FMLHANDSHAKE]: Sending ticking packet info 'Registry forge:fluid_type' to 'fml:handshake' sequence 25
[16Oct2025 22:37:19.014] [Server thread/DEBUG] [net.minecraftforge.network.HandshakeHandler/FMLHANDSHAKE]: Sending ticking packet info 'Registry minecraft:block' to 'fml:handshake' sequence 26
[16Oct2025 22:37:19.063] [Server thread/DEBUG] [net.minecraftforge.network.HandshakeHandler/FMLHANDSHAKE]: Sending ticking packet info 'Registry forge:entity_data_serializers' to 'fml:handshake' sequence 27
[16Oct2025 22:37:19.112] [Server thread/DEBUG] [net.minecraftforge.network.HandshakeHandler/FMLHANDSHAKE]: Sending ticking packet info 'Registry vampirism:task_reward' to 'fml:handshake' sequence 28
[16Oct2025 22:37:19.163] [Server thread/DEBUG] [net.minecraftforge.network.HandshakeHandler/FMLHANDSHAKE]: Sending ticking packet info 'Registry vampirism:oil' to 'fml:handshake' sequence 29
[16Oct2025 22:37:19.209] [Server thread/DEBUG] [net.minecraftforge.network.HandshakeHandler/FMLHANDSHAKE]: Sending ticking packet info 'Registry vampirism:converting_handler' to 'fml:handshake' sequence 30
[16Oct2025 22:37:19.259] [Server thread/DEBUG] [net.minecraftforge.network.HandshakeHandler/FMLHANDSHAKE]: Sending ticking packet info 'Registry minecraft:mob_effect' to 'fml:handshake' sequence 31
[16Oct2025 22:37:19.308] [Server thread/DEBUG] [net.minecraftforge.network.HandshakeHandler/FMLHANDSHAKE]: Sending ticking packet info 'Registry vampirism:entityactions' to 'fml:handshake' sequence 32
[16Oct2025 22:37:19.361] [Server thread/DEBUG] [net.minecraftforge.network.HandshakeHandler/FMLHANDSHAKE]: Sending ticking packet info 'Registry tombstone:perks' to 'fml:handshake' sequence 33
[16Oct2025 22:37:19.408] [Server thread/DEBUG] [net.minecraftforge.network.HandshakeHandler/FMLHANDSHAKE]: Sending ticking packet info 'Registry minecraft:enchantment' to 'fml:handshake' sequence 34
[16Oct2025 22:37:19.464] [Server thread/DEBUG] [net.minecraftforge.network.HandshakeHandler/FMLHANDSHAKE]: Sending ticking packet info 'Registry vampirism:task_reward_instance' to 'fml:handshake' sequence 35
[16Oct2025 22:37:19.513] [Server thread/DEBUG] [net.minecraftforge.network.HandshakeHandler/FMLHANDSHAKE]: Sending ticking packet info 'Registry minecraft:entity_type' to 'fml:handshake' sequence 36
[16Oct2025 22:37:19.565] [Server thread/DEBUG] [net.minecraftforge.network.HandshakeHandler/FMLHANDSHAKE]: Sending ticking packet info 'Config curios-server.toml' to 'fml:handshake' sequence 37
[16Oct2025 22:37:19.611] [Server thread/DEBUG] [net.minecraftforge.network.HandshakeHandler/FMLHANDSHAKE]: Sending ticking packet info 'Config irons_spellbooks-server.toml' to 'fml:handshake' sequence 38
[16Oct2025 22:37:19.663] [Server thread/DEBUG] [net.minecraftforge.network.HandshakeHandler/FMLHANDSHAKE]: Sending ticking packet info 'Config tombstone-server.toml' to 'fml:handshake' sequence 39
[16Oct2025 22:37:19.711] [Server thread/DEBUG] [net.minecraftforge.network.HandshakeHandler/FMLHANDSHAKE]: Sending ticking packet info 'Config vampirism-server.toml' to 'fml:handshake' sequence 40
[16Oct2025 22:37:19.759] [Server thread/DEBUG] [net.minecraftforge.network.HandshakeHandler/FMLHANDSHAKE]: Sending ticking packet info 'Config sophisticatedbackpacks-server.toml' to 'fml:handshake' sequence 41
[16Oct2025 22:37:19.808] [Server thread/DEBUG] [net.minecraftforge.network.HandshakeHandler/FMLHANDSHAKE]: Sending ticking packet info 'Config vampirism-balance.toml' to 'fml:handshake' sequence 42
[16Oct2025 22:37:19.860] [Server thread/DEBUG] [net.minecraftforge.network.HandshakeHandler/FMLHANDSHAKE]: Sending ticking packet info 'Config jei-server.toml' to 'fml:handshake' sequence 43
[16Oct2025 22:37:19.908] [Server thread/DEBUG] [net.minecraftforge.network.HandshakeHandler/FMLHANDSHAKE]: Sending ticking packet info 'Config tacz-server.toml' to 'fml:handshake' sequence 44
[16Oct2025 22:37:19.962] [Server thread/DEBUG] [net.minecraftforge.network.HandshakeHandler/FMLHANDSHAKE]: Sending ticking packet info 'Config forge-server.toml' to 'fml:handshake' sequence 45
[16Oct2025 22:37:40.965] [Server thread/INFO] [net.minecraft.server.MinecraftServer/]: JJForever1764 has made the advancement [Surge Protector]
[16Oct2025 22:37:47.462] [Server thread/INFO] [net.minecraft.server.network.ServerLoginPacketListenerImpl/]: com.mojang.authlib.GameProfile@367bf2b8[id=<null>,name=Danielbox123,properties={},legacy=false] (/127.132.121.186:53311) lost connection: Disconnected
[16Oct2025 22:37:56.615] [Netty Epoll Server IO #4/DEBUG] [net.minecraftforge.network.HandshakeHandler/FMLHANDSHAKE]: Starting new modded impl connection. Found 46 messages to dispatch.
[16Oct2025 22:37:56.663] [Server thread/DEBUG] [net.minecraftforge.network.HandshakeHandler/FMLHANDSHAKE]: Sending ticking packet info 'com.tacz.guns.network.message.handshake.ServerMessageSyncedEntityDataMapping' to 'tacz:handshake' sequence 0
[16Oct2025 22:37:56.713] [Server thread/DEBUG] [net.minecraftforge.network.HandshakeHandler/FMLHANDSHAKE]: Sending ticking packet info 'net.minecraftforge.network.HandshakeMessages$S2CModData' to 'fml:handshake' sequence 1
[16Oct2025 22:37:56.763] [Server thread/DEBUG] [net.minecraftforge.network.HandshakeHandler/FMLHANDSHAKE]: Sending ticking packet info 'net.minecraftforge.network.HandshakeMessages$S2CModList' to 'fml:handshake' sequence 2
[16Oct2025 22:37:56.812] [Server thread/DEBUG] [net.minecraftforge.network.HandshakeHandler/FMLHANDSHAKE]: Sending ticking packet info 'Registry minecraft:command_argument_type' to 'fml:handshake' sequence 3
[16Oct2025 22:37:56.913] [Server thread/DEBUG] [net.minecraftforge.network.HandshakeHandler/FMLHANDSHAKE]: Sending ticking packet info 'Registry irons_spellbooks:schools' to 'fml:handshake' sequence 4
[16Oct2025 22:37:56.933] [Server thread/DEBUG] [net.minecraftforge.network.HandshakeHandler/FMLHANDSHAKE]: Sending ticking packet info 'Registry minecraft:villager_profession' to 'fml:handshake' sequence 5
[16Oct2025 22:37:56.959] [Server thread/DEBUG] [net.minecraftforge.network.HandshakeHandler/FMLHANDSHAKE]: Sending ticking packet info 'Registry minecraft:item' to 'fml:handshake' sequence 6
[16Oct2025 22:37:57.012] [Server thread/DEBUG] [net.minecraftforge.network.HandshakeHandler/FMLHANDSHAKE]: Sending ticking packet info 'Registry minecraft:potion' to 'fml:handshake' sequence 7
[16Oct2025 22:37:57.064] [Server thread/DEBUG] [net.minecraftforge.network.HandshakeHandler/FMLHANDSHAKE]: Sending ticking packet info 'Registry vampirism:refinement' to 'fml:handshake' sequence 8
[16Oct2025 22:37:57.113] [Server thread/DEBUG] [net.minecraftforge.network.HandshakeHandler/FMLHANDSHAKE]: Sending ticking packet info 'Registry minecraft:block_entity_type' to 'fml:handshake' sequence 9
[16Oct2025 22:37:57.161] [Server thread/DEBUG] [net.minecraftforge.network.HandshakeHandler/FMLHANDSHAKE]: Sending ticking packet info 'Registry forge:display_contexts' to 'fml:handshake' sequence 10
[16Oct2025 22:37:57.213] [Server thread/DEBUG] [net.minecraftforge.network.HandshakeHandler/FMLHANDSHAKE]: Sending ticking packet info 'Registry vampirism:task_unlocker' to 'fml:handshake' sequence 11
[16Oct2025 22:37:57.263] [Server thread/DEBUG] [net.minecraftforge.network.HandshakeHandler/FMLHANDSHAKE]: Sending ticking packet info 'Registry irons_spellbooks:spells' to 'fml:handshake' sequence 12
[16Oct2025 22:37:57.310] [Server thread/DEBUG] [net.minecraftforge.network.HandshakeHandler/FMLHANDSHAKE]: Sending ticking packet info 'Registry vampirism:miniontasks' to 'fml:handshake' sequence 13
[16Oct2025 22:37:57.361] [Server thread/DEBUG] [net.minecraftforge.network.HandshakeHandler/FMLHANDSHAKE]: Sending ticking packet info 'Registry minecraft:stat_type' to 'fml:handshake' sequence 14
[16Oct2025 22:37:57.412] [Server thread/DEBUG] [net.minecraftforge.network.HandshakeHandler/FMLHANDSHAKE]: Sending ticking packet info 'Registry vampirism:skills' to 'fml:handshake' sequence 15
[16Oct2025 22:37:57.461] [Server thread/DEBUG] [net.minecraftforge.network.HandshakeHandler/FMLHANDSHAKE]: Sending ticking packet info 'Registry minecraft:menu' to 'fml:handshake' sequence 16
[16Oct2025 22:37:57.512] [Server thread/DEBUG] [net.minecraftforge.network.HandshakeHandler/FMLHANDSHAKE]: Sending ticking packet info 'Registry vampirism:actions' to 'fml:handshake' sequence 17
[16Oct2025 22:37:57.560] [Server thread/DEBUG] [net.minecraftforge.network.HandshakeHandler/FMLHANDSHAKE]: Sending ticking packet info 'Registry vampirism:refinement_set' to 'fml:handshake' sequence 18
[16Oct2025 22:37:57.609] [Server thread/DEBUG] [net.minecraftforge.network.HandshakeHandler/FMLHANDSHAKE]: Sending ticking packet info 'Registry minecraft:fluid' to 'fml:handshake' sequence 19
[16Oct2025 22:37:57.661] [Server thread/DEBUG] [net.minecraftforge.network.HandshakeHandler/FMLHANDSHAKE]: Sending ticking packet info 'Registry vampirism:task_requirement' to 'fml:handshake' sequence 20
[16Oct2025 22:37:57.713] [Server thread/DEBUG] [net.minecraftforge.network.HandshakeHandler/FMLHANDSHAKE]: Sending ticking packet info 'Registry minecraft:recipe_serializer' to 'fml:handshake' sequence 21
[16Oct2025 22:37:57.759] [Server thread/DEBUG] [net.minecraftforge.network.HandshakeHandler/FMLHANDSHAKE]: Sending ticking packet info 'Registry minecraft:sound_event' to 'fml:handshake' sequence 22
[16Oct2025 22:37:57.811] [Server thread/DEBUG] [net.minecraftforge.network.HandshakeHandler/FMLHANDSHAKE]: Sending ticking packet info 'Registry minecraft:particle_type' to 'fml:handshake' sequence 23
[16Oct2025 22:37:57.860] [Server thread/DEBUG] [net.minecraftforge.network.HandshakeHandler/FMLHANDSHAKE]: Sending ticking packet info 'Registry minecraft:painting_variant' to 'fml:handshake' sequence 24
[16Oct2025 22:37:57.914] [Server thread/DEBUG] [net.minecraftforge.network.HandshakeHandler/FMLHANDSHAKE]: Sending ticking packet info 'Registry forge:fluid_type' to 'fml:handshake' sequence 25
[16Oct2025 22:37:57.960] [Server thread/DEBUG] [net.minecraftforge.network.HandshakeHandler/FMLHANDSHAKE]: Sending ticking packet info 'Registry minecraft:block' to 'fml:handshake' sequence 26
[16Oct2025 22:37:58.012] [Server thread/DEBUG] [net.minecraftforge.network.HandshakeHandler/FMLHANDSHAKE]: Sending ticking packet info 'Registry forge:entity_data_serializers' to 'fml:handshake' sequence 27
[16Oct2025 22:37:58.063] [Server thread/DEBUG] [net.minecraftforge.network.HandshakeHandler/FMLHANDSHAKE]: Sending ticking packet info 'Registry vampirism:task_reward' to 'fml:handshake' sequence 28
[16Oct2025 22:37:58.110] [Server thread/DEBUG] [net.minecraftforge.network.HandshakeHandler/FMLHANDSHAKE]: Sending ticking packet info 'Registry vampirism:oil' to 'fml:handshake' sequence 29
[16Oct2025 22:37:58.163] [Server thread/DEBUG] [net.minecraftforge.network.HandshakeHandler/FMLHANDSHAKE]: Sending ticking packet info 'Registry vampirism:converting_handler' to 'fml:handshake' sequence 30
[16Oct2025 22:37:58.209] [Server thread/DEBUG] [net.minecraftforge.network.HandshakeHandler/FMLHANDSHAKE]: Sending ticking packet info 'Registry minecraft:mob_effect' to 'fml:handshake' sequence 31
[16Oct2025 22:37:58.260] [Server thread/DEBUG] [net.minecraftforge.network.HandshakeHandler/FMLHANDSHAKE]: Sending ticking packet info 'Registry vampirism:entityactions' to 'fml:handshake' sequence 32
[16Oct2025 22:37:58.312] [Server thread/DEBUG] [net.minecraftforge.network.HandshakeHandler/FMLHANDSHAKE]: Sending ticking packet info 'Registry tombstone:perks' to 'fml:handshake' sequence 33
[16Oct2025 22:37:58.363] [Server thread/DEBUG] [net.minecraftforge.network.HandshakeHandler/FMLHANDSHAKE]: Sending ticking packet info 'Registry minecraft:enchantment' to 'fml:handshake' sequence 34
[16Oct2025 22:37:58.419] [Server thread/DEBUG] [net.minecraftforge.network.HandshakeHandler/FMLHANDSHAKE]: Sending ticking packet info 'Registry vampirism:task_reward_instance' to 'fml:handshake' sequence 35
[16Oct2025 22:37:58.467] [Server thread/DEBUG] [net.minecraftforge.network.HandshakeHandler/FMLHANDSHAKE]: Sending ticking packet info 'Registry minecraft:entity_type' to 'fml:handshake' sequence 36
[16Oct2025 22:37:58.512] [Server thread/DEBUG] [net.minecraftforge.network.HandshakeHandler/FMLHANDSHAKE]: Sending ticking packet info 'Config curios-server.toml' to 'fml:handshake' sequence 37
[16Oct2025 22:37:58.562] [Server thread/DEBUG] [net.minecraftforge.network.HandshakeHandler/FMLHANDSHAKE]: Sending ticking packet info 'Config irons_spellbooks-server.toml' to 'fml:handshake' sequence 38
[16Oct2025 22:37:58.611] [Server thread/DEBUG] [net.minecraftforge.network.HandshakeHandler/FMLHANDSHAKE]: Sending ticking packet info 'Config tombstone-server.toml' to 'fml:handshake' sequence 39
[16Oct2025 22:37:58.661] [Server thread/DEBUG] [net.minecraftforge.network.HandshakeHandler/FMLHANDSHAKE]: Sending ticking packet info 'Config vampirism-server.toml' to 'fml:handshake' sequence 40
[16Oct2025 22:37:58.712] [Server thread/DEBUG] [net.minecraftforge.network.HandshakeHandler/FMLHANDSHAKE]: Sending ticking packet info 'Config sophisticatedbackpacks-server.toml' to 'fml:handshake' sequence 41
[16Oct2025 22:37:58.764] [Server thread/DEBUG] [net.minecraftforge.network.HandshakeHandler/FMLHANDSHAKE]: Sending ticking packet info 'Config vampirism-balance.toml' to 'fml:handshake' sequence 42
[16Oct2025 22:37:58.809] [Server thread/DEBUG] [net.minecraftforge.network.HandshakeHandler/FMLHANDSHAKE]: Sending ticking packet info 'Config jei-server.toml' to 'fml:handshake' sequence 43
[16Oct2025 22:37:58.863] [Server thread/DEBUG] [net.minecraftforge.network.HandshakeHandler/FMLHANDSHAKE]: Sending ticking packet info 'Config tacz-server.toml' to 'fml:handshake' sequence 44
[16Oct2025 22:37:58.911] [Server thread/DEBUG] [net.minecraftforge.network.HandshakeHandler/FMLHANDSHAKE]: Sending ticking packet info 'Config forge-server.toml' to 'fml:handshake' sequence 45
[16Oct2025 22:38:26.361] [Server thread/INFO] [net.minecraft.server.network.ServerLoginPacketListenerImpl/]: com.mojang.authlib.GameProfile@567b5e2c[id=<null>,name=Danielbox123,properties={},legacy=false] (/127.132.121.186:37239) lost connection: Disconnected
[16Oct2025 22:39:16.608] [Netty Epoll Server IO #0/DEBUG] [net.minecraftforge.network.HandshakeHandler/FMLHANDSHAKE]: Starting new modded impl connection. Found 46 messages to dispatch.
[16Oct2025 22:39:16.611] [Server thread/DEBUG] [net.minecraftforge.network.HandshakeHandler/FMLHANDSHAKE]: Sending ticking packet info 'com.tacz.guns.network.message.handshake.ServerMessageSyncedEntityDataMapping' to 'tacz:handshake' sequence 0
[16Oct2025 22:39:16.663] [Server thread/DEBUG] [net.minecraftforge.network.HandshakeHandler/FMLHANDSHAKE]: Sending ticking packet info 'net.minecraftforge.network.HandshakeMessages$S2CModData' to 'fml:handshake' sequence 1
[16Oct2025 22:39:16.709] [Server thread/DEBUG] [net.minecraftforge.network.HandshakeHandler/FMLHANDSHAKE]: Sending ticking packet info 'net.minecraftforge.network.HandshakeMessages$S2CModList' to 'fml:handshake' sequence 2
[16Oct2025 22:39:16.743] [Netty Epoll Server IO #0/DEBUG] [net.minecraftforge.network.LoginWrapper/FMLHANDSHAKE]: Recieved login wrapper packet event for channel tacz:handshake with index 0
[16Oct2025 22:39:16.743] [Netty Epoll Server IO #0/DEBUG] [net.minecraftforge.network.HandshakeHandler/FMLHANDSHAKE]: Received client indexed reply 0 of type com.tacz.guns.network.message.handshake.Acknowledge
[16Oct2025 22:39:16.743] [Netty Epoll Server IO #0/DEBUG] [tacz/HANDSHAKE_ACKNOWLEDGE]: Received acknowledgement from client
[16Oct2025 22:39:16.758] [Server thread/DEBUG] [net.minecraftforge.network.HandshakeHandler/FMLHANDSHAKE]: Sending ticking packet info 'Registry minecraft:command_argument_type' to 'fml:handshake' sequence 3
[16Oct2025 22:39:16.811] [Server thread/DEBUG] [net.minecraftforge.network.HandshakeHandler/FMLHANDSHAKE]: Sending ticking packet info 'Registry irons_spellbooks:schools' to 'fml:handshake' sequence 4
[16Oct2025 22:39:16.840] [Netty Epoll Server IO #0/DEBUG] [net.minecraftforge.network.LoginWrapper/FMLHANDSHAKE]: Recieved login wrapper packet event for channel fml:handshake with index 2
[16Oct2025 22:39:16.841] [Netty Epoll Server IO #0/DEBUG] [net.minecraftforge.network.HandshakeHandler/FMLHANDSHAKE]: Received client indexed reply 2 of type net.minecraftforge.network.HandshakeMessages$C2SModListReply
[16Oct2025 22:39:16.841] [Netty Epoll Server IO #0/DEBUG] [net.minecraftforge.network.HandshakeHandler/FMLHANDSHAKE]: Received client connection with modlist [minecraft, immersiveui, trade_cycling, pick_up_tnt, mcef, geckolib, playeranimator, jei, tacz, a_good_place, caelus, sophisticatedcore, iceberg, curios, legendarytooltips, xaerominimap, xaeroworldmap, prism, citadel, alexscaves, irons_spellbooks, aaa_particles, mixinextras, tombstone, sophisticatedbackpacks, coroutil, architectury, octolib, aaa_particles_world, vampirism, teamlapenlib, iceandfire, crucifix, watut, forge, tlskincape, webdisplays, endermail]
[16Oct2025 22:39:16.841] [Netty Epoll Server IO #0/DEBUG] [net.minecraftforge.network.NetworkRegistry/NETREGISTRY]: Channel 'teamlapenlib:main' : Version test of '1' from client : ACCEPTED
[16Oct2025 22:39:16.841] [Netty Epoll Server IO #0/DEBUG] [net.minecraftforge.network.NetworkRegistry/NETREGISTRY]: Channel 'watut:main' : Version test of '4' from client : ACCEPTED
[16Oct2025 22:39:16.841] [Netty Epoll Server IO #0/DEBUG] [net.minecraftforge.network.NetworkRegistry/NETREGISTRY]: Channel 'alexscaves:main_channel' : Version test of '1' from client : ACCEPTED
[16Oct2025 22:39:16.841] [Netty Epoll Server IO #0/DEBUG] [net.minecraftforge.network.NetworkRegistry/NETREGISTRY]: Channel 'architectury:network' : Version test of '1' from client : ACCEPTED
[16Oct2025 22:39:16.841] [Netty Epoll Server IO #0/DEBUG] [net.minecraftforge.network.NetworkRegistry/NETREGISTRY]: Channel 'endermail:endermail' : Version test of '1.0' from client : ACCEPTED
[16Oct2025 22:39:16.841] [Netty Epoll Server IO #0/DEBUG] [net.minecraftforge.network.NetworkRegistry/NETREGISTRY]: Channel 'webdisplays:packetsystem' : Version test of '2' from client : ACCEPTED
[16Oct2025 22:39:16.841] [Netty Epoll Server IO #0/DEBUG] [net.minecraftforge.network.NetworkRegistry/NETREGISTRY]: Channel 'jei:channel' : Version test of '1.0.0' from client : ACCEPTED
[16Oct2025 22:39:16.841] [Netty Epoll Server IO #0/DEBUG] [net.minecraftforge.network.NetworkRegistry/NETREGISTRY]: Channel 'minecraft:unregister' : Version test of 'FML3' from client : ACCEPTED
[16Oct2025 22:39:16.841] [Netty Epoll Server IO #0/DEBUG] [net.minecraftforge.network.NetworkRegistry/NETREGISTRY]: Channel 'sophisticatedbackpacks:channel' : Version test of '1' from client : ACCEPTED
[16Oct2025 22:39:16.841] [Netty Epoll Server IO #0/DEBUG] [net.minecraftforge.network.NetworkRegistry/NETREGISTRY]: Channel 'citadel:main_channel' : Version test of '1' from client : ACCEPTED
[16Oct2025 22:39:16.841] [Netty Epoll Server IO #0/DEBUG] [net.minecraftforge.network.NetworkRegistry/NETREGISTRY]: Channel 'iceandfire:main_channel' : Version test of '1' from client : ACCEPTED
[16Oct2025 22:39:16.841] [Netty Epoll Server IO #0/DEBUG] [net.minecraftforge.network.NetworkRegistry/NETREGISTRY]: Channel 'trade_cycling:cycle_trades' : Version test of 'ALLOWVANILLA 💓💓💓' from client : ACCEPTED
[16Oct2025 22:39:16.841] [Netty Epoll Server IO #0/DEBUG] [net.minecraftforge.network.NetworkRegistry/NETREGISTRY]: Channel 'tacz:handshake' : Version test of '1.0.4' from client : ACCEPTED
[16Oct2025 22:39:16.841] [Netty Epoll Server IO #0/DEBUG] [net.minecraftforge.network.NetworkRegistry/NETREGISTRY]: Channel 'curios:main' : Version test of '1' from client : ACCEPTED
[16Oct2025 22:39:16.841] [Netty Epoll Server IO #0/DEBUG] [net.minecraftforge.network.NetworkRegistry/NETREGISTRY]: Channel 'irons_spellbooks:messages' : Version test of '1.0' from client : ACCEPTED
[16Oct2025 22:39:16.841] [Netty Epoll Server IO #0/DEBUG] [net.minecraftforge.network.NetworkRegistry/NETREGISTRY]: Channel 'fml:loginwrapper' : Version test of 'FML3' from client : ACCEPTED
[16Oct2025 22:39:16.841] [Netty Epoll Server IO #0/DEBUG] [net.minecraftforge.network.NetworkRegistry/NETREGISTRY]: Channel 'forge:tier_sorting' : Version test of '1.0' from client : ACCEPTED
[16Oct2025 22:39:16.841] [Netty Epoll Server IO #0/DEBUG] [net.minecraftforge.network.NetworkRegistry/NETREGISTRY]: Channel 'crucifix:crucifix' : Version test of '1' from client : ACCEPTED
[16Oct2025 22:39:16.841] [Netty Epoll Server IO #0/DEBUG] [net.minecraftforge.network.NetworkRegistry/NETREGISTRY]: Channel 'tombstone:tombstone_channel' : Version test of 'tombstone-9.0.9' from client : ACCEPTED
[16Oct2025 22:39:16.841] [Netty Epoll Server IO #0/DEBUG] [net.minecraftforge.network.NetworkRegistry/NETREGISTRY]: Channel 'fml:play' : Version test of 'FML3' from client : ACCEPTED
[16Oct2025 22:39:16.841] [Netty Epoll Server IO #0/DEBUG] [net.minecraftforge.network.NetworkRegistry/NETREGISTRY]: Channel 'sophisticatedcore:channel' : Version test of '1' from client : ACCEPTED
[16Oct2025 22:39:16.841] [Netty Epoll Server IO #0/DEBUG] [net.minecraftforge.network.NetworkRegistry/NETREGISTRY]: Channel 'caelus:main' : Version test of '1' from client : ACCEPTED
[16Oct2025 22:39:16.841] [Netty Epoll Server IO #0/DEBUG] [net.minecraftforge.network.NetworkRegistry/NETREGISTRY]: Channel 'fml:handshake' : Version test of 'FML3' from client : ACCEPTED
[16Oct2025 22:39:16.841] [Netty Epoll Server IO #0/DEBUG] [net.minecraftforge.network.NetworkRegistry/NETREGISTRY]: Channel 'vampirism:main' : Version test of '1' from client : ACCEPTED
[16Oct2025 22:39:16.841] [Netty Epoll Server IO #0/DEBUG] [net.minecraftforge.network.NetworkRegistry/NETREGISTRY]: Channel 'minecraft:register' : Version test of 'FML3' from client : ACCEPTED
[16Oct2025 22:39:16.841] [Netty Epoll Server IO #0/DEBUG] [net.minecraftforge.network.NetworkRegistry/NETREGISTRY]: Channel 'forge:split' : Version test of '1.1' from client : ACCEPTED
[16Oct2025 22:39:16.841] [Netty Epoll Server IO #0/DEBUG] [net.minecraftforge.network.NetworkRegistry/NETREGISTRY]: Channel 'tacz:network' : Version test of '1.0.4' from client : ACCEPTED
[16Oct2025 22:39:16.841] [Netty Epoll Server IO #0/DEBUG] [net.minecraftforge.network.NetworkRegistry/NETREGISTRY]: Channel 'geckolib:main' : Version test of '1' from client : ACCEPTED
[16Oct2025 22:39:16.841] [Netty Epoll Server IO #0/DEBUG] [net.minecraftforge.network.NetworkRegistry/NETREGISTRY]: Accepting channel list from client
[16Oct2025 22:39:16.842] [Netty Epoll Server IO #0/DEBUG] [net.minecraftforge.network.HandshakeHandler/FMLHANDSHAKE]: Accepted client connection mod list
[16Oct2025 22:39:16.861] [Server thread/DEBUG] [net.minecraftforge.network.HandshakeHandler/FMLHANDSHAKE]: Sending ticking packet info 'Registry minecraft:villager_profession' to 'fml:handshake' sequence 5
[16Oct2025 22:39:16.891] [Netty Epoll Server IO #0/DEBUG] [net.minecraftforge.network.LoginWrapper/FMLHANDSHAKE]: Recieved login wrapper packet event for channel fml:handshake with index 3
[16Oct2025 22:39:16.891] [Netty Epoll Server IO #0/DEBUG] [net.minecraftforge.network.HandshakeHandler/FMLHANDSHAKE]: Received client indexed reply 3 of type net.minecraftforge.network.HandshakeMessages$C2SAcknowledge
[16Oct2025 22:39:16.891] [Netty Epoll Server IO #0/DEBUG] [net.minecraftforge.network.HandshakeHandler/FMLHANDSHAKE]: Received acknowledgement from client
[16Oct2025 22:39:16.915] [Server thread/DEBUG] [net.minecraftforge.network.HandshakeHandler/FMLHANDSHAKE]: Sending ticking packet info 'Registry minecraft:item' to 'fml:handshake' sequence 6
[16Oct2025 22:39:16.940] [Netty Epoll Server IO #0/DEBUG] [net.minecraftforge.network.LoginWrapper/FMLHANDSHAKE]: Recieved login wrapper packet event for channel fml:handshake with index 4
[16Oct2025 22:39:16.940] [Netty Epoll Server IO #0/DEBUG] [net.minecraftforge.network.HandshakeHandler/FMLHANDSHAKE]: Received client indexed reply 4 of type net.minecraftforge.network.HandshakeMessages$C2SAcknowledge
[16Oct2025 22:39:16.940] [Netty Epoll Server IO #0/DEBUG] [net.minecraftforge.network.HandshakeHandler/FMLHANDSHAKE]: Received acknowledgement from client
[16Oct2025 22:39:16.961] [Server thread/DEBUG] [net.minecraftforge.network.HandshakeHandler/FMLHANDSHAKE]: Sending ticking packet info 'Registry minecraft:potion' to 'fml:handshake' sequence 7
[16Oct2025 22:39:16.990] [Netty Epoll Server IO #0/DEBUG] [net.minecraftforge.network.LoginWrapper/FMLHANDSHAKE]: Recieved login wrapper packet event for channel fml:handshake with index 5
[16Oct2025 22:39:16.990] [Netty Epoll Server IO #0/DEBUG] [net.minecraftforge.network.HandshakeHandler/FMLHANDSHAKE]: Received client indexed reply 5 of type net.minecraftforge.network.HandshakeMessages$C2SAcknowledge
[16Oct2025 22:39:16.990] [Netty Epoll Server IO #0/DEBUG] [net.minecraftforge.network.HandshakeHandler/FMLHANDSHAKE]: Received acknowledgement from client
[16Oct2025 22:39:17.013] [Server thread/DEBUG] [net.minecraftforge.network.HandshakeHandler/FMLHANDSHAKE]: Sending ticking packet info 'Registry vampirism:refinement' to 'fml:handshake' sequence 8
[16Oct2025 22:39:17.060] [Server thread/DEBUG] [net.minecraftforge.network.HandshakeHandler/FMLHANDSHAKE]: Sending ticking packet info 'Registry minecraft:block_entity_type' to 'fml:handshake' sequence 9
[16Oct2025 22:39:17.111] [Server thread/DEBUG] [net.minecraftforge.network.HandshakeHandler/FMLHANDSHAKE]: Sending ticking packet info 'Registry forge:display_contexts' to 'fml:handshake' sequence 10
[16Oct2025 22:39:17.164] [Server thread/DEBUG] [net.minecraftforge.network.HandshakeHandler/FMLHANDSHAKE]: Sending ticking packet info 'Registry vampirism:task_unlocker' to 'fml:handshake' sequence 11
[16Oct2025 22:39:17.208] [Server thread/DEBUG] [net.minecraftforge.network.HandshakeHandler/FMLHANDSHAKE]: Sending ticking packet info 'Registry irons_spellbooks:spells' to 'fml:handshake' sequence 12
[16Oct2025 22:39:17.261] [Server thread/DEBUG] [net.minecraftforge.network.HandshakeHandler/FMLHANDSHAKE]: Sending ticking packet info 'Registry vampirism:miniontasks' to 'fml:handshake' sequence 13
[16Oct2025 22:39:17.313] [Server thread/DEBUG] [net.minecraftforge.network.HandshakeHandler/FMLHANDSHAKE]: Sending ticking packet info 'Registry minecraft:stat_type' to 'fml:handshake' sequence 14
[16Oct2025 22:39:17.326] [Netty Epoll Server IO #0/DEBUG] [net.minecraftforge.network.LoginWrapper/FMLHANDSHAKE]: Recieved login wrapper packet event for channel fml:handshake with index 6
[16Oct2025 22:39:17.326] [Netty Epoll Server IO #0/DEBUG] [net.minecraftforge.network.HandshakeHandler/FMLHANDSHAKE]: Received client indexed reply 6 of type net.minecraftforge.network.HandshakeMessages$C2SAcknowledge
[16Oct2025 22:39:17.326] [Netty Epoll Server IO #0/DEBUG] [net.minecraftforge.network.HandshakeHandler/FMLHANDSHAKE]: Received acknowledgement from client
[16Oct2025 22:39:17.326] [Netty Epoll Server IO #0/DEBUG] [net.minecraftforge.network.LoginWrapper/FMLHANDSHAKE]: Recieved login wrapper packet event for channel fml:handshake with index 7
[16Oct2025 22:39:17.326] [Netty Epoll Server IO #0/DEBUG] [net.minecraftforge.network.HandshakeHandler/FMLHANDSHAKE]: Received client indexed reply 7 of type net.minecraftforge.network.HandshakeMessages$C2SAcknowledge
[16Oct2025 22:39:17.326] [Netty Epoll Server IO #0/DEBUG] [net.minecraftforge.network.HandshakeHandler/FMLHANDSHAKE]: Received acknowledgement from client
[16Oct2025 22:39:17.326] [Netty Epoll Server IO #0/DEBUG] [net.minecraftforge.network.LoginWrapper/FMLHANDSHAKE]: Recieved login wrapper packet event for channel fml:handshake with index 8
[16Oct2025 22:39:17.326] [Netty Epoll Server IO #0/DEBUG] [net.minecraftforge.network.HandshakeHandler/FMLHANDSHAKE]: Received client indexed reply 8 of type net.minecraftforge.network.HandshakeMessages$C2SAcknowledge
[16Oct2025 22:39:17.326] [Netty Epoll Server IO #0/DEBUG] [net.minecraftforge.network.HandshakeHandler/FMLHANDSHAKE]: Received acknowledgement from client
[16Oct2025 22:39:17.326] [Netty Epoll Server IO #0/DEBUG] [net.minecraftforge.network.LoginWrapper/FMLHANDSHAKE]: Recieved login wrapper packet event for channel fml:handshake with index 9
[16Oct2025 22:39:17.326] [Netty Epoll Server IO #0/DEBUG] [net.minecraftforge.network.HandshakeHandler/FMLHANDSHAKE]: Received client indexed reply 9 of type net.minecraftforge.network.HandshakeMessages$C2SAcknowledge
[16Oct2025 22:39:17.326] [Netty Epoll Server IO #0/DEBUG] [net.minecraftforge.network.HandshakeHandler/FMLHANDSHAKE]: Received acknowledgement from client
[16Oct2025 22:39:17.326] [Netty Epoll Server IO #0/DEBUG] [net.minecraftforge.network.LoginWrapper/FMLHANDSHAKE]: Recieved login wrapper packet event for channel fml:handshake with index 10
[16Oct2025 22:39:17.327] [Netty Epoll Server IO #0/DEBUG] [net.minecraftforge.network.HandshakeHandler/FMLHANDSHAKE]: Received client indexed reply 10 of type net.minecraftforge.network.HandshakeMessages$C2SAcknowledge
[16Oct2025 22:39:17.327] [Netty Epoll Server IO #0/DEBUG] [net.minecraftforge.network.HandshakeHandler/FMLHANDSHAKE]: Received acknowledgement from client
[16Oct2025 22:39:17.327] [Netty Epoll Server IO #0/DEBUG] [net.minecraftforge.network.LoginWrapper/FMLHANDSHAKE]: Recieved login wrapper packet event for channel fml:handshake with index 11
[16Oct2025 22:39:17.327] [Netty Epoll Server IO #0/DEBUG] [net.minecraftforge.network.HandshakeHandler/FMLHANDSHAKE]: Received client indexed reply 11 of type net.minecraftforge.network.HandshakeMessages$C2SAcknowledge
[16Oct2025 22:39:17.327] [Netty Epoll Server IO #0/DEBUG] [net.minecraftforge.network.HandshakeHandler/FMLHANDSHAKE]: Received acknowledgement from client
[16Oct2025 22:39:17.365] [Server thread/DEBUG] [net.minecraftforge.network.HandshakeHandler/FMLHANDSHAKE]: Sending ticking packet info 'Registry vampirism:skills' to 'fml:handshake' sequence 15
[16Oct2025 22:39:17.369] [Netty Epoll Server IO #0/DEBUG] [net.minecraftforge.network.LoginWrapper/FMLHANDSHAKE]: Recieved login wrapper packet event for channel fml:handshake with index 12
[16Oct2025 22:39:17.369] [Netty Epoll Server IO #0/DEBUG] [net.minecraftforge.network.HandshakeHandler/FMLHANDSHAKE]: Received client indexed reply 12 of type net.minecraftforge.network.HandshakeMessages$C2SAcknowledge
[16Oct2025 22:39:17.369] [Netty Epoll Server IO #0/DEBUG] [net.minecraftforge.network.HandshakeHandler/FMLHANDSHAKE]: Received acknowledgement from client
[16Oct2025 22:39:17.388] [Netty Epoll Server IO #0/DEBUG] [net.minecraftforge.network.LoginWrapper/FMLHANDSHAKE]: Recieved login wrapper packet event for channel fml:handshake with index 13
[16Oct2025 22:39:17.389] [Netty Epoll Server IO #0/DEBUG] [net.minecraftforge.network.HandshakeHandler/FMLHANDSHAKE]: Received client indexed reply 13 of type net.minecraftforge.network.HandshakeMessages$C2SAcknowledge
[16Oct2025 22:39:17.389] [Netty Epoll Server IO #0/DEBUG] [net.minecraftforge.network.HandshakeHandler/FMLHANDSHAKE]: Received acknowledgement from client
[16Oct2025 22:39:17.411] [Server thread/DEBUG] [net.minecraftforge.network.HandshakeHandler/FMLHANDSHAKE]: Sending ticking packet info 'Registry minecraft:menu' to 'fml:handshake' sequence 16
[16Oct2025 22:39:17.440] [Netty Epoll Server IO #0/DEBUG] [net.minecraftforge.network.LoginWrapper/FMLHANDSHAKE]: Recieved login wrapper packet event for channel fml:handshake with index 14
[16Oct2025 22:39:17.440] [Netty Epoll Server IO #0/DEBUG] [net.minecraftforge.network.HandshakeHandler/FMLHANDSHAKE]: Received client indexed reply 14 of type net.minecraftforge.network.HandshakeMessages$C2SAcknowledge
[16Oct2025 22:39:17.440] [Netty Epoll Server IO #0/DEBUG] [net.minecraftforge.network.HandshakeHandler/FMLHANDSHAKE]: Received acknowledgement from client
[16Oct2025 22:39:17.459] [Server thread/DEBUG] [net.minecraftforge.network.HandshakeHandler/FMLHANDSHAKE]: Sending ticking packet info 'Registry vampirism:actions' to 'fml:handshake' sequence 17
[16Oct2025 22:39:17.492] [Netty Epoll Server IO #0/DEBUG] [net.minecraftforge.network.LoginWrapper/FMLHANDSHAKE]: Recieved login wrapper packet event for channel fml:handshake with index 15
[16Oct2025 22:39:17.492] [Netty Epoll Server IO #0/DEBUG] [net.minecraftforge.network.HandshakeHandler/FMLHANDSHAKE]: Received client indexed reply 15 of type net.minecraftforge.network.HandshakeMessages$C2SAcknowledge
[16Oct2025 22:39:17.492] [Netty Epoll Server IO #0/DEBUG] [net.minecraftforge.network.HandshakeHandler/FMLHANDSHAKE]: Received acknowledgement from client
[16Oct2025 22:39:17.510] [Server thread/DEBUG] [net.minecraftforge.network.HandshakeHandler/FMLHANDSHAKE]: Sending ticking packet info 'Registry vampirism:refinement_set' to 'fml:handshake' sequence 18
[16Oct2025 22:39:17.539] [Netty Epoll Server IO #0/DEBUG] [net.minecraftforge.network.LoginWrapper/FMLHANDSHAKE]: Recieved login wrapper packet event for channel fml:handshake with index 16
[16Oct2025 22:39:17.540] [Netty Epoll Server IO #0/DEBUG] [net.minecraftforge.network.HandshakeHandler/FMLHANDSHAKE]: Received client indexed reply 16 of type net.minecraftforge.network.HandshakeMessages$C2SAcknowledge
[16Oct2025 22:39:17.540] [Netty Epoll Server IO #0/DEBUG] [net.minecraftforge.network.HandshakeHandler/FMLHANDSHAKE]: Received acknowledgement from client
[16Oct2025 22:39:17.559] [Server thread/DEBUG] [net.minecraftforge.network.HandshakeHandler/FMLHANDSHAKE]: Sending ticking packet info 'Registry minecraft:fluid' to 'fml:handshake' sequence 19
[16Oct2025 22:39:17.588] [Netty Epoll Server IO #0/DEBUG] [net.minecraftforge.network.LoginWrapper/FMLHANDSHAKE]: Recieved login wrapper packet event for channel fml:handshake with index 17
[16Oct2025 22:39:17.588] [Netty Epoll Server IO #0/DEBUG] [net.minecraftforge.network.HandshakeHandler/FMLHANDSHAKE]: Received client indexed reply 17 of type net.minecraftforge.network.HandshakeMessages$C2SAcknowledge
[16Oct2025 22:39:17.588] [Netty Epoll Server IO #0/DEBUG] [net.minecraftforge.network.HandshakeHandler/FMLHANDSHAKE]: Received acknowledgement from client
[16Oct2025 22:39:17.609] [Server thread/DEBUG] [net.minecraftforge.network.HandshakeHandler/FMLHANDSHAKE]: Sending ticking packet info 'Registry vampirism:task_requirement' to 'fml:handshake' sequence 20
[16Oct2025 22:39:17.636] [Netty Epoll Server IO #0/DEBUG] [net.minecraftforge.network.LoginWrapper/FMLHANDSHAKE]: Recieved login wrapper packet event for channel fml:handshake with index 18
[16Oct2025 22:39:17.636] [Netty Epoll Server IO #0/DEBUG] [net.minecraftforge.network.HandshakeHandler/FMLHANDSHAKE]: Received client indexed reply 18 of type net.minecraftforge.network.HandshakeMessages$C2SAcknowledge
[16Oct2025 22:39:17.637] [Netty Epoll Server IO #0/DEBUG] [net.minecraftforge.network.HandshakeHandler/FMLHANDSHAKE]: Received acknowledgement from client
[16Oct2025 22:39:17.662] [Server thread/DEBUG] [net.minecraftforge.network.HandshakeHandler/FMLHANDSHAKE]: Sending ticking packet info 'Registry minecraft:recipe_serializer' to 'fml:handshake' sequence 21
[16Oct2025 22:39:17.685] [Netty Epoll Server IO #0/DEBUG] [net.minecraftforge.network.LoginWrapper/FMLHANDSHAKE]: Recieved login wrapper packet event for channel fml:handshake with index 19
[16Oct2025 22:39:17.685] [Netty Epoll Server IO #0/DEBUG] [net.minecraftforge.network.HandshakeHandler/FMLHANDSHAKE]: Received client indexed reply 19 of type net.minecraftforge.network.HandshakeMessages$C2SAcknowledge
[16Oct2025 22:39:17.685] [Netty Epoll Server IO #0/DEBUG] [net.minecraftforge.network.HandshakeHandler/FMLHANDSHAKE]: Received acknowledgement from client
[16Oct2025 22:39:17.708] [Server thread/DEBUG] [net.minecraftforge.network.HandshakeHandler/FMLHANDSHAKE]: Sending ticking packet info 'Registry minecraft:sound_event' to 'fml:handshake' sequence 22
[16Oct2025 22:39:17.735] [Netty Epoll Server IO #0/DEBUG] [net.minecraftforge.network.LoginWrapper/FMLHANDSHAKE]: Recieved login wrapper packet event for channel fml:handshake with index 20
[16Oct2025 22:39:17.735] [Netty Epoll Server IO #0/DEBUG] [net.minecraftforge.network.HandshakeHandler/FMLHANDSHAKE]: Received client indexed reply 20 of type net.minecraftforge.network.HandshakeMessages$C2SAcknowledge
[16Oct2025 22:39:17.736] [Netty Epoll Server IO #0/DEBUG] [net.minecraftforge.network.HandshakeHandler/FMLHANDSHAKE]: Received acknowledgement from client
[16Oct2025 22:39:17.759] [Server thread/DEBUG] [net.minecraftforge.network.HandshakeHandler/FMLHANDSHAKE]: Sending ticking packet info 'Registry minecraft:particle_type' to 'fml:handshake' sequence 23
[16Oct2025 22:39:17.788] [Netty Epoll Server IO #0/DEBUG] [net.minecraftforge.network.LoginWrapper/FMLHANDSHAKE]: Recieved login wrapper packet event for channel fml:handshake with index 21
[16Oct2025 22:39:17.789] [Netty Epoll Server IO #0/DEBUG] [net.minecraftforge.network.HandshakeHandler/FMLHANDSHAKE]: Received client indexed reply 21 of type net.minecraftforge.network.HandshakeMessages$C2SAcknowledge
[16Oct2025 22:39:17.789] [Netty Epoll Server IO #0/DEBUG] [net.minecraftforge.network.HandshakeHandler/FMLHANDSHAKE]: Received acknowledgement from client
[16Oct2025 22:39:17.812] [Server thread/DEBUG] [net.minecraftforge.network.HandshakeHandler/FMLHANDSHAKE]: Sending ticking packet info 'Registry minecraft:painting_variant' to 'fml:handshake' sequence 24
[16Oct2025 22:39:17.864] [Server thread/DEBUG] [net.minecraftforge.network.HandshakeHandler/FMLHANDSHAKE]: Sending ticking packet info 'Registry forge:fluid_type' to 'fml:handshake' sequence 25
[16Oct2025 22:39:17.910] [Server thread/DEBUG] [net.minecraftforge.network.HandshakeHandler/FMLHANDSHAKE]: Sending ticking packet info 'Registry minecraft:block' to 'fml:handshake' sequence 26
[16Oct2025 22:39:17.964] [Netty Epoll Server IO #0/DEBUG] [net.minecraftforge.network.LoginWrapper/FMLHANDSHAKE]: Recieved login wrapper packet event for channel fml:handshake with index 22
[16Oct2025 22:39:17.964] [Netty Epoll Server IO #0/DEBUG] [net.minecraftforge.network.HandshakeHandler/FMLHANDSHAKE]: Received client indexed reply 22 of type net.minecraftforge.network.HandshakeMessages$C2SAcknowledge
[16Oct2025 22:39:17.964] [Netty Epoll Server IO #0/DEBUG] [net.minecraftforge.network.HandshakeHandler/FMLHANDSHAKE]: Received acknowledgement from client
[16Oct2025 22:39:17.964] [Netty Epoll Server IO #0/DEBUG] [net.minecraftforge.network.LoginWrapper/FMLHANDSHAKE]: Recieved login wrapper packet event for channel fml:handshake with index 23
[16Oct2025 22:39:17.964] [Netty Epoll Server IO #0/DEBUG] [net.minecraftforge.network.HandshakeHandler/FMLHANDSHAKE]: Received client indexed reply 23 of type net.minecraftforge.network.HandshakeMessages$C2SAcknowledge
[16Oct2025 22:39:17.964] [Server thread/DEBUG] [net.minecraftforge.network.HandshakeHandler/FMLHANDSHAKE]: Sending ticking packet info 'Registry forge:entity_data_serializers' to 'fml:handshake' sequence 27
[16Oct2025 22:39:17.964] [Netty Epoll Server IO #0/DEBUG] [net.minecraftforge.network.HandshakeHandler/FMLHANDSHAKE]: Received acknowledgement from client
[16Oct2025 22:39:17.964] [Netty Epoll Server IO #0/DEBUG] [net.minecraftforge.network.LoginWrapper/FMLHANDSHAKE]: Recieved login wrapper packet event for channel fml:handshake with index 24
[16Oct2025 22:39:17.964] [Netty Epoll Server IO #0/DEBUG] [net.minecraftforge.network.HandshakeHandler/FMLHANDSHAKE]: Received client indexed reply 24 of type net.minecraftforge.network.HandshakeMessages$C2SAcknowledge
[16Oct2025 22:39:17.964] [Netty Epoll Server IO #0/DEBUG] [net.minecraftforge.network.HandshakeHandler/FMLHANDSHAKE]: Received acknowledgement from client
[16Oct2025 22:39:17.992] [Netty Epoll Server IO #0/DEBUG] [net.minecraftforge.network.LoginWrapper/FMLHANDSHAKE]: Recieved login wrapper packet event for channel fml:handshake with index 25
[16Oct2025 22:39:17.992] [Netty Epoll Server IO #0/DEBUG] [net.minecraftforge.network.HandshakeHandler/FMLHANDSHAKE]: Received client indexed reply 25 of type net.minecraftforge.network.HandshakeMessages$C2SAcknowledge
[16Oct2025 22:39:17.993] [Netty Epoll Server IO #0/DEBUG] [net.minecraftforge.network.HandshakeHandler/FMLHANDSHAKE]: Received acknowledgement from client
[16Oct2025 22:39:18.014] [Server thread/DEBUG] [net.minecraftforge.network.HandshakeHandler/FMLHANDSHAKE]: Sending ticking packet info 'Registry vampirism:task_reward' to 'fml:handshake' sequence 28
[16Oct2025 22:39:18.061] [Server thread/DEBUG] [net.minecraftforge.network.HandshakeHandler/FMLHANDSHAKE]: Sending ticking packet info 'Registry vampirism:oil' to 'fml:handshake' sequence 29
[16Oct2025 22:39:18.091] [Netty Epoll Server IO #0/DEBUG] [net.minecraftforge.network.LoginWrapper/FMLHANDSHAKE]: Recieved login wrapper packet event for channel fml:handshake with index 26
[16Oct2025 22:39:18.091] [Netty Epoll Server IO #0/DEBUG] [net.minecraftforge.network.HandshakeHandler/FMLHANDSHAKE]: Received client indexed reply 26 of type net.minecraftforge.network.HandshakeMessages$C2SAcknowledge
[16Oct2025 22:39:18.091] [Netty Epoll Server IO #0/DEBUG] [net.minecraftforge.network.HandshakeHandler/FMLHANDSHAKE]: Received acknowledgement from client
[16Oct2025 22:39:18.092] [Netty Epoll Server IO #0/DEBUG] [net.minecraftforge.network.LoginWrapper/FMLHANDSHAKE]: Recieved login wrapper packet event for channel fml:handshake with index 27
[16Oct2025 22:39:18.092] [Netty Epoll Server IO #0/DEBUG] [net.minecraftforge.network.HandshakeHandler/FMLHANDSHAKE]: Received client indexed reply 27 of type net.minecraftforge.network.HandshakeMessages$C2SAcknowledge
[16Oct2025 22:39:18.092] [Netty Epoll Server IO #0/DEBUG] [net.minecraftforge.network.HandshakeHandler/FMLHANDSHAKE]: Received acknowledgement from client
[16Oct2025 22:39:18.108] [Server thread/DEBUG] [net.minecraftforge.network.HandshakeHandler/FMLHANDSHAKE]: Sending ticking packet info 'Registry vampirism:converting_handler' to 'fml:handshake' sequence 30
[16Oct2025 22:39:18.141] [Netty Epoll Server IO #0/DEBUG] [net.minecraftforge.network.LoginWrapper/FMLHANDSHAKE]: Recieved login wrapper packet event for channel fml:handshake with index 28
[16Oct2025 22:39:18.141] [Netty Epoll Server IO #0/DEBUG] [net.minecraftforge.network.HandshakeHandler/FMLHANDSHAKE]: Received client indexed reply 28 of type net.minecraftforge.network.HandshakeMessages$C2SAcknowledge
[16Oct2025 22:39:18.141] [Netty Epoll Server IO #0/DEBUG] [net.minecraftforge.network.HandshakeHandler/FMLHANDSHAKE]: Received acknowledgement from client
[16Oct2025 22:39:18.161] [Server thread/DEBUG] [net.minecraftforge.network.HandshakeHandler/FMLHANDSHAKE]: Sending ticking packet info 'Registry minecraft:mob_effect' to 'fml:handshake' sequence 31
[16Oct2025 22:39:18.189] [Netty Epoll Server IO #0/DEBUG] [net.minecraftforge.network.LoginWrapper/FMLHANDSHAKE]: Recieved login wrapper packet event for channel fml:handshake with index 29
[16Oct2025 22:39:18.189] [Netty Epoll Server IO #0/DEBUG] [net.minecraftforge.network.HandshakeHandler/FMLHANDSHAKE]: Received client indexed reply 29 of type net.minecraftforge.network.HandshakeMessages$C2SAcknowledge
[16Oct2025 22:39:18.189] [Netty Epoll Server IO #0/DEBUG] [net.minecraftforge.network.HandshakeHandler/FMLHANDSHAKE]: Received acknowledgement from client
[16Oct2025 22:39:18.211] [Server thread/DEBUG] [net.minecraftforge.network.HandshakeHandler/FMLHANDSHAKE]: Sending ticking packet info 'Registry vampirism:entityactions' to 'fml:handshake' sequence 32
[16Oct2025 22:39:18.235] [Netty Epoll Server IO #0/DEBUG] [net.minecraftforge.network.LoginWrapper/FMLHANDSHAKE]: Recieved login wrapper packet event for channel fml:handshake with index 30
[16Oct2025 22:39:18.235] [Netty Epoll Server IO #0/DEBUG] [net.minecraftforge.network.HandshakeHandler/FMLHANDSHAKE]: Received client indexed reply 30 of type net.minecraftforge.network.HandshakeMessages$C2SAcknowledge
[16Oct2025 22:39:18.235] [Netty Epoll Server IO #0/DEBUG] [net.minecraftforge.network.HandshakeHandler/FMLHANDSHAKE]: Received acknowledgement from client
[16Oct2025 22:39:18.259] [Server thread/DEBUG] [net.minecraftforge.network.HandshakeHandler/FMLHANDSHAKE]: Sending ticking packet info 'Registry tombstone:perks' to 'fml:handshake' sequence 33
[16Oct2025 22:39:18.289] [Netty Epoll Server IO #0/DEBUG] [net.minecraftforge.network.LoginWrapper/FMLHANDSHAKE]: Recieved login wrapper packet event for channel fml:handshake with index 31
[16Oct2025 22:39:18.289] [Netty Epoll Server IO #0/DEBUG] [net.minecraftforge.network.HandshakeHandler/FMLHANDSHAKE]: Received client indexed reply 31 of type net.minecraftforge.network.HandshakeMessages$C2SAcknowledge
[16Oct2025 22:39:18.289] [Netty Epoll Server IO #0/DEBUG] [net.minecraftforge.network.HandshakeHandler/FMLHANDSHAKE]: Received acknowledgement from client
[16Oct2025 22:39:18.311] [Server thread/DEBUG] [net.minecraftforge.network.HandshakeHandler/FMLHANDSHAKE]: Sending ticking packet info 'Registry minecraft:enchantment' to 'fml:handshake' sequence 34
[16Oct2025 22:39:18.340] [Netty Epoll Server IO #0/DEBUG] [net.minecraftforge.network.LoginWrapper/FMLHANDSHAKE]: Recieved login wrapper packet event for channel fml:handshake with index 32
[16Oct2025 22:39:18.340] [Netty Epoll Server IO #0/DEBUG] [net.minecraftforge.network.HandshakeHandler/FMLHANDSHAKE]: Received client indexed reply 32 of type net.minecraftforge.network.HandshakeMessages$C2SAcknowledge
[16Oct2025 22:39:18.340] [Netty Epoll Server IO #0/DEBUG] [net.minecraftforge.network.HandshakeHandler/FMLHANDSHAKE]: Received acknowledgement from client
[16Oct2025 22:39:18.363] [Server thread/DEBUG] [net.minecraftforge.network.HandshakeHandler/FMLHANDSHAKE]: Sending ticking packet info 'Registry vampirism:task_reward_instance' to 'fml:handshake' sequence 35
[16Oct2025 22:39:18.386] [Netty Epoll Server IO #0/DEBUG] [net.minecraftforge.network.LoginWrapper/FMLHANDSHAKE]: Recieved login wrapper packet event for channel fml:handshake with index 33
[16Oct2025 22:39:18.386] [Netty Epoll Server IO #0/DEBUG] [net.minecraftforge.network.HandshakeHandler/FMLHANDSHAKE]: Received client indexed reply 33 of type net.minecraftforge.network.HandshakeMessages$C2SAcknowledge
[16Oct2025 22:39:18.386] [Netty Epoll Server IO #0/DEBUG] [net.minecraftforge.network.HandshakeHandler/FMLHANDSHAKE]: Received acknowledgement from client
[16Oct2025 22:39:18.408] [Server thread/DEBUG] [net.minecraftforge.network.HandshakeHandler/FMLHANDSHAKE]: Sending ticking packet info 'Registry minecraft:entity_type' to 'fml:handshake' sequence 36
[16Oct2025 22:39:18.439] [Netty Epoll Server IO #0/DEBUG] [net.minecraftforge.network.LoginWrapper/FMLHANDSHAKE]: Recieved login wrapper packet event for channel fml:handshake with index 34
[16Oct2025 22:39:18.439] [Netty Epoll Server IO #0/DEBUG] [net.minecraftforge.network.HandshakeHandler/FMLHANDSHAKE]: Received client indexed reply 34 of type net.minecraftforge.network.HandshakeMessages$C2SAcknowledge
[16Oct2025 22:39:18.439] [Netty Epoll Server IO #0/DEBUG] [net.minecraftforge.network.HandshakeHandler/FMLHANDSHAKE]: Received acknowledgement from client
[16Oct2025 22:39:18.460] [Server thread/DEBUG] [net.minecraftforge.network.HandshakeHandler/FMLHANDSHAKE]: Sending ticking packet info 'Config curios-server.toml' to 'fml:handshake' sequence 37
[16Oct2025 22:39:18.492] [Netty Epoll Server IO #0/DEBUG] [net.minecraftforge.network.LoginWrapper/FMLHANDSHAKE]: Recieved login wrapper packet event for channel fml:handshake with index 35
[16Oct2025 22:39:18.492] [Netty Epoll Server IO #0/DEBUG] [net.minecraftforge.network.HandshakeHandler/FMLHANDSHAKE]: Received client indexed reply 35 of type net.minecraftforge.network.HandshakeMessages$C2SAcknowledge
[16Oct2025 22:39:18.492] [Netty Epoll Server IO #0/DEBUG] [net.minecraftforge.network.HandshakeHandler/FMLHANDSHAKE]: Received acknowledgement from client
[16Oct2025 22:39:18.512] [Server thread/DEBUG] [net.minecraftforge.network.HandshakeHandler/FMLHANDSHAKE]: Sending ticking packet info 'Config irons_spellbooks-server.toml' to 'fml:handshake' sequence 38
[16Oct2025 22:39:18.559] [Server thread/DEBUG] [net.minecraftforge.network.HandshakeHandler/FMLHANDSHAKE]: Sending ticking packet info 'Config tombstone-server.toml' to 'fml:handshake' sequence 39
[16Oct2025 22:39:18.608] [Server thread/DEBUG] [net.minecraftforge.network.HandshakeHandler/FMLHANDSHAKE]: Sending ticking packet info 'Config vampirism-server.toml' to 'fml:handshake' sequence 40
[16Oct2025 22:39:18.659] [Server thread/DEBUG] [net.minecraftforge.network.HandshakeHandler/FMLHANDSHAKE]: Sending ticking packet info 'Config sophisticatedbackpacks-server.toml' to 'fml:handshake' sequence 41
[16Oct2025 22:39:18.709] [Server thread/DEBUG] [net.minecraftforge.network.HandshakeHandler/FMLHANDSHAKE]: Sending ticking packet info 'Config vampirism-balance.toml' to 'fml:handshake' sequence 42
[16Oct2025 22:39:18.760] [Server thread/DEBUG] [net.minecraftforge.network.HandshakeHandler/FMLHANDSHAKE]: Sending ticking packet info 'Config jei-server.toml' to 'fml:handshake' sequence 43
[16Oct2025 22:39:18.808] [Server thread/DEBUG] [net.minecraftforge.network.HandshakeHandler/FMLHANDSHAKE]: Sending ticking packet info 'Config tacz-server.toml' to 'fml:handshake' sequence 44
[16Oct2025 22:39:18.862] [Server thread/DEBUG] [net.minecraftforge.network.HandshakeHandler/FMLHANDSHAKE]: Sending ticking packet info 'Config forge-server.toml' to 'fml:handshake' sequence 45
[16Oct2025 22:39:19.472] [Netty Epoll Server IO #0/DEBUG] [net.minecraftforge.network.LoginWrapper/FMLHANDSHAKE]: Recieved login wrapper packet event for channel fml:handshake with index 36
[16Oct2025 22:39:19.472] [Netty Epoll Server IO #0/DEBUG] [net.minecraftforge.network.HandshakeHandler/FMLHANDSHAKE]: Received client indexed reply 36 of type net.minecraftforge.network.HandshakeMessages$C2SAcknowledge
[16Oct2025 22:39:19.472] [Netty Epoll Server IO #0/DEBUG] [net.minecraftforge.network.HandshakeHandler/FMLHANDSHAKE]: Received acknowledgement from client
[16Oct2025 22:39:19.473] [Netty Epoll Server IO #0/DEBUG] [net.minecraftforge.network.LoginWrapper/FMLHANDSHAKE]: Recieved login wrapper packet event for channel fml:handshake with index 37
[16Oct2025 22:39:19.474] [Netty Epoll Server IO #0/DEBUG] [net.minecraftforge.network.HandshakeHandler/FMLHANDSHAKE]: Received client indexed reply 37 of type net.minecraftforge.network.HandshakeMessages$C2SAcknowledge
[16Oct2025 22:39:19.474] [Netty Epoll Server IO #0/DEBUG] [net.minecraftforge.network.HandshakeHandler/FMLHANDSHAKE]: Received acknowledgement from client
[16Oct2025 22:39:19.479] [Netty Epoll Server IO #0/DEBUG] [net.minecraftforge.network.LoginWrapper/FMLHANDSHAKE]: Recieved login wrapper packet event for channel fml:handshake with index 38
[16Oct2025 22:39:19.479] [Netty Epoll Server IO #0/DEBUG] [net.minecraftforge.network.HandshakeHandler/FMLHANDSHAKE]: Received client indexed reply 38 of type net.minecraftforge.network.HandshakeMessages$C2SAcknowledge
[16Oct2025 22:39:19.479] [Netty Epoll Server IO #0/DEBUG] [net.minecraftforge.network.HandshakeHandler/FMLHANDSHAKE]: Received acknowledgement from client
[16Oct2025 22:39:19.480] [Netty Epoll Server IO #0/DEBUG] [net.minecraftforge.network.LoginWrapper/FMLHANDSHAKE]: Recieved login wrapper packet event for channel fml:handshake with index 39
[16Oct2025 22:39:19.480] [Netty Epoll Server IO #0/DEBUG] [net.minecraftforge.network.HandshakeHandler/FMLHANDSHAKE]: Received client indexed reply 39 of type net.minecraftforge.network.HandshakeMessages$C2SAcknowledge
[16Oct2025 22:39:19.480] [Netty Epoll Server IO #0/DEBUG] [net.minecraftforge.network.HandshakeHandler/FMLHANDSHAKE]: Received acknowledgement from client
[16Oct2025 22:39:19.480] [Netty Epoll Server IO #0/DEBUG] [net.minecraftforge.network.LoginWrapper/FMLHANDSHAKE]: Recieved login wrapper packet event for channel fml:handshake with index 40
[16Oct2025 22:39:19.480] [Netty Epoll Server IO #0/DEBUG] [net.minecraftforge.network.HandshakeHandler/FMLHANDSHAKE]: Received client indexed reply 40 of type net.minecraftforge.network.HandshakeMessages$C2SAcknowledge
[16Oct2025 22:39:19.480] [Netty Epoll Server IO #0/DEBUG] [net.minecraftforge.network.HandshakeHandler/FMLHANDSHAKE]: Received acknowledgement from client
[16Oct2025 22:39:19.484] [Netty Epoll Server IO #0/DEBUG] [net.minecraftforge.network.LoginWrapper/FMLHANDSHAKE]: Recieved login wrapper packet event for channel fml:handshake with index 41
[16Oct2025 22:39:19.484] [Netty Epoll Server IO #0/DEBUG] [net.minecraftforge.network.HandshakeHandler/FMLHANDSHAKE]: Received client indexed reply 41 of type net.minecraftforge.network.HandshakeMessages$C2SAcknowledge
[16Oct2025 22:39:19.484] [Netty Epoll Server IO #0/DEBUG] [net.minecraftforge.network.HandshakeHandler/FMLHANDSHAKE]: Received acknowledgement from client
[16Oct2025 22:39:19.487] [Netty Epoll Server IO #0/DEBUG] [net.minecraftforge.network.LoginWrapper/FMLHANDSHAKE]: Recieved login wrapper packet event for channel fml:handshake with index 42
[16Oct2025 22:39:19.487] [Netty Epoll Server IO #0/DEBUG] [net.minecraftforge.network.HandshakeHandler/FMLHANDSHAKE]: Received client indexed reply 42 of type net.minecraftforge.network.HandshakeMessages$C2SAcknowledge
[16Oct2025 22:39:19.487] [Netty Epoll Server IO #0/DEBUG] [net.minecraftforge.network.HandshakeHandler/FMLHANDSHAKE]: Received acknowledgement from client
[16Oct2025 22:39:19.487] [Netty Epoll Server IO #0/DEBUG] [net.minecraftforge.network.LoginWrapper/FMLHANDSHAKE]: Recieved login wrapper packet event for channel fml:handshake with index 43
[16Oct2025 22:39:19.487] [Netty Epoll Server IO #0/DEBUG] [net.minecraftforge.network.HandshakeHandler/FMLHANDSHAKE]: Received client indexed reply 43 of type net.minecraftforge.network.HandshakeMessages$C2SAcknowledge
[16Oct2025 22:39:19.487] [Netty Epoll Server IO #0/DEBUG] [net.minecraftforge.network.HandshakeHandler/FMLHANDSHAKE]: Received acknowledgement from client
[16Oct2025 22:39:19.490] [Netty Epoll Server IO #0/DEBUG] [net.minecraftforge.network.LoginWrapper/FMLHANDSHAKE]: Recieved login wrapper packet event for channel fml:handshake with index 44
[16Oct2025 22:39:19.490] [Netty Epoll Server IO #0/DEBUG] [net.minecraftforge.network.HandshakeHandler/FMLHANDSHAKE]: Received client indexed reply 44 of type net.minecraftforge.network.HandshakeMessages$C2SAcknowledge
[16Oct2025 22:39:19.490] [Netty Epoll Server IO #0/DEBUG] [net.minecraftforge.network.HandshakeHandler/FMLHANDSHAKE]: Received acknowledgement from client
[16Oct2025 22:39:19.491] [Netty Epoll Server IO #0/DEBUG] [net.minecraftforge.network.LoginWrapper/FMLHANDSHAKE]: Recieved login wrapper packet event for channel fml:handshake with index 45
[16Oct2025 22:39:19.491] [Netty Epoll Server IO #0/DEBUG] [net.minecraftforge.network.HandshakeHandler/FMLHANDSHAKE]: Received client indexed reply 45 of type net.minecraftforge.network.HandshakeMessages$C2SAcknowledge
[16Oct2025 22:39:19.491] [Netty Epoll Server IO #0/DEBUG] [net.minecraftforge.network.HandshakeHandler/FMLHANDSHAKE]: Received acknowledgement from client
[16Oct2025 22:39:19.511] [Server thread/DEBUG] [net.minecraftforge.network.HandshakeHandler/FMLHANDSHAKE]: Handshake complete!
[16Oct2025 22:39:19.570] [Server thread/INFO] [net.minecraft.server.players.PlayerList/]: Danielbox123[/127.132.121.186:37663] logged in with entity id 12758 at (824.3000000119209, 67.0, -154.69999998807907)
[16Oct2025 22:39:19.571] [Server thread/DEBUG] [net.minecraftforge.network.filters.NetworkFilters/]: Injected net.minecraftforge.network.filters.ForgeConnectionNetworkFilter@61cad8f9 into net.minecraft.network.Connection@4a524ce2
[16Oct2025 22:39:19.575] [Server thread/INFO] [net.minecraft.server.MinecraftServer/]: Danielbox123 joined the game
[16Oct2025 22:39:20.133] [Server thread/DEBUG] [tacz/SYNC_BASE_TIMESTAMP]: Update server base timestamp: 1760654360133
[16Oct2025 22:39:31.973] [Server thread/INFO] [net.minecraft.server.MinecraftServer/]: [JJForever1764: Teleported JJForever1764 to Danielbox123]
[16Oct2025 22:39:33.975] [Server thread/INFO] [net.minecraft.server.MinecraftServer/]: [JJForever1764: Set own game mode to Spectator Mode]
[16Oct2025 22:40:01.400] [Server thread/WARN] [de.teamlapen.vampirism.entity.ModEntityEventHandler/]: Could not modify skeleton attack target task for translation{key='entity.irons_spellbooks.summoned_skeleton', args=[]}
[16Oct2025 22:40:07.534] [Server thread/INFO] [net.minecraft.server.MinecraftServer/]: [JJForever1764: Set own game mode to Creative Mode]
[16Oct2025 22:40:33.883] [Server thread/DEBUG] [citadel/]: saving unmodified surface rules as type SequenceRuleSource
[16Oct2025 22:40:33.883] [Server thread/DEBUG] [citadel/]: modified surface rules to type CitadelSurfaceRuleWrapper
[16Oct2025 22:40:33.883] [Server thread/DEBUG] [net.minecraftforge.common.ForgeHooks/WP]: Gathering id map for writing to world save world
[16Oct2025 22:40:33.895] [Server thread/DEBUG] [net.minecraftforge.common.ForgeHooks/WP]: ID Map collection complete world
[16Oct2025 22:40:40.654] [Server thread/INFO] [net.minecraft.server.MinecraftServer/]: [JJForever1764: Set own game mode to Survival Mode]
[16Oct2025 22:40:50.839] [Server thread/INFO] [net.minecraft.server.MinecraftServer/]: [Not Secure] <JJForever1764> TACZ
[16Oct2025 22:41:32.802] [Server thread/INFO] [net.minecraft.server.MinecraftServer/]: [JJForever1764: Set own game mode to Creative Mode]
[16Oct2025 22:45:33.879] [Server thread/DEBUG] [citadel/]: saving unmodified surface rules as type SequenceRuleSource
[16Oct2025 22:45:33.879] [Server thread/DEBUG] [citadel/]: modified surface rules to type CitadelSurfaceRuleWrapper
[16Oct2025 22:45:33.879] [Server thread/DEBUG] [net.minecraftforge.common.ForgeHooks/WP]: Gathering id map for writing to world save world
[16Oct2025 22:45:33.888] [Server thread/DEBUG] [net.minecraftforge.common.ForgeHooks/WP]: ID Map collection complete world
[16Oct2025 22:47:52.415] [Server thread/INFO] [net.minecraft.server.MinecraftServer/]: [JJForever1764: Set own game mode to Survival Mode]
[16Oct2025 22:48:16.824] [Server thread/WARN] [net.minecraft.server.MinecraftServer/]: Can't keep up! Is the server overloaded? Running 24382ms or 487 ticks behind
[16Oct2025 22:48:16.854] [Server thread/WARN] [net.minecraft.server.network.ServerGamePacketListenerImpl/]: JJForever1764 moved too quickly! -6.301451282782068,0.001335979112141672,7.907313922505779
[16Oct2025 22:48:51.618] [Server thread/INFO] [net.minecraft.server.network.ServerGamePacketListenerImpl/]: Nexus2012 lost connection: Disconnected
[16Oct2025 22:48:51.620] [Server thread/INFO] [net.minecraft.server.MinecraftServer/]: Nexus2012 left the game
[16Oct2025 22:48:51.634] [Server thread/INFO] [net.minecraft.server.network.ServerGamePacketListenerImpl/]: JJForever1764 lost connection: Disconnected
[16Oct2025 22:48:51.635] [Server thread/INFO] [net.minecraft.server.MinecraftServer/]: JJForever1764 left the game
[16Oct2025 22:48:51.650] [Server thread/INFO] [net.minecraft.server.network.ServerGamePacketListenerImpl/]: Danielbox123 lost connection: Disconnected
[16Oct2025 22:48:51.651] [Server thread/INFO] [net.minecraft.server.MinecraftServer/]: Danielbox123 left the game
[16Oct2025 22:48:51.661] [Server thread/INFO] [net.minecraft.server.MinecraftServer/]: [JJForever1764: Set the weather to rain & thunder]
[16Oct2025 22:48:51.663] [Server thread/INFO] [net.minecraft.server.MinecraftServer/]: [JJForever1764: Set the weather to rain & thunder]
[16Oct2025 22:48:51.665] [Server thread/WARN] [de.teamlapen.vampirism.entity.player.vampire.VampirePlayer/]: Cannot get Vampire player capability. This might break mod functionality.
java.lang.Throwable: null
	at de.teamlapen.vampirism.entity.player.vampire.VampirePlayer.getOpt(VampirePlayer.java:142) ~[Vampirism-1.20.1-1.10.13.jar%23143!/:1.20.1-1.10.13]
	at de.teamlapen.vampirism.network.ServerboundStartFeedingPacket.lambda$handle$3(ServerboundStartFeedingPacket.java:44) ~[Vampirism-1.20.1-1.10.13.jar%23143!/:1.20.1-1.10.13]
	at net.minecraft.util.thread.BlockableEventLoop.m_18693_(BlockableEventLoop.java:67) ~[server-1.20.1-20230612.114412-srg.jar%23147!/:?]
	at java.util.concurrent.CompletableFuture$AsyncSupply.run(CompletableFuture.java:1768) ~[?:?]
	at net.minecraft.server.TickTask.run(TickTask.java:18) ~[server-1.20.1-20230612.114412-srg.jar%23147!/:?]
	at net.minecraft.util.thread.BlockableEventLoop.m_6367_(BlockableEventLoop.java:156) ~[server-1.20.1-20230612.114412-srg.jar%23147!/:?]
	at net.minecraft.util.thread.ReentrantBlockableEventLoop.m_6367_(ReentrantBlockableEventLoop.java:23) ~[server-1.20.1-20230612.114412-srg.jar%23147!/:?]
	at net.minecraft.server.MinecraftServer.m_6367_(MinecraftServer.java:770) ~[server-1.20.1-20230612.114412-srg.jar%23147!/:?]
	at net.minecraft.server.MinecraftServer.m_6367_(MinecraftServer.java:161) ~[server-1.20.1-20230612.114412-srg.jar%23147!/:?]
	at net.minecraft.util.thread.BlockableEventLoop.m_7245_(BlockableEventLoop.java:130) ~[server-1.20.1-20230612.114412-srg.jar%23147!/:?]
	at net.minecraft.server.MinecraftServer.m_129961_(MinecraftServer.java:753) ~[server-1.20.1-20230612.114412-srg.jar%23147!/:?]
	at net.minecraft.server.MinecraftServer.m_7245_(MinecraftServer.java:747) ~[server-1.20.1-20230612.114412-srg.jar%23147!/:?]
	at net.minecraft.util.thread.BlockableEventLoop.m_18699_(BlockableEventLoop.java:115) ~[server-1.20.1-20230612.114412-srg.jar%23147!/:?]
	at net.minecraft.server.MinecraftServer.m_130012_(MinecraftServer.java:732) ~[server-1.20.1-20230612.114412-srg.jar%23147!/:?]
	at net.minecraft.server.MinecraftServer.m_130011_(MinecraftServer.java:665) ~[server-1.20.1-20230612.114412-srg.jar%23147!/:?]
	at net.minecraft.server.MinecraftServer.m_206580_(MinecraftServer.java:251) ~[server-1.20.1-20230612.114412-srg.jar%23147!/:?]
	at java.lang.Thread.run(Thread.java:840) ~[?:?]
[16Oct2025 22:48:51.667] [Server thread/WARN] [de.teamlapen.vampirism.entity.factions.FactionPlayerHandler/]: Cannot get Faction player capability. This might break mod functionality.
java.lang.Throwable: null
	at de.teamlapen.vampirism.entity.factions.FactionPlayerHandler.getOpt(FactionPlayerHandler.java:71) ~[Vampirism-1.20.1-1.10.13.jar%23143!/:1.20.1-1.10.13]
	at de.teamlapen.vampirism.network.ServerboundSimpleInputEvent.lambda$handle$4(ServerboundSimpleInputEvent.java:43) ~[Vampirism-1.20.1-1.10.13.jar%23143!/:1.20.1-1.10.13]
	at net.minecraft.util.thread.BlockableEventLoop.m_18693_(BlockableEventLoop.java:67) ~[server-1.20.1-20230612.114412-srg.jar%23147!/:?]
	at java.util.concurrent.CompletableFuture$AsyncSupply.run(CompletableFuture.java:1768) ~[?:?]
	at net.minecraft.server.TickTask.run(TickTask.java:18) ~[server-1.20.1-20230612.114412-srg.jar%23147!/:?]
	at net.minecraft.util.thread.BlockableEventLoop.m_6367_(BlockableEventLoop.java:156) ~[server-1.20.1-20230612.114412-srg.jar%23147!/:?]
	at net.minecraft.util.thread.ReentrantBlockableEventLoop.m_6367_(ReentrantBlockableEventLoop.java:23) ~[server-1.20.1-20230612.114412-srg.jar%23147!/:?]
	at net.minecraft.server.MinecraftServer.m_6367_(MinecraftServer.java:770) ~[server-1.20.1-20230612.114412-srg.jar%23147!/:?]
	at net.minecraft.server.MinecraftServer.m_6367_(MinecraftServer.java:161) ~[server-1.20.1-20230612.114412-srg.jar%23147!/:?]
	at net.minecraft.util.thread.BlockableEventLoop.m_7245_(BlockableEventLoop.java:130) ~[server-1.20.1-20230612.114412-srg.jar%23147!/:?]
	at net.minecraft.server.MinecraftServer.m_129961_(MinecraftServer.java:753) ~[server-1.20.1-20230612.114412-srg.jar%23147!/:?]
	at net.minecraft.server.MinecraftServer.m_7245_(MinecraftServer.java:747) ~[server-1.20.1-20230612.114412-srg.jar%23147!/:?]
	at net.minecraft.util.thread.BlockableEventLoop.m_18699_(BlockableEventLoop.java:115) ~[server-1.20.1-20230612.114412-srg.jar%23147!/:?]
	at net.minecraft.server.MinecraftServer.m_130012_(MinecraftServer.java:732) ~[server-1.20.1-20230612.114412-srg.jar%23147!/:?]
	at net.minecraft.server.MinecraftServer.m_130011_(MinecraftServer.java:665) ~[server-1.20.1-20230612.114412-srg.jar%23147!/:?]
	at net.minecraft.server.MinecraftServer.m_206580_(MinecraftServer.java:251) ~[server-1.20.1-20230612.114412-srg.jar%23147!/:?]
	at java.lang.Thread.run(Thread.java:840) ~[?:?]
[16Oct2025 22:48:51.670] [Server thread/WARN] [de.teamlapen.vampirism.entity.player.vampire.VampirePlayer/]: Cannot get Vampire player capability. This might break mod functionality.
java.lang.Throwable: null
	at de.teamlapen.vampirism.entity.player.vampire.VampirePlayer.getOpt(VampirePlayer.java:142) ~[Vampirism-1.20.1-1.10.13.jar%23143!/:1.20.1-1.10.13]
	at de.teamlapen.vampirism.network.ServerboundSimpleInputEvent.lambda$handle$4(ServerboundSimpleInputEvent.java:46) ~[Vampirism-1.20.1-1.10.13.jar%23143!/:1.20.1-1.10.13]
	at net.minecraft.util.thread.BlockableEventLoop.m_18693_(BlockableEventLoop.java:67) ~[server-1.20.1-20230612.114412-srg.jar%23147!/:?]
	at java.util.concurrent.CompletableFuture$AsyncSupply.run(CompletableFuture.java:1768) ~[?:?]
	at net.minecraft.server.TickTask.run(TickTask.java:18) ~[server-1.20.1-20230612.114412-srg.jar%23147!/:?]
	at net.minecraft.util.thread.BlockableEventLoop.m_6367_(BlockableEventLoop.java:156) ~[server-1.20.1-20230612.114412-srg.jar%23147!/:?]
	at net.minecraft.util.thread.ReentrantBlockableEventLoop.m_6367_(ReentrantBlockableEventLoop.java:23) ~[server-1.20.1-20230612.114412-srg.jar%23147!/:?]
	at net.minecraft.server.MinecraftServer.m_6367_(MinecraftServer.java:770) ~[server-1.20.1-20230612.114412-srg.jar%23147!/:?]
	at net.minecraft.server.MinecraftServer.m_6367_(MinecraftServer.java:161) ~[server-1.20.1-20230612.114412-srg.jar%23147!/:?]
	at net.minecraft.util.thread.BlockableEventLoop.m_7245_(BlockableEventLoop.java:130) ~[server-1.20.1-20230612.114412-srg.jar%23147!/:?]
	at net.minecraft.server.MinecraftServer.m_129961_(MinecraftServer.java:753) ~[server-1.20.1-20230612.114412-srg.jar%23147!/:?]
	at net.minecraft.server.MinecraftServer.m_7245_(MinecraftServer.java:747) ~[server-1.20.1-20230612.114412-srg.jar%23147!/:?]
	at net.minecraft.util.thread.BlockableEventLoop.m_18699_(BlockableEventLoop.java:115) ~[server-1.20.1-20230612.114412-srg.jar%23147!/:?]
	at net.minecraft.server.MinecraftServer.m_130012_(MinecraftServer.java:732) ~[server-1.20.1-20230612.114412-srg.jar%23147!/:?]
	at net.minecraft.server.MinecraftServer.m_130011_(MinecraftServer.java:665) ~[server-1.20.1-20230612.114412-srg.jar%23147!/:?]
	at net.minecraft.server.MinecraftServer.m_206580_(MinecraftServer.java:251) ~[server-1.20.1-20230612.114412-srg.jar%23147!/:?]
	at java.lang.Thread.run(Thread.java:840) ~[?:?]
[16Oct2025 22:48:51.674] [Server thread/WARN] [de.teamlapen.vampirism.entity.player.vampire.VampirePlayer/]: Cannot get Vampire player capability. This might break mod functionality.
java.lang.Throwable: null
	at de.teamlapen.vampirism.entity.player.vampire.VampirePlayer.getOpt(VampirePlayer.java:142) ~[Vampirism-1.20.1-1.10.13.jar%23143!/:1.20.1-1.10.13]
	at de.teamlapen.vampirism.network.ServerboundStartFeedingPacket.lambda$handle$3(ServerboundStartFeedingPacket.java:44) ~[Vampirism-1.20.1-1.10.13.jar%23143!/:1.20.1-1.10.13]
	at net.minecraft.util.thread.BlockableEventLoop.m_18693_(BlockableEventLoop.java:67) ~[server-1.20.1-20230612.114412-srg.jar%23147!/:?]
	at java.util.concurrent.CompletableFuture$AsyncSupply.run(CompletableFuture.java:1768) ~[?:?]
	at net.minecraft.server.TickTask.run(TickTask.java:18) ~[server-1.20.1-20230612.114412-srg.jar%23147!/:?]
	at net.minecraft.util.thread.BlockableEventLoop.m_6367_(BlockableEventLoop.java:156) ~[server-1.20.1-20230612.114412-srg.jar%23147!/:?]
	at net.minecraft.util.thread.ReentrantBlockableEventLoop.m_6367_(ReentrantBlockableEventLoop.java:23) ~[server-1.20.1-20230612.114412-srg.jar%23147!/:?]
	at net.minecraft.server.MinecraftServer.m_6367_(MinecraftServer.java:770) ~[server-1.20.1-20230612.114412-srg.jar%23147!/:?]
	at net.minecraft.server.MinecraftServer.m_6367_(MinecraftServer.java:161) ~[server-1.20.1-20230612.114412-srg.jar%23147!/:?]
	at net.minecraft.util.thread.BlockableEventLoop.m_7245_(BlockableEventLoop.java:130) ~[server-1.20.1-20230612.114412-srg.jar%23147!/:?]
	at net.minecraft.server.MinecraftServer.m_129961_(MinecraftServer.java:753) ~[server-1.20.1-20230612.114412-srg.jar%23147!/:?]
	at net.minecraft.server.MinecraftServer.m_7245_(MinecraftServer.java:747) ~[server-1.20.1-20230612.114412-srg.jar%23147!/:?]
	at net.minecraft.util.thread.BlockableEventLoop.m_18699_(BlockableEventLoop.java:115) ~[server-1.20.1-20230612.114412-srg.jar%23147!/:?]
	at net.minecraft.server.MinecraftServer.m_130012_(MinecraftServer.java:732) ~[server-1.20.1-20230612.114412-srg.jar%23147!/:?]
	at net.minecraft.server.MinecraftServer.m_130011_(MinecraftServer.java:665) ~[server-1.20.1-20230612.114412-srg.jar%23147!/:?]
	at net.minecraft.server.MinecraftServer.m_206580_(MinecraftServer.java:251) ~[server-1.20.1-20230612.114412-srg.jar%23147!/:?]
	at java.lang.Thread.run(Thread.java:840) ~[?:?]
[16Oct2025 22:48:51.675] [Server thread/WARN] [de.teamlapen.vampirism.entity.factions.FactionPlayerHandler/]: Cannot get Faction player capability. This might break mod functionality.
java.lang.Throwable: null
	at de.teamlapen.vampirism.entity.factions.FactionPlayerHandler.getOpt(FactionPlayerHandler.java:71) ~[Vampirism-1.20.1-1.10.13.jar%23143!/:1.20.1-1.10.13]
	at de.teamlapen.vampirism.network.ServerboundSimpleInputEvent.lambda$handle$4(ServerboundSimpleInputEvent.java:43) ~[Vampirism-1.20.1-1.10.13.jar%23143!/:1.20.1-1.10.13]
	at net.minecraft.util.thread.BlockableEventLoop.m_18693_(BlockableEventLoop.java:67) ~[server-1.20.1-20230612.114412-srg.jar%23147!/:?]
	at java.util.concurrent.CompletableFuture$AsyncSupply.run(CompletableFuture.java:1768) ~[?:?]
	at net.minecraft.server.TickTask.run(TickTask.java:18) ~[server-1.20.1-20230612.114412-srg.jar%23147!/:?]
	at net.minecraft.util.thread.BlockableEventLoop.m_6367_(BlockableEventLoop.java:156) ~[server-1.20.1-20230612.114412-srg.jar%23147!/:?]
	at net.minecraft.util.thread.ReentrantBlockableEventLoop.m_6367_(ReentrantBlockableEventLoop.java:23) ~[server-1.20.1-20230612.114412-srg.jar%23147!/:?]
	at net.minecraft.server.MinecraftServer.m_6367_(MinecraftServer.java:770) ~[server-1.20.1-20230612.114412-srg.jar%23147!/:?]
	at net.minecraft.server.MinecraftServer.m_6367_(MinecraftServer.java:161) ~[server-1.20.1-20230612.114412-srg.jar%23147!/:?]
	at net.minecraft.util.thread.BlockableEventLoop.m_7245_(BlockableEventLoop.java:130) ~[server-1.20.1-20230612.114412-srg.jar%23147!/:?]
	at net.minecraft.server.MinecraftServer.m_129961_(MinecraftServer.java:753) ~[server-1.20.1-20230612.114412-srg.jar%23147!/:?]
	at net.minecraft.server.MinecraftServer.m_7245_(MinecraftServer.java:747) ~[server-1.20.1-20230612.114412-srg.jar%23147!/:?]
	at net.minecraft.util.thread.BlockableEventLoop.m_18699_(BlockableEventLoop.java:115) ~[server-1.20.1-20230612.114412-srg.jar%23147!/:?]
	at net.minecraft.server.MinecraftServer.m_130012_(MinecraftServer.java:732) ~[server-1.20.1-20230612.114412-srg.jar%23147!/:?]
	at net.minecraft.server.MinecraftServer.m_130011_(MinecraftServer.java:665) ~[server-1.20.1-20230612.114412-srg.jar%23147!/:?]
	at net.minecraft.server.MinecraftServer.m_206580_(MinecraftServer.java:251) ~[server-1.20.1-20230612.114412-srg.jar%23147!/:?]
	at java.lang.Thread.run(Thread.java:840) ~[?:?]
[16Oct2025 22:48:51.681] [Server thread/WARN] [de.teamlapen.vampirism.entity.player.vampire.VampirePlayer/]: Cannot get Vampire player capability. This might break mod functionality.
java.lang.Throwable: null
	at de.teamlapen.vampirism.entity.player.vampire.VampirePlayer.getOpt(VampirePlayer.java:142) ~[Vampirism-1.20.1-1.10.13.jar%23143!/:1.20.1-1.10.13]
	at de.teamlapen.vampirism.network.ServerboundSimpleInputEvent.lambda$handle$4(ServerboundSimpleInputEvent.java:46) ~[Vampirism-1.20.1-1.10.13.jar%23143!/:1.20.1-1.10.13]
	at net.minecraft.util.thread.BlockableEventLoop.m_18693_(BlockableEventLoop.java:67) ~[server-1.20.1-20230612.114412-srg.jar%23147!/:?]
	at java.util.concurrent.CompletableFuture$AsyncSupply.run(CompletableFuture.java:1768) ~[?:?]
	at net.minecraft.server.TickTask.run(TickTask.java:18) ~[server-1.20.1-20230612.114412-srg.jar%23147!/:?]
	at net.minecraft.util.thread.BlockableEventLoop.m_6367_(BlockableEventLoop.java:156) ~[server-1.20.1-20230612.114412-srg.jar%23147!/:?]
	at net.minecraft.util.thread.ReentrantBlockableEventLoop.m_6367_(ReentrantBlockableEventLoop.java:23) ~[server-1.20.1-20230612.114412-srg.jar%23147!/:?]
	at net.minecraft.server.MinecraftServer.m_6367_(MinecraftServer.java:770) ~[server-1.20.1-20230612.114412-srg.jar%23147!/:?]
	at net.minecraft.server.MinecraftServer.m_6367_(MinecraftServer.java:161) ~[server-1.20.1-20230612.114412-srg.jar%23147!/:?]
	at net.minecraft.util.thread.BlockableEventLoop.m_7245_(BlockableEventLoop.java:130) ~[server-1.20.1-20230612.114412-srg.jar%23147!/:?]
	at net.minecraft.server.MinecraftServer.m_129961_(MinecraftServer.java:753) ~[server-1.20.1-20230612.114412-srg.jar%23147!/:?]
	at net.minecraft.server.MinecraftServer.m_7245_(MinecraftServer.java:747) ~[server-1.20.1-20230612.114412-srg.jar%23147!/:?]
	at net.minecraft.util.thread.BlockableEventLoop.m_18699_(BlockableEventLoop.java:115) ~[server-1.20.1-20230612.114412-srg.jar%23147!/:?]
	at net.minecraft.server.MinecraftServer.m_130012_(MinecraftServer.java:732) ~[server-1.20.1-20230612.114412-srg.jar%23147!/:?]
	at net.minecraft.server.MinecraftServer.m_130011_(MinecraftServer.java:665) ~[server-1.20.1-20230612.114412-srg.jar%23147!/:?]
	at net.minecraft.server.MinecraftServer.m_206580_(MinecraftServer.java:251) ~[server-1.20.1-20230612.114412-srg.jar%23147!/:?]
	at java.lang.Thread.run(Thread.java:840) ~[?:?]
[16Oct2025 22:48:51.684] [Server thread/WARN] [de.teamlapen.vampirism.entity.player.vampire.VampirePlayer/]: Cannot get Vampire player capability. This might break mod functionality.
java.lang.Throwable: null
	at de.teamlapen.vampirism.entity.player.vampire.VampirePlayer.getOpt(VampirePlayer.java:142) ~[Vampirism-1.20.1-1.10.13.jar%23143!/:1.20.1-1.10.13]
	at de.teamlapen.vampirism.network.ServerboundStartFeedingPacket.lambda$handle$3(ServerboundStartFeedingPacket.java:44) ~[Vampirism-1.20.1-1.10.13.jar%23143!/:1.20.1-1.10.13]
	at net.minecraft.util.thread.BlockableEventLoop.m_18693_(BlockableEventLoop.java:67) ~[server-1.20.1-20230612.114412-srg.jar%23147!/:?]
	at java.util.concurrent.CompletableFuture$AsyncSupply.run(CompletableFuture.java:1768) ~[?:?]
	at net.minecraft.server.TickTask.run(TickTask.java:18) ~[server-1.20.1-20230612.114412-srg.jar%23147!/:?]
	at net.minecraft.util.thread.BlockableEventLoop.m_6367_(BlockableEventLoop.java:156) ~[server-1.20.1-20230612.114412-srg.jar%23147!/:?]
	at net.minecraft.util.thread.ReentrantBlockableEventLoop.m_6367_(ReentrantBlockableEventLoop.java:23) ~[server-1.20.1-20230612.114412-srg.jar%23147!/:?]
	at net.minecraft.server.MinecraftServer.m_6367_(MinecraftServer.java:770) ~[server-1.20.1-20230612.114412-srg.jar%23147!/:?]
	at net.minecraft.server.MinecraftServer.m_6367_(MinecraftServer.java:161) ~[server-1.20.1-20230612.114412-srg.jar%23147!/:?]
	at net.minecraft.util.thread.BlockableEventLoop.m_7245_(BlockableEventLoop.java:130) ~[server-1.20.1-20230612.114412-srg.jar%23147!/:?]
	at net.minecraft.server.MinecraftServer.m_129961_(MinecraftServer.java:753) ~[server-1.20.1-20230612.114412-srg.jar%23147!/:?]
	at net.minecraft.server.MinecraftServer.m_7245_(MinecraftServer.java:747) ~[server-1.20.1-20230612.114412-srg.jar%23147!/:?]
	at net.minecraft.util.thread.BlockableEventLoop.m_18699_(BlockableEventLoop.java:115) ~[server-1.20.1-20230612.114412-srg.jar%23147!/:?]
	at net.minecraft.server.MinecraftServer.m_130012_(MinecraftServer.java:732) ~[server-1.20.1-20230612.114412-srg.jar%23147!/:?]
	at net.minecraft.server.MinecraftServer.m_130011_(MinecraftServer.java:665) ~[server-1.20.1-20230612.114412-srg.jar%23147!/:?]
	at net.minecraft.server.MinecraftServer.m_206580_(MinecraftServer.java:251) ~[server-1.20.1-20230612.114412-srg.jar%23147!/:?]
	at java.lang.Thread.run(Thread.java:840) ~[?:?]
[16Oct2025 22:48:51.687] [Server thread/WARN] [de.teamlapen.vampirism.entity.factions.FactionPlayerHandler/]: Cannot get Faction player capability. This might break mod functionality.
java.lang.Throwable: null
	at de.teamlapen.vampirism.entity.factions.FactionPlayerHandler.getOpt(FactionPlayerHandler.java:71) ~[Vampirism-1.20.1-1.10.13.jar%23143!/:1.20.1-1.10.13]
	at de.teamlapen.vampirism.network.ServerboundSimpleInputEvent.lambda$handle$4(ServerboundSimpleInputEvent.java:43) ~[Vampirism-1.20.1-1.10.13.jar%23143!/:1.20.1-1.10.13]
	at net.minecraft.util.thread.BlockableEventLoop.m_18693_(BlockableEventLoop.java:67) ~[server-1.20.1-20230612.114412-srg.jar%23147!/:?]
	at java.util.concurrent.CompletableFuture$AsyncSupply.run(CompletableFuture.java:1768) ~[?:?]
	at net.minecraft.server.TickTask.run(TickTask.java:18) ~[server-1.20.1-20230612.114412-srg.jar%23147!/:?]
	at net.minecraft.util.thread.BlockableEventLoop.m_6367_(BlockableEventLoop.java:156) ~[server-1.20.1-20230612.114412-srg.jar%23147!/:?]
	at net.minecraft.util.thread.ReentrantBlockableEventLoop.m_6367_(ReentrantBlockableEventLoop.java:23) ~[server-1.20.1-20230612.114412-srg.jar%23147!/:?]
	at net.minecraft.server.MinecraftServer.m_6367_(MinecraftServer.java:770) ~[server-1.20.1-20230612.114412-srg.jar%23147!/:?]
	at net.minecraft.server.MinecraftServer.m_6367_(MinecraftServer.java:161) ~[server-1.20.1-20230612.114412-srg.jar%23147!/:?]
	at net.minecraft.util.thread.BlockableEventLoop.m_7245_(BlockableEventLoop.java:130) ~[server-1.20.1-20230612.114412-srg.jar%23147!/:?]
	at net.minecraft.server.MinecraftServer.m_129961_(MinecraftServer.java:753) ~[server-1.20.1-20230612.114412-srg.jar%23147!/:?]
	at net.minecraft.server.MinecraftServer.m_7245_(MinecraftServer.java:747) ~[server-1.20.1-20230612.114412-srg.jar%23147!/:?]
	at net.minecraft.util.thread.BlockableEventLoop.m_18699_(BlockableEventLoop.java:115) ~[server-1.20.1-20230612.114412-srg.jar%23147!/:?]
	at net.minecraft.server.MinecraftServer.m_130012_(MinecraftServer.java:732) ~[server-1.20.1-20230612.114412-srg.jar%23147!/:?]
	at net.minecraft.server.MinecraftServer.m_130011_(MinecraftServer.java:665) ~[server-1.20.1-20230612.114412-srg.jar%23147!/:?]
	at net.minecraft.server.MinecraftServer.m_206580_(MinecraftServer.java:251) ~[server-1.20.1-20230612.114412-srg.jar%23147!/:?]
	at java.lang.Thread.run(Thread.java:840) ~[?:?]
[16Oct2025 22:48:51.691] [Server thread/WARN] [de.teamlapen.vampirism.entity.player.vampire.VampirePlayer/]: Cannot get Vampire player capability. This might break mod functionality.
java.lang.Throwable: null
	at de.teamlapen.vampirism.entity.player.vampire.VampirePlayer.getOpt(VampirePlayer.java:142) ~[Vampirism-1.20.1-1.10.13.jar%23143!/:1.20.1-1.10.13]
	at de.teamlapen.vampirism.network.ServerboundSimpleInputEvent.lambda$handle$4(ServerboundSimpleInputEvent.java:46) ~[Vampirism-1.20.1-1.10.13.jar%23143!/:1.20.1-1.10.13]
	at net.minecraft.util.thread.BlockableEventLoop.m_18693_(BlockableEventLoop.java:67) ~[server-1.20.1-20230612.114412-srg.jar%23147!/:?]
	at java.util.concurrent.CompletableFuture$AsyncSupply.run(CompletableFuture.java:1768) ~[?:?]
	at net.minecraft.server.TickTask.run(TickTask.java:18) ~[server-1.20.1-20230612.114412-srg.jar%23147!/:?]
	at net.minecraft.util.thread.BlockableEventLoop.m_6367_(BlockableEventLoop.java:156) ~[server-1.20.1-20230612.114412-srg.jar%23147!/:?]
	at net.minecraft.util.thread.ReentrantBlockableEventLoop.m_6367_(ReentrantBlockableEventLoop.java:23) ~[server-1.20.1-20230612.114412-srg.jar%23147!/:?]
	at net.minecraft.server.MinecraftServer.m_6367_(MinecraftServer.java:770) ~[server-1.20.1-20230612.114412-srg.jar%23147!/:?]
	at net.minecraft.server.MinecraftServer.m_6367_(MinecraftServer.java:161) ~[server-1.20.1-20230612.114412-srg.jar%23147!/:?]
	at net.minecraft.util.thread.BlockableEventLoop.m_7245_(BlockableEventLoop.java:130) ~[server-1.20.1-20230612.114412-srg.jar%23147!/:?]
	at net.minecraft.server.MinecraftServer.m_129961_(MinecraftServer.java:753) ~[server-1.20.1-20230612.114412-srg.jar%23147!/:?]
	at net.minecraft.server.MinecraftServer.m_7245_(MinecraftServer.java:747) ~[server-1.20.1-20230612.114412-srg.jar%23147!/:?]
	at net.minecraft.util.thread.BlockableEventLoop.m_18699_(BlockableEventLoop.java:115) ~[server-1.20.1-20230612.114412-srg.jar%23147!/:?]
	at net.minecraft.server.MinecraftServer.m_130012_(MinecraftServer.java:732) ~[server-1.20.1-20230612.114412-srg.jar%23147!/:?]
	at net.minecraft.server.MinecraftServer.m_130011_(MinecraftServer.java:665) ~[server-1.20.1-20230612.114412-srg.jar%23147!/:?]
	at net.minecraft.server.MinecraftServer.m_206580_(MinecraftServer.java:251) ~[server-1.20.1-20230612.114412-srg.jar%23147!/:?]
	at java.lang.Thread.run(Thread.java:840) ~[?:?]
[16Oct2025 22:48:51.695] [Server thread/WARN] [de.teamlapen.vampirism.entity.player.vampire.VampirePlayer/]: Cannot get Vampire player capability. This might break mod functionality.
java.lang.Throwable: null
	at de.teamlapen.vampirism.entity.player.vampire.VampirePlayer.getOpt(VampirePlayer.java:142) ~[Vampirism-1.20.1-1.10.13.jar%23143!/:1.20.1-1.10.13]
	at de.teamlapen.vampirism.network.ServerboundStartFeedingPacket.lambda$handle$3(ServerboundStartFeedingPacket.java:44) ~[Vampirism-1.20.1-1.10.13.jar%23143!/:1.20.1-1.10.13]
	at net.minecraft.util.thread.BlockableEventLoop.m_18693_(BlockableEventLoop.java:67) ~[server-1.20.1-20230612.114412-srg.jar%23147!/:?]
	at java.util.concurrent.CompletableFuture$AsyncSupply.run(CompletableFuture.java:1768) ~[?:?]
	at net.minecraft.server.TickTask.run(TickTask.java:18) ~[server-1.20.1-20230612.114412-srg.jar%23147!/:?]
	at net.minecraft.util.thread.BlockableEventLoop.m_6367_(BlockableEventLoop.java:156) ~[server-1.20.1-20230612.114412-srg.jar%23147!/:?]
	at net.minecraft.util.thread.ReentrantBlockableEventLoop.m_6367_(ReentrantBlockableEventLoop.java:23) ~[server-1.20.1-20230612.114412-srg.jar%23147!/:?]
	at net.minecraft.server.MinecraftServer.m_6367_(MinecraftServer.java:770) ~[server-1.20.1-20230612.114412-srg.jar%23147!/:?]
	at net.minecraft.server.MinecraftServer.m_6367_(MinecraftServer.java:161) ~[server-1.20.1-20230612.114412-srg.jar%23147!/:?]
	at net.minecraft.util.thread.BlockableEventLoop.m_7245_(BlockableEventLoop.java:130) ~[server-1.20.1-20230612.114412-srg.jar%23147!/:?]
	at net.minecraft.server.MinecraftServer.m_129961_(MinecraftServer.java:753) ~[server-1.20.1-20230612.114412-srg.jar%23147!/:?]
	at net.minecraft.server.MinecraftServer.m_7245_(MinecraftServer.java:747) ~[server-1.20.1-20230612.114412-srg.jar%23147!/:?]
	at net.minecraft.util.thread.BlockableEventLoop.m_18699_(BlockableEventLoop.java:115) ~[server-1.20.1-20230612.114412-srg.jar%23147!/:?]
	at net.minecraft.server.MinecraftServer.m_130012_(MinecraftServer.java:732) ~[server-1.20.1-20230612.114412-srg.jar%23147!/:?]
	at net.minecraft.server.MinecraftServer.m_130011_(MinecraftServer.java:665) ~[server-1.20.1-20230612.114412-srg.jar%23147!/:?]
	at net.minecraft.server.MinecraftServer.m_206580_(MinecraftServer.java:251) ~[server-1.20.1-20230612.114412-srg.jar%23147!/:?]
	at java.lang.Thread.run(Thread.java:840) ~[?:?]
[16Oct2025 22:48:51.699] [Server thread/WARN] [de.teamlapen.vampirism.entity.factions.FactionPlayerHandler/]: Cannot get Faction player capability. This might break mod functionality.
java.lang.Throwable: null
	at de.teamlapen.vampirism.entity.factions.FactionPlayerHandler.getOpt(FactionPlayerHandler.java:71) ~[Vampirism-1.20.1-1.10.13.jar%23143!/:1.20.1-1.10.13]
	at de.teamlapen.vampirism.network.ServerboundSimpleInputEvent.lambda$handle$4(ServerboundSimpleInputEvent.java:43) ~[Vampirism-1.20.1-1.10.13.jar%23143!/:1.20.1-1.10.13]
	at net.minecraft.util.thread.BlockableEventLoop.m_18693_(BlockableEventLoop.java:67) ~[server-1.20.1-20230612.114412-srg.jar%23147!/:?]
	at java.util.concurrent.CompletableFuture$AsyncSupply.run(CompletableFuture.java:1768) ~[?:?]
	at net.minecraft.server.TickTask.run(TickTask.java:18) ~[server-1.20.1-20230612.114412-srg.jar%23147!/:?]
	at net.minecraft.util.thread.BlockableEventLoop.m_6367_(BlockableEventLoop.java:156) ~[server-1.20.1-20230612.114412-srg.jar%23147!/:?]
	at net.minecraft.util.thread.ReentrantBlockableEventLoop.m_6367_(ReentrantBlockableEventLoop.java:23) ~[server-1.20.1-20230612.114412-srg.jar%23147!/:?]
	at net.minecraft.server.MinecraftServer.m_6367_(MinecraftServer.java:770) ~[server-1.20.1-20230612.114412-srg.jar%23147!/:?]
	at net.minecraft.server.MinecraftServer.m_6367_(MinecraftServer.java:161) ~[server-1.20.1-20230612.114412-srg.jar%23147!/:?]
	at net.minecraft.util.thread.BlockableEventLoop.m_7245_(BlockableEventLoop.java:130) ~[server-1.20.1-20230612.114412-srg.jar%23147!/:?]
	at net.minecraft.server.MinecraftServer.m_129961_(MinecraftServer.java:753) ~[server-1.20.1-20230612.114412-srg.jar%23147!/:?]
	at net.minecraft.server.MinecraftServer.m_7245_(MinecraftServer.java:747) ~[server-1.20.1-20230612.114412-srg.jar%23147!/:?]
	at net.minecraft.util.thread.BlockableEventLoop.m_18699_(BlockableEventLoop.java:115) ~[server-1.20.1-20230612.114412-srg.jar%23147!/:?]
	at net.minecraft.server.MinecraftServer.m_130012_(MinecraftServer.java:732) ~[server-1.20.1-20230612.114412-srg.jar%23147!/:?]
	at net.minecraft.server.MinecraftServer.m_130011_(MinecraftServer.java:665) ~[server-1.20.1-20230612.114412-srg.jar%23147!/:?]
	at net.minecraft.server.MinecraftServer.m_206580_(MinecraftServer.java:251) ~[server-1.20.1-20230612.114412-srg.jar%23147!/:?]
	at java.lang.Thread.run(Thread.java:840) ~[?:?]
[16Oct2025 22:48:51.704] [Server thread/WARN] [de.teamlapen.vampirism.entity.player.vampire.VampirePlayer/]: Cannot get Vampire player capability. This might break mod functionality.
java.lang.Throwable: null
	at de.teamlapen.vampirism.entity.player.vampire.VampirePlayer.getOpt(VampirePlayer.java:142) ~[Vampirism-1.20.1-1.10.13.jar%23143!/:1.20.1-1.10.13]
	at de.teamlapen.vampirism.network.ServerboundSimpleInputEvent.lambda$handle$4(ServerboundSimpleInputEvent.java:46) ~[Vampirism-1.20.1-1.10.13.jar%23143!/:1.20.1-1.10.13]
	at net.minecraft.util.thread.BlockableEventLoop.m_18693_(BlockableEventLoop.java:67) ~[server-1.20.1-20230612.114412-srg.jar%23147!/:?]
	at java.util.concurrent.CompletableFuture$AsyncSupply.run(CompletableFuture.java:1768) ~[?:?]
	at net.minecraft.server.TickTask.run(TickTask.java:18) ~[server-1.20.1-20230612.114412-srg.jar%23147!/:?]
	at net.minecraft.util.thread.BlockableEventLoop.m_6367_(BlockableEventLoop.java:156) ~[server-1.20.1-20230612.114412-srg.jar%23147!/:?]
	at net.minecraft.util.thread.ReentrantBlockableEventLoop.m_6367_(ReentrantBlockableEventLoop.java:23) ~[server-1.20.1-20230612.114412-srg.jar%23147!/:?]
	at net.minecraft.server.MinecraftServer.m_6367_(MinecraftServer.java:770) ~[server-1.20.1-20230612.114412-srg.jar%23147!/:?]
	at net.minecraft.server.MinecraftServer.m_6367_(MinecraftServer.java:161) ~[server-1.20.1-20230612.114412-srg.jar%23147!/:?]
	at net.minecraft.util.thread.BlockableEventLoop.m_7245_(BlockableEventLoop.java:130) ~[server-1.20.1-20230612.114412-srg.jar%23147!/:?]
	at net.minecraft.server.MinecraftServer.m_129961_(MinecraftServer.java:753) ~[server-1.20.1-20230612.114412-srg.jar%23147!/:?]
	at net.minecraft.server.MinecraftServer.m_7245_(MinecraftServer.java:747) ~[server-1.20.1-20230612.114412-srg.jar%23147!/:?]
	at net.minecraft.util.thread.BlockableEventLoop.m_18699_(BlockableEventLoop.java:115) ~[server-1.20.1-20230612.114412-srg.jar%23147!/:?]
	at net.minecraft.server.MinecraftServer.m_130012_(MinecraftServer.java:732) ~[server-1.20.1-20230612.114412-srg.jar%23147!/:?]
	at net.minecraft.server.MinecraftServer.m_130011_(MinecraftServer.java:665) ~[server-1.20.1-20230612.114412-srg.jar%23147!/:?]
	at net.minecraft.server.MinecraftServer.m_206580_(MinecraftServer.java:251) ~[server-1.20.1-20230612.114412-srg.jar%23147!/:?]
	at java.lang.Thread.run(Thread.java:840) ~[?:?]
[16Oct2025 22:48:51.708] [Server thread/WARN] [de.teamlapen.vampirism.entity.player.vampire.VampirePlayer/]: Cannot get Vampire player capability. This might break mod functionality.
java.lang.Throwable: null
	at de.teamlapen.vampirism.entity.player.vampire.VampirePlayer.getOpt(VampirePlayer.java:142) ~[Vampirism-1.20.1-1.10.13.jar%23143!/:1.20.1-1.10.13]
	at de.teamlapen.vampirism.network.ServerboundStartFeedingPacket.lambda$handle$3(ServerboundStartFeedingPacket.java:44) ~[Vampirism-1.20.1-1.10.13.jar%23143!/:1.20.1-1.10.13]
	at net.minecraft.util.thread.BlockableEventLoop.m_18693_(BlockableEventLoop.java:67) ~[server-1.20.1-20230612.114412-srg.jar%23147!/:?]
	at java.util.concurrent.CompletableFuture$AsyncSupply.run(CompletableFuture.java:1768) ~[?:?]
	at net.minecraft.server.TickTask.run(TickTask.java:18) ~[server-1.20.1-20230612.114412-srg.jar%23147!/:?]
	at net.minecraft.util.thread.BlockableEventLoop.m_6367_(BlockableEventLoop.java:156) ~[server-1.20.1-20230612.114412-srg.jar%23147!/:?]
	at net.minecraft.util.thread.ReentrantBlockableEventLoop.m_6367_(ReentrantBlockableEventLoop.java:23) ~[server-1.20.1-20230612.114412-srg.jar%23147!/:?]
	at net.minecraft.server.MinecraftServer.m_6367_(MinecraftServer.java:770) ~[server-1.20.1-20230612.114412-srg.jar%23147!/:?]
	at net.minecraft.server.MinecraftServer.m_6367_(MinecraftServer.java:161) ~[server-1.20.1-20230612.114412-srg.jar%23147!/:?]
	at net.minecraft.util.thread.BlockableEventLoop.m_7245_(BlockableEventLoop.java:130) ~[server-1.20.1-20230612.114412-srg.jar%23147!/:?]
	at net.minecraft.server.MinecraftServer.m_129961_(MinecraftServer.java:753) ~[server-1.20.1-20230612.114412-srg.jar%23147!/:?]
	at net.minecraft.server.MinecraftServer.m_7245_(MinecraftServer.java:747) ~[server-1.20.1-20230612.114412-srg.jar%23147!/:?]
	at net.minecraft.util.thread.BlockableEventLoop.m_18699_(BlockableEventLoop.java:115) ~[server-1.20.1-20230612.114412-srg.jar%23147!/:?]
	at net.minecraft.server.MinecraftServer.m_130012_(MinecraftServer.java:732) ~[server-1.20.1-20230612.114412-srg.jar%23147!/:?]
	at net.minecraft.server.MinecraftServer.m_130011_(MinecraftServer.java:665) ~[server-1.20.1-20230612.114412-srg.jar%23147!/:?]
	at net.minecraft.server.MinecraftServer.m_206580_(MinecraftServer.java:251) ~[server-1.20.1-20230612.114412-srg.jar%23147!/:?]
	at java.lang.Thread.run(Thread.java:840) ~[?:?]
[16Oct2025 22:48:51.733] [Server thread/WARN] [de.teamlapen.vampirism.entity.factions.FactionPlayerHandler/]: Cannot get Faction player capability. This might break mod functionality.
java.lang.Throwable: null
	at de.teamlapen.vampirism.entity.factions.FactionPlayerHandler.getOpt(FactionPlayerHandler.java:71) ~[Vampirism-1.20.1-1.10.13.jar%23143!/:1.20.1-1.10.13]
	at de.teamlapen.vampirism.network.ServerboundSimpleInputEvent.lambda$handle$4(ServerboundSimpleInputEvent.java:43) ~[Vampirism-1.20.1-1.10.13.jar%23143!/:1.20.1-1.10.13]
	at net.minecraft.util.thread.BlockableEventLoop.m_18693_(BlockableEventLoop.java:67) ~[server-1.20.1-20230612.114412-srg.jar%23147!/:?]
	at java.util.concurrent.CompletableFuture$AsyncSupply.run(CompletableFuture.java:1768) ~[?:?]
	at net.minecraft.server.TickTask.run(TickTask.java:18) ~[server-1.20.1-20230612.114412-srg.jar%23147!/:?]
	at net.minecraft.util.thread.BlockableEventLoop.m_6367_(BlockableEventLoop.java:156) ~[server-1.20.1-20230612.114412-srg.jar%23147!/:?]
	at net.minecraft.util.thread.ReentrantBlockableEventLoop.m_6367_(ReentrantBlockableEventLoop.java:23) ~[server-1.20.1-20230612.114412-srg.jar%23147!/:?]
	at net.minecraft.server.MinecraftServer.m_6367_(MinecraftServer.java:770) ~[server-1.20.1-20230612.114412-srg.jar%23147!/:?]
	at net.minecraft.server.MinecraftServer.m_6367_(MinecraftServer.java:161) ~[server-1.20.1-20230612.114412-srg.jar%23147!/:?]
	at net.minecraft.util.thread.BlockableEventLoop.m_7245_(BlockableEventLoop.java:130) ~[server-1.20.1-20230612.114412-srg.jar%23147!/:?]
	at net.minecraft.server.MinecraftServer.m_129961_(MinecraftServer.java:753) ~[server-1.20.1-20230612.114412-srg.jar%23147!/:?]
	at net.minecraft.server.MinecraftServer.m_7245_(MinecraftServer.java:747) ~[server-1.20.1-20230612.114412-srg.jar%23147!/:?]
	at net.minecraft.util.thread.BlockableEventLoop.m_18699_(BlockableEventLoop.java:115) ~[server-1.20.1-20230612.114412-srg.jar%23147!/:?]
	at net.minecraft.server.MinecraftServer.m_130012_(MinecraftServer.java:732) ~[server-1.20.1-20230612.114412-srg.jar%23147!/:?]
	at net.minecraft.server.MinecraftServer.m_130011_(MinecraftServer.java:665) ~[server-1.20.1-20230612.114412-srg.jar%23147!/:?]
	at net.minecraft.server.MinecraftServer.m_206580_(MinecraftServer.java:251) ~[server-1.20.1-20230612.114412-srg.jar%23147!/:?]
	at java.lang.Thread.run(Thread.java:840) ~[?:?]
[16Oct2025 22:48:51.735] [Server thread/WARN] [de.teamlapen.vampirism.entity.player.vampire.VampirePlayer/]: Cannot get Vampire player capability. This might break mod functionality.
java.lang.Throwable: null
	at de.teamlapen.vampirism.entity.player.vampire.VampirePlayer.getOpt(VampirePlayer.java:142) ~[Vampirism-1.20.1-1.10.13.jar%23143!/:1.20.1-1.10.13]
	at de.teamlapen.vampirism.network.ServerboundSimpleInputEvent.lambda$handle$4(ServerboundSimpleInputEvent.java:46) ~[Vampirism-1.20.1-1.10.13.jar%23143!/:1.20.1-1.10.13]
	at net.minecraft.util.thread.BlockableEventLoop.m_18693_(BlockableEventLoop.java:67) ~[server-1.20.1-20230612.114412-srg.jar%23147!/:?]
	at java.util.concurrent.CompletableFuture$AsyncSupply.run(CompletableFuture.java:1768) ~[?:?]
	at net.minecraft.server.TickTask.run(TickTask.java:18) ~[server-1.20.1-20230612.114412-srg.jar%23147!/:?]
	at net.minecraft.util.thread.BlockableEventLoop.m_6367_(BlockableEventLoop.java:156) ~[server-1.20.1-20230612.114412-srg.jar%23147!/:?]
	at net.minecraft.util.thread.ReentrantBlockableEventLoop.m_6367_(ReentrantBlockableEventLoop.java:23) ~[server-1.20.1-20230612.114412-srg.jar%23147!/:?]
	at net.minecraft.server.MinecraftServer.m_6367_(MinecraftServer.java:770) ~[server-1.20.1-20230612.114412-srg.jar%23147!/:?]
	at net.minecraft.server.MinecraftServer.m_6367_(MinecraftServer.java:161) ~[server-1.20.1-20230612.114412-srg.jar%23147!/:?]
	at net.minecraft.util.thread.BlockableEventLoop.m_7245_(BlockableEventLoop.java:130) ~[server-1.20.1-20230612.114412-srg.jar%23147!/:?]
	at net.minecraft.server.MinecraftServer.m_129961_(MinecraftServer.java:753) ~[server-1.20.1-20230612.114412-srg.jar%23147!/:?]
	at net.minecraft.server.MinecraftServer.m_7245_(MinecraftServer.java:747) ~[server-1.20.1-20230612.114412-srg.jar%23147!/:?]
	at net.minecraft.util.thread.BlockableEventLoop.m_18699_(BlockableEventLoop.java:115) ~[server-1.20.1-20230612.114412-srg.jar%23147!/:?]
	at net.minecraft.server.MinecraftServer.m_130012_(MinecraftServer.java:732) ~[server-1.20.1-20230612.114412-srg.jar%23147!/:?]
	at net.minecraft.server.MinecraftServer.m_130011_(MinecraftServer.java:665) ~[server-1.20.1-20230612.114412-srg.jar%23147!/:?]
	at net.minecraft.server.MinecraftServer.m_206580_(MinecraftServer.java:251) ~[server-1.20.1-20230612.114412-srg.jar%23147!/:?]
	at java.lang.Thread.run(Thread.java:840) ~[?:?]
[16Oct2025 22:48:51.738] [Server thread/WARN] [de.teamlapen.vampirism.entity.factions.FactionPlayerHandler/]: Cannot get Faction player capability. This might break mod functionality.
java.lang.Throwable: null
	at de.teamlapen.vampirism.entity.factions.FactionPlayerHandler.getOpt(FactionPlayerHandler.java:71) ~[Vampirism-1.20.1-1.10.13.jar%23143!/:1.20.1-1.10.13]
	at de.teamlapen.vampirism.network.ServerboundToggleActionPacket.lambda$handle$4(ServerboundToggleActionPacket.java:84) ~[Vampirism-1.20.1-1.10.13.jar%23143!/:1.20.1-1.10.13]
	at net.minecraft.util.thread.BlockableEventLoop.m_18693_(BlockableEventLoop.java:67) ~[server-1.20.1-20230612.114412-srg.jar%23147!/:?]
	at java.util.concurrent.CompletableFuture$AsyncSupply.run(CompletableFuture.java:1768) ~[?:?]
	at net.minecraft.server.TickTask.run(TickTask.java:18) ~[server-1.20.1-20230612.114412-srg.jar%23147!/:?]
	at net.minecraft.util.thread.BlockableEventLoop.m_6367_(BlockableEventLoop.java:156) ~[server-1.20.1-20230612.114412-srg.jar%23147!/:?]
	at net.minecraft.util.thread.ReentrantBlockableEventLoop.m_6367_(ReentrantBlockableEventLoop.java:23) ~[server-1.20.1-20230612.114412-srg.jar%23147!/:?]
	at net.minecraft.server.MinecraftServer.m_6367_(MinecraftServer.java:770) ~[server-1.20.1-20230612.114412-srg.jar%23147!/:?]
	at net.minecraft.server.MinecraftServer.m_6367_(MinecraftServer.java:161) ~[server-1.20.1-20230612.114412-srg.jar%23147!/:?]
	at net.minecraft.util.thread.BlockableEventLoop.m_7245_(BlockableEventLoop.java:130) ~[server-1.20.1-20230612.114412-srg.jar%23147!/:?]
	at net.minecraft.server.MinecraftServer.m_129961_(MinecraftServer.java:753) ~[server-1.20.1-20230612.114412-srg.jar%23147!/:?]
	at net.minecraft.server.MinecraftServer.m_7245_(MinecraftServer.java:747) ~[server-1.20.1-20230612.114412-srg.jar%23147!/:?]
	at net.minecraft.util.thread.BlockableEventLoop.m_18699_(BlockableEventLoop.java:115) ~[server-1.20.1-20230612.114412-srg.jar%23147!/:?]
	at net.minecraft.server.MinecraftServer.m_130012_(MinecraftServer.java:732) ~[server-1.20.1-20230612.114412-srg.jar%23147!/:?]
	at net.minecraft.server.MinecraftServer.m_130011_(MinecraftServer.java:665) ~[server-1.20.1-20230612.114412-srg.jar%23147!/:?]
	at net.minecraft.server.MinecraftServer.m_206580_(MinecraftServer.java:251) ~[server-1.20.1-20230612.114412-srg.jar%23147!/:?]
	at java.lang.Thread.run(Thread.java:840) ~[?:?]
[16Oct2025 22:48:51.741] [Server thread/WARN] [de.teamlapen.vampirism.entity.factions.FactionPlayerHandler/]: Cannot get Faction player capability. This might break mod functionality.
java.lang.Throwable: null
	at de.teamlapen.vampirism.entity.factions.FactionPlayerHandler.getOpt(FactionPlayerHandler.java:71) ~[Vampirism-1.20.1-1.10.13.jar%23143!/:1.20.1-1.10.13]
	at de.teamlapen.vampirism.network.ServerboundToggleActionPacket.lambda$handle$4(ServerboundToggleActionPacket.java:84) ~[Vampirism-1.20.1-1.10.13.jar%23143!/:1.20.1-1.10.13]
	at net.minecraft.util.thread.BlockableEventLoop.m_18693_(BlockableEventLoop.java:67) ~[server-1.20.1-20230612.114412-srg.jar%23147!/:?]
	at java.util.concurrent.CompletableFuture$AsyncSupply.run(CompletableFuture.java:1768) ~[?:?]
	at net.minecraft.server.TickTask.run(TickTask.java:18) ~[server-1.20.1-20230612.114412-srg.jar%23147!/:?]
	at net.minecraft.util.thread.BlockableEventLoop.m_6367_(BlockableEventLoop.java:156) ~[server-1.20.1-20230612.114412-srg.jar%23147!/:?]
	at net.minecraft.util.thread.ReentrantBlockableEventLoop.m_6367_(ReentrantBlockableEventLoop.java:23) ~[server-1.20.1-20230612.114412-srg.jar%23147!/:?]
	at net.minecraft.server.MinecraftServer.m_6367_(MinecraftServer.java:770) ~[server-1.20.1-20230612.114412-srg.jar%23147!/:?]
	at net.minecraft.server.MinecraftServer.m_6367_(MinecraftServer.java:161) ~[server-1.20.1-20230612.114412-srg.jar%23147!/:?]
	at net.minecraft.util.thread.BlockableEventLoop.m_7245_(BlockableEventLoop.java:130) ~[server-1.20.1-20230612.114412-srg.jar%23147!/:?]
	at net.minecraft.server.MinecraftServer.m_129961_(MinecraftServer.java:753) ~[server-1.20.1-20230612.114412-srg.jar%23147!/:?]
	at net.minecraft.server.MinecraftServer.m_7245_(MinecraftServer.java:747) ~[server-1.20.1-20230612.114412-srg.jar%23147!/:?]
	at net.minecraft.util.thread.BlockableEventLoop.m_18699_(BlockableEventLoop.java:115) ~[server-1.20.1-20230612.114412-srg.jar%23147!/:?]
	at net.minecraft.server.MinecraftServer.m_130012_(MinecraftServer.java:732) ~[server-1.20.1-20230612.114412-srg.jar%23147!/:?]
	at net.minecraft.server.MinecraftServer.m_130011_(MinecraftServer.java:665) ~[server-1.20.1-20230612.114412-srg.jar%23147!/:?]
	at net.minecraft.server.MinecraftServer.m_206580_(MinecraftServer.java:251) ~[server-1.20.1-20230612.114412-srg.jar%23147!/:?]
	at java.lang.Thread.run(Thread.java:840) ~[?:?]
[16Oct2025 22:48:51.742] [Server thread/WARN] [de.teamlapen.vampirism.entity.factions.FactionPlayerHandler/]: Cannot get Faction player capability. This might break mod functionality.
java.lang.Throwable: null
	at de.teamlapen.vampirism.entity.factions.FactionPlayerHandler.getOpt(FactionPlayerHandler.java:71) ~[Vampirism-1.20.1-1.10.13.jar%23143!/:1.20.1-1.10.13]
	at de.teamlapen.vampirism.network.ServerboundToggleActionPacket.lambda$handle$4(ServerboundToggleActionPacket.java:84) ~[Vampirism-1.20.1-1.10.13.jar%23143!/:1.20.1-1.10.13]
	at net.minecraft.util.thread.BlockableEventLoop.m_18693_(BlockableEventLoop.java:67) ~[server-1.20.1-20230612.114412-srg.jar%23147!/:?]
	at java.util.concurrent.CompletableFuture$AsyncSupply.run(CompletableFuture.java:1768) ~[?:?]
	at net.minecraft.server.TickTask.run(TickTask.java:18) ~[server-1.20.1-20230612.114412-srg.jar%23147!/:?]
	at net.minecraft.util.thread.BlockableEventLoop.m_6367_(BlockableEventLoop.java:156) ~[server-1.20.1-20230612.114412-srg.jar%23147!/:?]
	at net.minecraft.util.thread.ReentrantBlockableEventLoop.m_6367_(ReentrantBlockableEventLoop.java:23) ~[server-1.20.1-20230612.114412-srg.jar%23147!/:?]
	at net.minecraft.server.MinecraftServer.m_6367_(MinecraftServer.java:770) ~[server-1.20.1-20230612.114412-srg.jar%23147!/:?]
	at net.minecraft.server.MinecraftServer.m_6367_(MinecraftServer.java:161) ~[server-1.20.1-20230612.114412-srg.jar%23147!/:?]
	at net.minecraft.util.thread.BlockableEventLoop.m_7245_(BlockableEventLoop.java:130) ~[server-1.20.1-20230612.114412-srg.jar%23147!/:?]
	at net.minecraft.server.MinecraftServer.m_129961_(MinecraftServer.java:753) ~[server-1.20.1-20230612.114412-srg.jar%23147!/:?]
	at net.minecraft.server.MinecraftServer.m_7245_(MinecraftServer.java:747) ~[server-1.20.1-20230612.114412-srg.jar%23147!/:?]
	at net.minecraft.util.thread.BlockableEventLoop.m_18699_(BlockableEventLoop.java:115) ~[server-1.20.1-20230612.114412-srg.jar%23147!/:?]
	at net.minecraft.server.MinecraftServer.m_130012_(MinecraftServer.java:732) ~[server-1.20.1-20230612.114412-srg.jar%23147!/:?]
	at net.minecraft.server.MinecraftServer.m_130011_(MinecraftServer.java:665) ~[server-1.20.1-20230612.114412-srg.jar%23147!/:?]
	at net.minecraft.server.MinecraftServer.m_206580_(MinecraftServer.java:251) ~[server-1.20.1-20230612.114412-srg.jar%23147!/:?]
	at java.lang.Thread.run(Thread.java:840) ~[?:?]
[16Oct2025 22:48:51.743] [Server thread/WARN] [de.teamlapen.vampirism.entity.factions.FactionPlayerHandler/]: Cannot get Faction player capability. This might break mod functionality.
java.lang.Throwable: null
	at de.teamlapen.vampirism.entity.factions.FactionPlayerHandler.getOpt(FactionPlayerHandler.java:71) ~[Vampirism-1.20.1-1.10.13.jar%23143!/:1.20.1-1.10.13]
	at de.teamlapen.vampirism.network.ServerboundToggleActionPacket.lambda$handle$4(ServerboundToggleActionPacket.java:84) ~[Vampirism-1.20.1-1.10.13.jar%23143!/:1.20.1-1.10.13]
	at net.minecraft.util.thread.BlockableEventLoop.m_18693_(BlockableEventLoop.java:67) ~[server-1.20.1-20230612.114412-srg.jar%23147!/:?]
	at java.util.concurrent.CompletableFuture$AsyncSupply.run(CompletableFuture.java:1768) ~[?:?]
	at net.minecraft.server.TickTask.run(TickTask.java:18) ~[server-1.20.1-20230612.114412-srg.jar%23147!/:?]
	at net.minecraft.util.thread.BlockableEventLoop.m_6367_(BlockableEventLoop.java:156) ~[server-1.20.1-20230612.114412-srg.jar%23147!/:?]
	at net.minecraft.util.thread.ReentrantBlockableEventLoop.m_6367_(ReentrantBlockableEventLoop.java:23) ~[server-1.20.1-20230612.114412-srg.jar%23147!/:?]
	at net.minecraft.server.MinecraftServer.m_6367_(MinecraftServer.java:770) ~[server-1.20.1-20230612.114412-srg.jar%23147!/:?]
	at net.minecraft.server.MinecraftServer.m_6367_(MinecraftServer.java:161) ~[server-1.20.1-20230612.114412-srg.jar%23147!/:?]
	at net.minecraft.util.thread.BlockableEventLoop.m_7245_(BlockableEventLoop.java:130) ~[server-1.20.1-20230612.114412-srg.jar%23147!/:?]
	at net.minecraft.server.MinecraftServer.m_129961_(MinecraftServer.java:753) ~[server-1.20.1-20230612.114412-srg.jar%23147!/:?]
	at net.minecraft.server.MinecraftServer.m_7245_(MinecraftServer.java:747) ~[server-1.20.1-20230612.114412-srg.jar%23147!/:?]
	at net.minecraft.util.thread.BlockableEventLoop.m_18699_(BlockableEventLoop.java:115) ~[server-1.20.1-20230612.114412-srg.jar%23147!/:?]
	at net.minecraft.server.MinecraftServer.m_130012_(MinecraftServer.java:732) ~[server-1.20.1-20230612.114412-srg.jar%23147!/:?]
	at net.minecraft.server.MinecraftServer.m_130011_(MinecraftServer.java:665) ~[server-1.20.1-20230612.114412-srg.jar%23147!/:?]
	at net.minecraft.server.MinecraftServer.m_206580_(MinecraftServer.java:251) ~[server-1.20.1-20230612.114412-srg.jar%23147!/:?]
	at java.lang.Thread.run(Thread.java:840) ~[?:?]
[16Oct2025 22:48:51.745] [Server thread/INFO] [net.minecraft.server.MinecraftServer/]: [JJForever1764: Set the weather to rain & thunder]
[16Oct2025 22:48:51.746] [Server thread/WARN] [de.teamlapen.vampirism.entity.factions.FactionPlayerHandler/]: Cannot get Faction player capability. This might break mod functionality.
java.lang.Throwable: null
	at de.teamlapen.vampirism.entity.factions.FactionPlayerHandler.getOpt(FactionPlayerHandler.java:71) ~[Vampirism-1.20.1-1.10.13.jar%23143!/:1.20.1-1.10.13]
	at de.teamlapen.vampirism.network.ServerboundToggleActionPacket.lambda$handle$4(ServerboundToggleActionPacket.java:84) ~[Vampirism-1.20.1-1.10.13.jar%23143!/:1.20.1-1.10.13]
	at net.minecraft.util.thread.BlockableEventLoop.m_18693_(BlockableEventLoop.java:67) ~[server-1.20.1-20230612.114412-srg.jar%23147!/:?]
	at java.util.concurrent.CompletableFuture$AsyncSupply.run(CompletableFuture.java:1768) ~[?:?]
	at net.minecraft.server.TickTask.run(TickTask.java:18) ~[server-1.20.1-20230612.114412-srg.jar%23147!/:?]
	at net.minecraft.util.thread.BlockableEventLoop.m_6367_(BlockableEventLoop.java:156) ~[server-1.20.1-20230612.114412-srg.jar%23147!/:?]
	at net.minecraft.util.thread.ReentrantBlockableEventLoop.m_6367_(ReentrantBlockableEventLoop.java:23) ~[server-1.20.1-20230612.114412-srg.jar%23147!/:?]
	at net.minecraft.server.MinecraftServer.m_6367_(MinecraftServer.java:770) ~[server-1.20.1-20230612.114412-srg.jar%23147!/:?]
	at net.minecraft.server.MinecraftServer.m_6367_(MinecraftServer.java:161) ~[server-1.20.1-20230612.114412-srg.jar%23147!/:?]
	at net.minecraft.util.thread.BlockableEventLoop.m_7245_(BlockableEventLoop.java:130) ~[server-1.20.1-20230612.114412-srg.jar%23147!/:?]
	at net.minecraft.server.MinecraftServer.m_129961_(MinecraftServer.java:753) ~[server-1.20.1-20230612.114412-srg.jar%23147!/:?]
	at net.minecraft.server.MinecraftServer.m_7245_(MinecraftServer.java:747) ~[server-1.20.1-20230612.114412-srg.jar%23147!/:?]
	at net.minecraft.util.thread.BlockableEventLoop.m_18699_(BlockableEventLoop.java:115) ~[server-1.20.1-20230612.114412-srg.jar%23147!/:?]
	at net.minecraft.server.MinecraftServer.m_130012_(MinecraftServer.java:732) ~[server-1.20.1-20230612.114412-srg.jar%23147!/:?]
	at net.minecraft.server.MinecraftServer.m_130011_(MinecraftServer.java:665) ~[server-1.20.1-20230612.114412-srg.jar%23147!/:?]
	at net.minecraft.server.MinecraftServer.m_206580_(MinecraftServer.java:251) ~[server-1.20.1-20230612.114412-srg.jar%23147!/:?]
	at java.lang.Thread.run(Thread.java:840) ~[?:?]
[16Oct2025 22:48:51.748] [Server thread/WARN] [de.teamlapen.vampirism.entity.factions.FactionPlayerHandler/]: Cannot get Faction player capability. This might break mod functionality.
java.lang.Throwable: null
	at de.teamlapen.vampirism.entity.factions.FactionPlayerHandler.getOpt(FactionPlayerHandler.java:71) ~[Vampirism-1.20.1-1.10.13.jar%23143!/:1.20.1-1.10.13]
	at de.teamlapen.vampirism.network.ServerboundToggleActionPacket.lambda$handle$4(ServerboundToggleActionPacket.java:84) ~[Vampirism-1.20.1-1.10.13.jar%23143!/:1.20.1-1.10.13]
	at net.minecraft.util.thread.BlockableEventLoop.m_18693_(BlockableEventLoop.java:67) ~[server-1.20.1-20230612.114412-srg.jar%23147!/:?]
	at java.util.concurrent.CompletableFuture$AsyncSupply.run(CompletableFuture.java:1768) ~[?:?]
	at net.minecraft.server.TickTask.run(TickTask.java:18) ~[server-1.20.1-20230612.114412-srg.jar%23147!/:?]
	at net.minecraft.util.thread.BlockableEventLoop.m_6367_(BlockableEventLoop.java:156) ~[server-1.20.1-20230612.114412-srg.jar%23147!/:?]
	at net.minecraft.util.thread.ReentrantBlockableEventLoop.m_6367_(ReentrantBlockableEventLoop.java:23) ~[server-1.20.1-20230612.114412-srg.jar%23147!/:?]
	at net.minecraft.server.MinecraftServer.m_6367_(MinecraftServer.java:770) ~[server-1.20.1-20230612.114412-srg.jar%23147!/:?]
	at net.minecraft.server.MinecraftServer.m_6367_(MinecraftServer.java:161) ~[server-1.20.1-20230612.114412-srg.jar%23147!/:?]
	at net.minecraft.util.thread.BlockableEventLoop.m_7245_(BlockableEventLoop.java:130) ~[server-1.20.1-20230612.114412-srg.jar%23147!/:?]
	at net.minecraft.server.MinecraftServer.m_129961_(MinecraftServer.java:753) ~[server-1.20.1-20230612.114412-srg.jar%23147!/:?]
	at net.minecraft.server.MinecraftServer.m_7245_(MinecraftServer.java:747) ~[server-1.20.1-20230612.114412-srg.jar%23147!/:?]
	at net.minecraft.util.thread.BlockableEventLoop.m_18699_(BlockableEventLoop.java:115) ~[server-1.20.1-20230612.114412-srg.jar%23147!/:?]
	at net.minecraft.server.MinecraftServer.m_130012_(MinecraftServer.java:732) ~[server-1.20.1-20230612.114412-srg.jar%23147!/:?]
	at net.minecraft.server.MinecraftServer.m_130011_(MinecraftServer.java:665) ~[server-1.20.1-20230612.114412-srg.jar%23147!/:?]
	at net.minecraft.server.MinecraftServer.m_206580_(MinecraftServer.java:251) ~[server-1.20.1-20230612.114412-srg.jar%23147!/:?]
	at java.lang.Thread.run(Thread.java:840) ~[?:?]
[16Oct2025 22:48:51.749] [Server thread/WARN] [de.teamlapen.vampirism.entity.factions.FactionPlayerHandler/]: Cannot get Faction player capability. This might break mod functionality.
java.lang.Throwable: null
	at de.teamlapen.vampirism.entity.factions.FactionPlayerHandler.getOpt(FactionPlayerHandler.java:71) ~[Vampirism-1.20.1-1.10.13.jar%23143!/:1.20.1-1.10.13]
	at de.teamlapen.vampirism.network.ServerboundToggleActionPacket.lambda$handle$4(ServerboundToggleActionPacket.java:84) ~[Vampirism-1.20.1-1.10.13.jar%23143!/:1.20.1-1.10.13]
	at net.minecraft.util.thread.BlockableEventLoop.m_18693_(BlockableEventLoop.java:67) ~[server-1.20.1-20230612.114412-srg.jar%23147!/:?]
	at java.util.concurrent.CompletableFuture$AsyncSupply.run(CompletableFuture.java:1768) ~[?:?]
	at net.minecraft.server.TickTask.run(TickTask.java:18) ~[server-1.20.1-20230612.114412-srg.jar%23147!/:?]
	at net.minecraft.util.thread.BlockableEventLoop.m_6367_(BlockableEventLoop.java:156) ~[server-1.20.1-20230612.114412-srg.jar%23147!/:?]
	at net.minecraft.util.thread.ReentrantBlockableEventLoop.m_6367_(ReentrantBlockableEventLoop.java:23) ~[server-1.20.1-20230612.114412-srg.jar%23147!/:?]
	at net.minecraft.server.MinecraftServer.m_6367_(MinecraftServer.java:770) ~[server-1.20.1-20230612.114412-srg.jar%23147!/:?]
	at net.minecraft.server.MinecraftServer.m_6367_(MinecraftServer.java:161) ~[server-1.20.1-20230612.114412-srg.jar%23147!/:?]
	at net.minecraft.util.thread.BlockableEventLoop.m_7245_(BlockableEventLoop.java:130) ~[server-1.20.1-20230612.114412-srg.jar%23147!/:?]
	at net.minecraft.server.MinecraftServer.m_129961_(MinecraftServer.java:753) ~[server-1.20.1-20230612.114412-srg.jar%23147!/:?]
	at net.minecraft.server.MinecraftServer.m_7245_(MinecraftServer.java:747) ~[server-1.20.1-20230612.114412-srg.jar%23147!/:?]
	at net.minecraft.util.thread.BlockableEventLoop.m_18699_(BlockableEventLoop.java:115) ~[server-1.20.1-20230612.114412-srg.jar%23147!/:?]
	at net.minecraft.server.MinecraftServer.m_130012_(MinecraftServer.java:732) ~[server-1.20.1-20230612.114412-srg.jar%23147!/:?]
	at net.minecraft.server.MinecraftServer.m_130011_(MinecraftServer.java:665) ~[server-1.20.1-20230612.114412-srg.jar%23147!/:?]
	at net.minecraft.server.MinecraftServer.m_206580_(MinecraftServer.java:251) ~[server-1.20.1-20230612.114412-srg.jar%23147!/:?]
	at java.lang.Thread.run(Thread.java:840) ~[?:?]
[16Oct2025 22:48:52.141] [Server thread/WARN] [de.teamlapen.vampirism.entity.factions.FactionPlayerHandler/]: Cannot get Faction player capability. This might break mod functionality.
java.lang.Throwable: null
	at de.teamlapen.vampirism.entity.factions.FactionPlayerHandler.getOpt(FactionPlayerHandler.java:71) ~[Vampirism-1.20.1-1.10.13.jar%23143!/:1.20.1-1.10.13]
	at de.teamlapen.vampirism.network.ServerboundToggleActionPacket.lambda$handle$4(ServerboundToggleActionPacket.java:84) ~[Vampirism-1.20.1-1.10.13.jar%23143!/:1.20.1-1.10.13]
	at net.minecraft.util.thread.BlockableEventLoop.m_18693_(BlockableEventLoop.java:67) ~[server-1.20.1-20230612.114412-srg.jar%23147!/:?]
	at java.util.concurrent.CompletableFuture$AsyncSupply.run(CompletableFuture.java:1768) ~[?:?]
	at net.minecraft.server.TickTask.run(TickTask.java:18) ~[server-1.20.1-20230612.114412-srg.jar%23147!/:?]
	at net.minecraft.util.thread.BlockableEventLoop.m_6367_(BlockableEventLoop.java:156) ~[server-1.20.1-20230612.114412-srg.jar%23147!/:?]
	at net.minecraft.util.thread.ReentrantBlockableEventLoop.m_6367_(ReentrantBlockableEventLoop.java:23) ~[server-1.20.1-20230612.114412-srg.jar%23147!/:?]
	at net.minecraft.server.MinecraftServer.m_6367_(MinecraftServer.java:770) ~[server-1.20.1-20230612.114412-srg.jar%23147!/:?]
	at net.minecraft.server.MinecraftServer.m_6367_(MinecraftServer.java:161) ~[server-1.20.1-20230612.114412-srg.jar%23147!/:?]
	at net.minecraft.util.thread.BlockableEventLoop.m_7245_(BlockableEventLoop.java:130) ~[server-1.20.1-20230612.114412-srg.jar%23147!/:?]
	at net.minecraft.server.MinecraftServer.m_129961_(MinecraftServer.java:753) ~[server-1.20.1-20230612.114412-srg.jar%23147!/:?]
	at net.minecraft.server.MinecraftServer.m_7245_(MinecraftServer.java:747) ~[server-1.20.1-20230612.114412-srg.jar%23147!/:?]
	at net.minecraft.util.thread.BlockableEventLoop.m_18699_(BlockableEventLoop.java:115) ~[server-1.20.1-20230612.114412-srg.jar%23147!/:?]
	at net.minecraft.server.MinecraftServer.m_130012_(MinecraftServer.java:732) ~[server-1.20.1-20230612.114412-srg.jar%23147!/:?]
	at net.minecraft.server.MinecraftServer.m_130011_(MinecraftServer.java:665) ~[server-1.20.1-20230612.114412-srg.jar%23147!/:?]
	at net.minecraft.server.MinecraftServer.m_206580_(MinecraftServer.java:251) ~[server-1.20.1-20230612.114412-srg.jar%23147!/:?]
	at java.lang.Thread.run(Thread.java:840) ~[?:?]
[16Oct2025 22:48:52.142] [Server thread/WARN] [de.teamlapen.vampirism.entity.factions.FactionPlayerHandler/]: Cannot get Faction player capability. This might break mod functionality.
java.lang.Throwable: null
	at de.teamlapen.vampirism.entity.factions.FactionPlayerHandler.getOpt(FactionPlayerHandler.java:71) ~[Vampirism-1.20.1-1.10.13.jar%23143!/:1.20.1-1.10.13]
	at de.teamlapen.vampirism.network.ServerboundToggleActionPacket.lambda$handle$4(ServerboundToggleActionPacket.java:84) ~[Vampirism-1.20.1-1.10.13.jar%23143!/:1.20.1-1.10.13]
	at net.minecraft.util.thread.BlockableEventLoop.m_18693_(BlockableEventLoop.java:67) ~[server-1.20.1-20230612.114412-srg.jar%23147!/:?]
	at java.util.concurrent.CompletableFuture$AsyncSupply.run(CompletableFuture.java:1768) ~[?:?]
	at net.minecraft.server.TickTask.run(TickTask.java:18) ~[server-1.20.1-20230612.114412-srg.jar%23147!/:?]
	at net.minecraft.util.thread.BlockableEventLoop.m_6367_(BlockableEventLoop.java:156) ~[server-1.20.1-20230612.114412-srg.jar%23147!/:?]
	at net.minecraft.util.thread.ReentrantBlockableEventLoop.m_6367_(ReentrantBlockableEventLoop.java:23) ~[server-1.20.1-20230612.114412-srg.jar%23147!/:?]
	at net.minecraft.server.MinecraftServer.m_6367_(MinecraftServer.java:770) ~[server-1.20.1-20230612.114412-srg.jar%23147!/:?]
	at net.minecraft.server.MinecraftServer.m_6367_(MinecraftServer.java:161) ~[server-1.20.1-20230612.114412-srg.jar%23147!/:?]
	at net.minecraft.util.thread.BlockableEventLoop.m_7245_(BlockableEventLoop.java:130) ~[server-1.20.1-20230612.114412-srg.jar%23147!/:?]
	at net.minecraft.server.MinecraftServer.m_129961_(MinecraftServer.java:753) ~[server-1.20.1-20230612.114412-srg.jar%23147!/:?]
	at net.minecraft.server.MinecraftServer.m_7245_(MinecraftServer.java:747) ~[server-1.20.1-20230612.114412-srg.jar%23147!/:?]
	at net.minecraft.util.thread.BlockableEventLoop.m_18699_(BlockableEventLoop.java:115) ~[server-1.20.1-20230612.114412-srg.jar%23147!/:?]
	at net.minecraft.server.MinecraftServer.m_130012_(MinecraftServer.java:732) ~[server-1.20.1-20230612.114412-srg.jar%23147!/:?]
	at net.minecraft.server.MinecraftServer.m_130011_(MinecraftServer.java:665) ~[server-1.20.1-20230612.114412-srg.jar%23147!/:?]
	at net.minecraft.server.MinecraftServer.m_206580_(MinecraftServer.java:251) ~[server-1.20.1-20230612.114412-srg.jar%23147!/:?]
	at java.lang.Thread.run(Thread.java:840) ~[?:?]
[16Oct2025 22:48:52.143] [Server thread/WARN] [de.teamlapen.vampirism.entity.factions.FactionPlayerHandler/]: Cannot get Faction player capability. This might break mod functionality.
java.lang.Throwable: null
	at de.teamlapen.vampirism.entity.factions.FactionPlayerHandler.getOpt(FactionPlayerHandler.java:71) ~[Vampirism-1.20.1-1.10.13.jar%23143!/:1.20.1-1.10.13]
	at de.teamlapen.vampirism.network.ServerboundToggleActionPacket.lambda$handle$4(ServerboundToggleActionPacket.java:84) ~[Vampirism-1.20.1-1.10.13.jar%23143!/:1.20.1-1.10.13]
	at net.minecraft.util.thread.BlockableEventLoop.m_18693_(BlockableEventLoop.java:67) ~[server-1.20.1-20230612.114412-srg.jar%23147!/:?]
	at java.util.concurrent.CompletableFuture$AsyncSupply.run(CompletableFuture.java:1768) ~[?:?]
	at net.minecraft.server.TickTask.run(TickTask.java:18) ~[server-1.20.1-20230612.114412-srg.jar%23147!/:?]
	at net.minecraft.util.thread.BlockableEventLoop.m_6367_(BlockableEventLoop.java:156) ~[server-1.20.1-20230612.114412-srg.jar%23147!/:?]
	at net.minecraft.util.thread.ReentrantBlockableEventLoop.m_6367_(ReentrantBlockableEventLoop.java:23) ~[server-1.20.1-20230612.114412-srg.jar%23147!/:?]
	at net.minecraft.server.MinecraftServer.m_6367_(MinecraftServer.java:770) ~[server-1.20.1-20230612.114412-srg.jar%23147!/:?]
	at net.minecraft.server.MinecraftServer.m_6367_(MinecraftServer.java:161) ~[server-1.20.1-20230612.114412-srg.jar%23147!/:?]
	at net.minecraft.util.thread.BlockableEventLoop.m_7245_(BlockableEventLoop.java:130) ~[server-1.20.1-20230612.114412-srg.jar%23147!/:?]
	at net.minecraft.server.MinecraftServer.m_129961_(MinecraftServer.java:753) ~[server-1.20.1-20230612.114412-srg.jar%23147!/:?]
	at net.minecraft.server.MinecraftServer.m_7245_(MinecraftServer.java:747) ~[server-1.20.1-20230612.114412-srg.jar%23147!/:?]
	at net.minecraft.util.thread.BlockableEventLoop.m_18699_(BlockableEventLoop.java:115) ~[server-1.20.1-20230612.114412-srg.jar%23147!/:?]
	at net.minecraft.server.MinecraftServer.m_130012_(MinecraftServer.java:732) ~[server-1.20.1-20230612.114412-srg.jar%23147!/:?]
	at net.minecraft.server.MinecraftServer.m_130011_(MinecraftServer.java:665) ~[server-1.20.1-20230612.114412-srg.jar%23147!/:?]
	at net.minecraft.server.MinecraftServer.m_206580_(MinecraftServer.java:251) ~[server-1.20.1-20230612.114412-srg.jar%23147!/:?]
	at java.lang.Thread.run(Thread.java:840) ~[?:?]
[16Oct2025 22:48:52.568] [Server thread/WARN] [net.minecraft.server.MinecraftServer/]: Can't keep up! Is the server overloaded? Running 20776ms or 415 ticks behind
[16Oct2025 22:48:54.495] [Netty Epoll Server IO #5/DEBUG] [net.minecraftforge.network.HandshakeHandler/FMLHANDSHAKE]: Starting new modded impl connection. Found 46 messages to dispatch.
[16Oct2025 22:48:54.542] [Server thread/DEBUG] [net.minecraftforge.network.HandshakeHandler/FMLHANDSHAKE]: Sending ticking packet info 'com.tacz.guns.network.message.handshake.ServerMessageSyncedEntityDataMapping' to 'tacz:handshake' sequence 0
[16Oct2025 22:48:54.592] [Server thread/DEBUG] [net.minecraftforge.network.HandshakeHandler/FMLHANDSHAKE]: Sending ticking packet info 'net.minecraftforge.network.HandshakeMessages$S2CModData' to 'fml:handshake' sequence 1
[16Oct2025 22:48:54.642] [Server thread/DEBUG] [net.minecraftforge.network.HandshakeHandler/FMLHANDSHAKE]: Sending ticking packet info 'net.minecraftforge.network.HandshakeMessages$S2CModList' to 'fml:handshake' sequence 2
[16Oct2025 22:48:54.673] [Netty Epoll Server IO #5/DEBUG] [net.minecraftforge.network.LoginWrapper/FMLHANDSHAKE]: Recieved login wrapper packet event for channel tacz:handshake with index 0
[16Oct2025 22:48:54.673] [Netty Epoll Server IO #5/DEBUG] [net.minecraftforge.network.HandshakeHandler/FMLHANDSHAKE]: Received client indexed reply 0 of type com.tacz.guns.network.message.handshake.Acknowledge
[16Oct2025 22:48:54.673] [Netty Epoll Server IO #5/DEBUG] [tacz/HANDSHAKE_ACKNOWLEDGE]: Received acknowledgement from client
[16Oct2025 22:48:54.692] [Server thread/DEBUG] [net.minecraftforge.network.HandshakeHandler/FMLHANDSHAKE]: Sending ticking packet info 'Registry minecraft:command_argument_type' to 'fml:handshake' sequence 3
[16Oct2025 22:48:54.742] [Server thread/DEBUG] [net.minecraftforge.network.HandshakeHandler/FMLHANDSHAKE]: Sending ticking packet info 'Registry irons_spellbooks:schools' to 'fml:handshake' sequence 4
[16Oct2025 22:48:54.772] [Netty Epoll Server IO #5/DEBUG] [net.minecraftforge.network.LoginWrapper/FMLHANDSHAKE]: Recieved login wrapper packet event for channel fml:handshake with index 2
[16Oct2025 22:48:54.772] [Netty Epoll Server IO #5/DEBUG] [net.minecraftforge.network.HandshakeHandler/FMLHANDSHAKE]: Received client indexed reply 2 of type net.minecraftforge.network.HandshakeMessages$C2SModListReply
[16Oct2025 22:48:54.772] [Netty Epoll Server IO #5/DEBUG] [net.minecraftforge.network.HandshakeHandler/FMLHANDSHAKE]: Received client connection with modlist [minecraft, immersiveui, trade_cycling, pick_up_tnt, mcef, geckolib, playeranimator, jei, tacz, a_good_place, caelus, sophisticatedcore, iceberg, curios, legendarytooltips, xaerominimap, xaeroworldmap, prism, citadel, alexscaves, irons_spellbooks, aaa_particles, mixinextras, tombstone, sophisticatedbackpacks, coroutil, architectury, octolib, aaa_particles_world, vampirism, teamlapenlib, iceandfire, crucifix, watut, forge, tlskincape, webdisplays, endermail]
[16Oct2025 22:48:54.772] [Netty Epoll Server IO #5/DEBUG] [net.minecraftforge.network.NetworkRegistry/NETREGISTRY]: Channel 'teamlapenlib:main' : Version test of '1' from client : ACCEPTED
[16Oct2025 22:48:54.772] [Netty Epoll Server IO #5/DEBUG] [net.minecraftforge.network.NetworkRegistry/NETREGISTRY]: Channel 'watut:main' : Version test of '4' from client : ACCEPTED
[16Oct2025 22:48:54.772] [Netty Epoll Server IO #5/DEBUG] [net.minecraftforge.network.NetworkRegistry/NETREGISTRY]: Channel 'alexscaves:main_channel' : Version test of '1' from client : ACCEPTED
[16Oct2025 22:48:54.772] [Netty Epoll Server IO #5/DEBUG] [net.minecraftforge.network.NetworkRegistry/NETREGISTRY]: Channel 'architectury:network' : Version test of '1' from client : ACCEPTED
[16Oct2025 22:48:54.772] [Netty Epoll Server IO #5/DEBUG] [net.minecraftforge.network.NetworkRegistry/NETREGISTRY]: Channel 'endermail:endermail' : Version test of '1.0' from client : ACCEPTED
[16Oct2025 22:48:54.772] [Netty Epoll Server IO #5/DEBUG] [net.minecraftforge.network.NetworkRegistry/NETREGISTRY]: Channel 'webdisplays:packetsystem' : Version test of '2' from client : ACCEPTED
[16Oct2025 22:48:54.772] [Netty Epoll Server IO #5/DEBUG] [net.minecraftforge.network.NetworkRegistry/NETREGISTRY]: Channel 'jei:channel' : Version test of '1.0.0' from client : ACCEPTED
[16Oct2025 22:48:54.772] [Netty Epoll Server IO #5/DEBUG] [net.minecraftforge.network.NetworkRegistry/NETREGISTRY]: Channel 'minecraft:unregister' : Version test of 'FML3' from client : ACCEPTED
[16Oct2025 22:48:54.772] [Netty Epoll Server IO #5/DEBUG] [net.minecraftforge.network.NetworkRegistry/NETREGISTRY]: Channel 'sophisticatedbackpacks:channel' : Version test of '1' from client : ACCEPTED
[16Oct2025 22:48:54.772] [Netty Epoll Server IO #5/DEBUG] [net.minecraftforge.network.NetworkRegistry/NETREGISTRY]: Channel 'citadel:main_channel' : Version test of '1' from client : ACCEPTED
[16Oct2025 22:48:54.772] [Netty Epoll Server IO #5/DEBUG] [net.minecraftforge.network.NetworkRegistry/NETREGISTRY]: Channel 'iceandfire:main_channel' : Version test of '1' from client : ACCEPTED
[16Oct2025 22:48:54.772] [Netty Epoll Server IO #5/DEBUG] [net.minecraftforge.network.NetworkRegistry/NETREGISTRY]: Channel 'trade_cycling:cycle_trades' : Version test of 'ALLOWVANILLA 💓💓💓' from client : ACCEPTED
[16Oct2025 22:48:54.772] [Netty Epoll Server IO #5/DEBUG] [net.minecraftforge.network.NetworkRegistry/NETREGISTRY]: Channel 'tacz:handshake' : Version test of '1.0.4' from client : ACCEPTED
[16Oct2025 22:48:54.772] [Netty Epoll Server IO #5/DEBUG] [net.minecraftforge.network.NetworkRegistry/NETREGISTRY]: Channel 'curios:main' : Version test of '1' from client : ACCEPTED
[16Oct2025 22:48:54.772] [Netty Epoll Server IO #5/DEBUG] [net.minecraftforge.network.NetworkRegistry/NETREGISTRY]: Channel 'irons_spellbooks:messages' : Version test of '1.0' from client : ACCEPTED
[16Oct2025 22:48:54.772] [Netty Epoll Server IO #5/DEBUG] [net.minecraftforge.network.NetworkRegistry/NETREGISTRY]: Channel 'fml:loginwrapper' : Version test of 'FML3' from client : ACCEPTED
[16Oct2025 22:48:54.772] [Netty Epoll Server IO #5/DEBUG] [net.minecraftforge.network.NetworkRegistry/NETREGISTRY]: Channel 'forge:tier_sorting' : Version test of '1.0' from client : ACCEPTED
[16Oct2025 22:48:54.772] [Netty Epoll Server IO #5/DEBUG] [net.minecraftforge.network.NetworkRegistry/NETREGISTRY]: Channel 'crucifix:crucifix' : Version test of '1' from client : ACCEPTED
[16Oct2025 22:48:54.772] [Netty Epoll Server IO #5/DEBUG] [net.minecraftforge.network.NetworkRegistry/NETREGISTRY]: Channel 'tombstone:tombstone_channel' : Version test of 'tombstone-9.0.9' from client : ACCEPTED
[16Oct2025 22:48:54.772] [Netty Epoll Server IO #5/DEBUG] [net.minecraftforge.network.NetworkRegistry/NETREGISTRY]: Channel 'fml:play' : Version test of 'FML3' from client : ACCEPTED
[16Oct2025 22:48:54.772] [Netty Epoll Server IO #5/DEBUG] [net.minecraftforge.network.NetworkRegistry/NETREGISTRY]: Channel 'sophisticatedcore:channel' : Version test of '1' from client : ACCEPTED
[16Oct2025 22:48:54.772] [Netty Epoll Server IO #5/DEBUG] [net.minecraftforge.network.NetworkRegistry/NETREGISTRY]: Channel 'caelus:main' : Version test of '1' from client : ACCEPTED
[16Oct2025 22:48:54.772] [Netty Epoll Server IO #5/DEBUG] [net.minecraftforge.network.NetworkRegistry/NETREGISTRY]: Channel 'fml:handshake' : Version test of 'FML3' from client : ACCEPTED
[16Oct2025 22:48:54.773] [Netty Epoll Server IO #5/DEBUG] [net.minecraftforge.network.NetworkRegistry/NETREGISTRY]: Channel 'vampirism:main' : Version test of '1' from client : ACCEPTED
[16Oct2025 22:48:54.773] [Netty Epoll Server IO #5/DEBUG] [net.minecraftforge.network.NetworkRegistry/NETREGISTRY]: Channel 'minecraft:register' : Version test of 'FML3' from client : ACCEPTED
[16Oct2025 22:48:54.773] [Netty Epoll Server IO #5/DEBUG] [net.minecraftforge.network.NetworkRegistry/NETREGISTRY]: Channel 'forge:split' : Version test of '1.1' from client : ACCEPTED
[16Oct2025 22:48:54.773] [Netty Epoll Server IO #5/DEBUG] [net.minecraftforge.network.NetworkRegistry/NETREGISTRY]: Channel 'tacz:network' : Version test of '1.0.4' from client : ACCEPTED
[16Oct2025 22:48:54.773] [Netty Epoll Server IO #5/DEBUG] [net.minecraftforge.network.NetworkRegistry/NETREGISTRY]: Channel 'geckolib:main' : Version test of '1' from client : ACCEPTED
[16Oct2025 22:48:54.773] [Netty Epoll Server IO #5/DEBUG] [net.minecraftforge.network.NetworkRegistry/NETREGISTRY]: Accepting channel list from client
[16Oct2025 22:48:54.773] [Netty Epoll Server IO #5/DEBUG] [net.minecraftforge.network.HandshakeHandler/FMLHANDSHAKE]: Accepted client connection mod list
[16Oct2025 22:48:54.792] [Server thread/DEBUG] [net.minecraftforge.network.HandshakeHandler/FMLHANDSHAKE]: Sending ticking packet info 'Registry minecraft:villager_profession' to 'fml:handshake' sequence 5
[16Oct2025 22:48:54.824] [Netty Epoll Server IO #5/DEBUG] [net.minecraftforge.network.LoginWrapper/FMLHANDSHAKE]: Recieved login wrapper packet event for channel fml:handshake with index 3
[16Oct2025 22:48:54.824] [Netty Epoll Server IO #5/DEBUG] [net.minecraftforge.network.HandshakeHandler/FMLHANDSHAKE]: Received client indexed reply 3 of type net.minecraftforge.network.HandshakeMessages$C2SAcknowledge
[16Oct2025 22:48:54.824] [Netty Epoll Server IO #5/DEBUG] [net.minecraftforge.network.HandshakeHandler/FMLHANDSHAKE]: Received acknowledgement from client
[16Oct2025 22:48:54.842] [Server thread/DEBUG] [net.minecraftforge.network.HandshakeHandler/FMLHANDSHAKE]: Sending ticking packet info 'Registry minecraft:item' to 'fml:handshake' sequence 6
[16Oct2025 22:48:54.874] [Netty Epoll Server IO #5/DEBUG] [net.minecraftforge.network.LoginWrapper/FMLHANDSHAKE]: Recieved login wrapper packet event for channel fml:handshake with index 4
[16Oct2025 22:48:54.874] [Netty Epoll Server IO #5/DEBUG] [net.minecraftforge.network.HandshakeHandler/FMLHANDSHAKE]: Received client indexed reply 4 of type net.minecraftforge.network.HandshakeMessages$C2SAcknowledge
[16Oct2025 22:48:54.874] [Netty Epoll Server IO #5/DEBUG] [net.minecraftforge.network.HandshakeHandler/FMLHANDSHAKE]: Received acknowledgement from client
[16Oct2025 22:48:54.892] [Server thread/DEBUG] [net.minecraftforge.network.HandshakeHandler/FMLHANDSHAKE]: Sending ticking packet info 'Registry minecraft:potion' to 'fml:handshake' sequence 7
[16Oct2025 22:48:54.924] [Netty Epoll Server IO #5/DEBUG] [net.minecraftforge.network.LoginWrapper/FMLHANDSHAKE]: Recieved login wrapper packet event for channel fml:handshake with index 5
[16Oct2025 22:48:54.924] [Netty Epoll Server IO #5/DEBUG] [net.minecraftforge.network.HandshakeHandler/FMLHANDSHAKE]: Received client indexed reply 5 of type net.minecraftforge.network.HandshakeMessages$C2SAcknowledge
[16Oct2025 22:48:54.924] [Netty Epoll Server IO #5/DEBUG] [net.minecraftforge.network.HandshakeHandler/FMLHANDSHAKE]: Received acknowledgement from client
[16Oct2025 22:48:54.942] [Server thread/DEBUG] [net.minecraftforge.network.HandshakeHandler/FMLHANDSHAKE]: Sending ticking packet info 'Registry vampirism:refinement' to 'fml:handshake' sequence 8
[16Oct2025 22:48:54.992] [Server thread/DEBUG] [net.minecraftforge.network.HandshakeHandler/FMLHANDSHAKE]: Sending ticking packet info 'Registry minecraft:block_entity_type' to 'fml:handshake' sequence 9
[16Oct2025 22:48:55.042] [Server thread/DEBUG] [net.minecraftforge.network.HandshakeHandler/FMLHANDSHAKE]: Sending ticking packet info 'Registry forge:display_contexts' to 'fml:handshake' sequence 10
[16Oct2025 22:48:55.092] [Server thread/DEBUG] [net.minecraftforge.network.HandshakeHandler/FMLHANDSHAKE]: Sending ticking packet info 'Registry vampirism:task_unlocker' to 'fml:handshake' sequence 11
[16Oct2025 22:48:55.142] [Server thread/DEBUG] [net.minecraftforge.network.HandshakeHandler/FMLHANDSHAKE]: Sending ticking packet info 'Registry irons_spellbooks:spells' to 'fml:handshake' sequence 12
[16Oct2025 22:48:55.192] [Server thread/DEBUG] [net.minecraftforge.network.HandshakeHandler/FMLHANDSHAKE]: Sending ticking packet info 'Registry vampirism:miniontasks' to 'fml:handshake' sequence 13
[16Oct2025 22:48:55.242] [Server thread/DEBUG] [net.minecraftforge.network.HandshakeHandler/FMLHANDSHAKE]: Sending ticking packet info 'Registry minecraft:stat_type' to 'fml:handshake' sequence 14
[16Oct2025 22:48:55.273] [Netty Epoll Server IO #5/DEBUG] [net.minecraftforge.network.LoginWrapper/FMLHANDSHAKE]: Recieved login wrapper packet event for channel fml:handshake with index 6
[16Oct2025 22:48:55.273] [Netty Epoll Server IO #5/DEBUG] [net.minecraftforge.network.HandshakeHandler/FMLHANDSHAKE]: Received client indexed reply 6 of type net.minecraftforge.network.HandshakeMessages$C2SAcknowledge
[16Oct2025 22:48:55.273] [Netty Epoll Server IO #5/DEBUG] [net.minecraftforge.network.HandshakeHandler/FMLHANDSHAKE]: Received acknowledgement from client
[16Oct2025 22:48:55.273] [Netty Epoll Server IO #5/DEBUG] [net.minecraftforge.network.LoginWrapper/FMLHANDSHAKE]: Recieved login wrapper packet event for channel fml:handshake with index 7
[16Oct2025 22:48:55.273] [Netty Epoll Server IO #5/DEBUG] [net.minecraftforge.network.HandshakeHandler/FMLHANDSHAKE]: Received client indexed reply 7 of type net.minecraftforge.network.HandshakeMessages$C2SAcknowledge
[16Oct2025 22:48:55.273] [Netty Epoll Server IO #5/DEBUG] [net.minecraftforge.network.HandshakeHandler/FMLHANDSHAKE]: Received acknowledgement from client
[16Oct2025 22:48:55.273] [Netty Epoll Server IO #5/DEBUG] [net.minecraftforge.network.LoginWrapper/FMLHANDSHAKE]: Recieved login wrapper packet event for channel fml:handshake with index 8
[16Oct2025 22:48:55.273] [Netty Epoll Server IO #5/DEBUG] [net.minecraftforge.network.HandshakeHandler/FMLHANDSHAKE]: Received client indexed reply 8 of type net.minecraftforge.network.HandshakeMessages$C2SAcknowledge
[16Oct2025 22:48:55.273] [Netty Epoll Server IO #5/DEBUG] [net.minecraftforge.network.HandshakeHandler/FMLHANDSHAKE]: Received acknowledgement from client
[16Oct2025 22:48:55.273] [Netty Epoll Server IO #5/DEBUG] [net.minecraftforge.network.LoginWrapper/FMLHANDSHAKE]: Recieved login wrapper packet event for channel fml:handshake with index 9
[16Oct2025 22:48:55.273] [Netty Epoll Server IO #5/DEBUG] [net.minecraftforge.network.HandshakeHandler/FMLHANDSHAKE]: Received client indexed reply 9 of type net.minecraftforge.network.HandshakeMessages$C2SAcknowledge
[16Oct2025 22:48:55.273] [Netty Epoll Server IO #5/DEBUG] [net.minecraftforge.network.HandshakeHandler/FMLHANDSHAKE]: Received acknowledgement from client
[16Oct2025 22:48:55.273] [Netty Epoll Server IO #5/DEBUG] [net.minecraftforge.network.LoginWrapper/FMLHANDSHAKE]: Recieved login wrapper packet event for channel fml:handshake with index 10
[16Oct2025 22:48:55.273] [Netty Epoll Server IO #5/DEBUG] [net.minecraftforge.network.HandshakeHandler/FMLHANDSHAKE]: Received client indexed reply 10 of type net.minecraftforge.network.HandshakeMessages$C2SAcknowledge
[16Oct2025 22:48:55.273] [Netty Epoll Server IO #5/DEBUG] [net.minecraftforge.network.HandshakeHandler/FMLHANDSHAKE]: Received acknowledgement from client
[16Oct2025 22:48:55.274] [Netty Epoll Server IO #5/DEBUG] [net.minecraftforge.network.LoginWrapper/FMLHANDSHAKE]: Recieved login wrapper packet event for channel fml:handshake with index 11
[16Oct2025 22:48:55.274] [Netty Epoll Server IO #5/DEBUG] [net.minecraftforge.network.HandshakeHandler/FMLHANDSHAKE]: Received client indexed reply 11 of type net.minecraftforge.network.HandshakeMessages$C2SAcknowledge
[16Oct2025 22:48:55.274] [Netty Epoll Server IO #5/DEBUG] [net.minecraftforge.network.HandshakeHandler/FMLHANDSHAKE]: Received acknowledgement from client
[16Oct2025 22:48:55.294] [Server thread/DEBUG] [net.minecraftforge.network.HandshakeHandler/FMLHANDSHAKE]: Sending ticking packet info 'Registry vampirism:skills' to 'fml:handshake' sequence 15
[16Oct2025 22:48:55.311] [Netty Epoll Server IO #5/DEBUG] [net.minecraftforge.network.LoginWrapper/FMLHANDSHAKE]: Recieved login wrapper packet event for channel fml:handshake with index 12
[16Oct2025 22:48:55.311] [Netty Epoll Server IO #5/DEBUG] [net.minecraftforge.network.HandshakeHandler/FMLHANDSHAKE]: Received client indexed reply 12 of type net.minecraftforge.network.HandshakeMessages$C2SAcknowledge
[16Oct2025 22:48:55.311] [Netty Epoll Server IO #5/DEBUG] [net.minecraftforge.network.HandshakeHandler/FMLHANDSHAKE]: Received acknowledgement from client
[16Oct2025 22:48:55.322] [Netty Epoll Server IO #5/DEBUG] [net.minecraftforge.network.LoginWrapper/FMLHANDSHAKE]: Recieved login wrapper packet event for channel fml:handshake with index 13
[16Oct2025 22:48:55.322] [Netty Epoll Server IO #5/DEBUG] [net.minecraftforge.network.HandshakeHandler/FMLHANDSHAKE]: Received client indexed reply 13 of type net.minecraftforge.network.HandshakeMessages$C2SAcknowledge
[16Oct2025 22:48:55.322] [Netty Epoll Server IO #5/DEBUG] [net.minecraftforge.network.HandshakeHandler/FMLHANDSHAKE]: Received acknowledgement from client
[16Oct2025 22:48:55.344] [Server thread/DEBUG] [net.minecraftforge.network.HandshakeHandler/FMLHANDSHAKE]: Sending ticking packet info 'Registry minecraft:menu' to 'fml:handshake' sequence 16
[16Oct2025 22:48:55.372] [Netty Epoll Server IO #5/DEBUG] [net.minecraftforge.network.LoginWrapper/FMLHANDSHAKE]: Recieved login wrapper packet event for channel fml:handshake with index 14
[16Oct2025 22:48:55.372] [Netty Epoll Server IO #5/DEBUG] [net.minecraftforge.network.HandshakeHandler/FMLHANDSHAKE]: Received client indexed reply 14 of type net.minecraftforge.network.HandshakeMessages$C2SAcknowledge
[16Oct2025 22:48:55.372] [Netty Epoll Server IO #5/DEBUG] [net.minecraftforge.network.HandshakeHandler/FMLHANDSHAKE]: Received acknowledgement from client
[16Oct2025 22:48:55.392] [Server thread/DEBUG] [net.minecraftforge.network.HandshakeHandler/FMLHANDSHAKE]: Sending ticking packet info 'Registry vampirism:actions' to 'fml:handshake' sequence 17
[16Oct2025 22:48:55.423] [Netty Epoll Server IO #5/DEBUG] [net.minecraftforge.network.LoginWrapper/FMLHANDSHAKE]: Recieved login wrapper packet event for channel fml:handshake with index 15
[16Oct2025 22:48:55.424] [Netty Epoll Server IO #5/DEBUG] [net.minecraftforge.network.HandshakeHandler/FMLHANDSHAKE]: Received client indexed reply 15 of type net.minecraftforge.network.HandshakeMessages$C2SAcknowledge
[16Oct2025 22:48:55.424] [Netty Epoll Server IO #5/DEBUG] [net.minecraftforge.network.HandshakeHandler/FMLHANDSHAKE]: Received acknowledgement from client
[16Oct2025 22:48:55.444] [Server thread/DEBUG] [net.minecraftforge.network.HandshakeHandler/FMLHANDSHAKE]: Sending ticking packet info 'Registry vampirism:refinement_set' to 'fml:handshake' sequence 18
[16Oct2025 22:48:55.493] [Server thread/INFO] [net.minecraft.server.network.ServerLoginPacketListenerImpl/]: com.mojang.authlib.GameProfile@3ebdb8a9[id=<null>,name=Nexus2012,properties={},legacy=false] (/127.76.121.154:37303) lost connection: Disconnected
[16Oct2025 22:48:56.260] [Netty Epoll Server IO #6/DEBUG] [net.minecraftforge.network.HandshakeHandler/FMLHANDSHAKE]: Starting new modded impl connection. Found 46 messages to dispatch.
[16Oct2025 22:48:56.292] [Server thread/DEBUG] [net.minecraftforge.network.HandshakeHandler/FMLHANDSHAKE]: Sending ticking packet info 'com.tacz.guns.network.message.handshake.ServerMessageSyncedEntityDataMapping' to 'tacz:handshake' sequence 0
[16Oct2025 22:48:56.342] [Server thread/DEBUG] [net.minecraftforge.network.HandshakeHandler/FMLHANDSHAKE]: Sending ticking packet info 'net.minecraftforge.network.HandshakeMessages$S2CModData' to 'fml:handshake' sequence 1
[16Oct2025 22:48:56.392] [Server thread/DEBUG] [net.minecraftforge.network.HandshakeHandler/FMLHANDSHAKE]: Sending ticking packet info 'net.minecraftforge.network.HandshakeMessages$S2CModList' to 'fml:handshake' sequence 2
[16Oct2025 22:48:56.430] [Netty Epoll Server IO #6/DEBUG] [net.minecraftforge.network.LoginWrapper/FMLHANDSHAKE]: Recieved login wrapper packet event for channel tacz:handshake with index 0
[16Oct2025 22:48:56.430] [Netty Epoll Server IO #6/DEBUG] [net.minecraftforge.network.HandshakeHandler/FMLHANDSHAKE]: Received client indexed reply 0 of type com.tacz.guns.network.message.handshake.Acknowledge
[16Oct2025 22:48:56.430] [Netty Epoll Server IO #6/DEBUG] [tacz/HANDSHAKE_ACKNOWLEDGE]: Received acknowledgement from client
[16Oct2025 22:48:56.442] [Server thread/DEBUG] [net.minecraftforge.network.HandshakeHandler/FMLHANDSHAKE]: Sending ticking packet info 'Registry minecraft:command_argument_type' to 'fml:handshake' sequence 3
[16Oct2025 22:48:56.492] [Server thread/DEBUG] [net.minecraftforge.network.HandshakeHandler/FMLHANDSHAKE]: Sending ticking packet info 'Registry irons_spellbooks:schools' to 'fml:handshake' sequence 4
[16Oct2025 22:48:56.522] [Netty Epoll Server IO #6/DEBUG] [net.minecraftforge.network.LoginWrapper/FMLHANDSHAKE]: Recieved login wrapper packet event for channel fml:handshake with index 2
[16Oct2025 22:48:56.522] [Netty Epoll Server IO #6/DEBUG] [net.minecraftforge.network.HandshakeHandler/FMLHANDSHAKE]: Received client indexed reply 2 of type net.minecraftforge.network.HandshakeMessages$C2SModListReply
[16Oct2025 22:48:56.522] [Netty Epoll Server IO #6/DEBUG] [net.minecraftforge.network.HandshakeHandler/FMLHANDSHAKE]: Received client connection with modlist [minecraft, immersiveui, trade_cycling, pick_up_tnt, mcef, geckolib, playeranimator, jei, tacz, a_good_place, caelus, sophisticatedcore, iceberg, curios, legendarytooltips, xaerominimap, xaeroworldmap, prism, citadel, alexscaves, irons_spellbooks, aaa_particles, mixinextras, tombstone, sophisticatedbackpacks, coroutil, architectury, octolib, aaa_particles_world, vampirism, teamlapenlib, iceandfire, crucifix, watut, forge, tlskincape, webdisplays, endermail]
[16Oct2025 22:48:56.522] [Netty Epoll Server IO #6/DEBUG] [net.minecraftforge.network.NetworkRegistry/NETREGISTRY]: Channel 'teamlapenlib:main' : Version test of '1' from client : ACCEPTED
[16Oct2025 22:48:56.522] [Netty Epoll Server IO #6/DEBUG] [net.minecraftforge.network.NetworkRegistry/NETREGISTRY]: Channel 'watut:main' : Version test of '4' from client : ACCEPTED
[16Oct2025 22:48:56.523] [Netty Epoll Server IO #6/DEBUG] [net.minecraftforge.network.NetworkRegistry/NETREGISTRY]: Channel 'alexscaves:main_channel' : Version test of '1' from client : ACCEPTED
[16Oct2025 22:48:56.523] [Netty Epoll Server IO #6/DEBUG] [net.minecraftforge.network.NetworkRegistry/NETREGISTRY]: Channel 'architectury:network' : Version test of '1' from client : ACCEPTED
[16Oct2025 22:48:56.523] [Netty Epoll Server IO #6/DEBUG] [net.minecraftforge.network.NetworkRegistry/NETREGISTRY]: Channel 'endermail:endermail' : Version test of '1.0' from client : ACCEPTED
[16Oct2025 22:48:56.523] [Netty Epoll Server IO #6/DEBUG] [net.minecraftforge.network.NetworkRegistry/NETREGISTRY]: Channel 'webdisplays:packetsystem' : Version test of '2' from client : ACCEPTED
[16Oct2025 22:48:56.523] [Netty Epoll Server IO #6/DEBUG] [net.minecraftforge.network.NetworkRegistry/NETREGISTRY]: Channel 'jei:channel' : Version test of '1.0.0' from client : ACCEPTED
[16Oct2025 22:48:56.523] [Netty Epoll Server IO #6/DEBUG] [net.minecraftforge.network.NetworkRegistry/NETREGISTRY]: Channel 'minecraft:unregister' : Version test of 'FML3' from client : ACCEPTED
[16Oct2025 22:48:56.523] [Netty Epoll Server IO #6/DEBUG] [net.minecraftforge.network.NetworkRegistry/NETREGISTRY]: Channel 'sophisticatedbackpacks:channel' : Version test of '1' from client : ACCEPTED
[16Oct2025 22:48:56.523] [Netty Epoll Server IO #6/DEBUG] [net.minecraftforge.network.NetworkRegistry/NETREGISTRY]: Channel 'citadel:main_channel' : Version test of '1' from client : ACCEPTED
[16Oct2025 22:48:56.524] [Netty Epoll Server IO #6/DEBUG] [net.minecraftforge.network.NetworkRegistry/NETREGISTRY]: Channel 'iceandfire:main_channel' : Version test of '1' from client : ACCEPTED
[16Oct2025 22:48:56.524] [Netty Epoll Server IO #6/DEBUG] [net.minecraftforge.network.NetworkRegistry/NETREGISTRY]: Channel 'trade_cycling:cycle_trades' : Version test of 'ALLOWVANILLA 💓💓💓' from client : ACCEPTED
[16Oct2025 22:48:56.524] [Netty Epoll Server IO #6/DEBUG] [net.minecraftforge.network.NetworkRegistry/NETREGISTRY]: Channel 'tacz:handshake' : Version test of '1.0.4' from client : ACCEPTED
[16Oct2025 22:48:56.524] [Netty Epoll Server IO #6/DEBUG] [net.minecraftforge.network.NetworkRegistry/NETREGISTRY]: Channel 'curios:main' : Version test of '1' from client : ACCEPTED
[16Oct2025 22:48:56.524] [Netty Epoll Server IO #6/DEBUG] [net.minecraftforge.network.NetworkRegistry/NETREGISTRY]: Channel 'irons_spellbooks:messages' : Version test of '1.0' from client : ACCEPTED
[16Oct2025 22:48:56.524] [Netty Epoll Server IO #6/DEBUG] [net.minecraftforge.network.NetworkRegistry/NETREGISTRY]: Channel 'fml:loginwrapper' : Version test of 'FML3' from client : ACCEPTED
[16Oct2025 22:48:56.525] [Netty Epoll Server IO #6/DEBUG] [net.minecraftforge.network.NetworkRegistry/NETREGISTRY]: Channel 'forge:tier_sorting' : Version test of '1.0' from client : ACCEPTED
[16Oct2025 22:48:56.525] [Netty Epoll Server IO #6/DEBUG] [net.minecraftforge.network.NetworkRegistry/NETREGISTRY]: Channel 'crucifix:crucifix' : Version test of '1' from client : ACCEPTED
[16Oct2025 22:48:56.525] [Netty Epoll Server IO #6/DEBUG] [net.minecraftforge.network.NetworkRegistry/NETREGISTRY]: Channel 'tombstone:tombstone_channel' : Version test of 'tombstone-9.0.9' from client : ACCEPTED
[16Oct2025 22:48:56.525] [Netty Epoll Server IO #6/DEBUG] [net.minecraftforge.network.NetworkRegistry/NETREGISTRY]: Channel 'fml:play' : Version test of 'FML3' from client : ACCEPTED
[16Oct2025 22:48:56.525] [Netty Epoll Server IO #6/DEBUG] [net.minecraftforge.network.NetworkRegistry/NETREGISTRY]: Channel 'sophisticatedcore:channel' : Version test of '1' from client : ACCEPTED
[16Oct2025 22:48:56.525] [Netty Epoll Server IO #6/DEBUG] [net.minecraftforge.network.NetworkRegistry/NETREGISTRY]: Channel 'caelus:main' : Version test of '1' from client : ACCEPTED
[16Oct2025 22:48:56.525] [Netty Epoll Server IO #6/DEBUG] [net.minecraftforge.network.NetworkRegistry/NETREGISTRY]: Channel 'fml:handshake' : Version test of 'FML3' from client : ACCEPTED
[16Oct2025 22:48:56.525] [Netty Epoll Server IO #6/DEBUG] [net.minecraftforge.network.NetworkRegistry/NETREGISTRY]: Channel 'vampirism:main' : Version test of '1' from client : ACCEPTED
[16Oct2025 22:48:56.526] [Netty Epoll Server IO #6/DEBUG] [net.minecraftforge.network.NetworkRegistry/NETREGISTRY]: Channel 'minecraft:register' : Version test of 'FML3' from client : ACCEPTED
[16Oct2025 22:48:56.526] [Netty Epoll Server IO #6/DEBUG] [net.minecraftforge.network.NetworkRegistry/NETREGISTRY]: Channel 'forge:split' : Version test of '1.1' from client : ACCEPTED
[16Oct2025 22:48:56.526] [Netty Epoll Server IO #6/DEBUG] [net.minecraftforge.network.NetworkRegistry/NETREGISTRY]: Channel 'tacz:network' : Version test of '1.0.4' from client : ACCEPTED
[16Oct2025 22:48:56.527] [Netty Epoll Server IO #6/DEBUG] [net.minecraftforge.network.NetworkRegistry/NETREGISTRY]: Channel 'geckolib:main' : Version test of '1' from client : ACCEPTED
[16Oct2025 22:48:56.527] [Netty Epoll Server IO #6/DEBUG] [net.minecraftforge.network.NetworkRegistry/NETREGISTRY]: Accepting channel list from client
[16Oct2025 22:48:56.527] [Netty Epoll Server IO #6/DEBUG] [net.minecraftforge.network.HandshakeHandler/FMLHANDSHAKE]: Accepted client connection mod list
[16Oct2025 22:48:56.542] [Server thread/DEBUG] [net.minecraftforge.network.HandshakeHandler/FMLHANDSHAKE]: Sending ticking packet info 'Registry minecraft:villager_profession' to 'fml:handshake' sequence 5
[16Oct2025 22:48:56.570] [Netty Epoll Server IO #6/DEBUG] [net.minecraftforge.network.LoginWrapper/FMLHANDSHAKE]: Recieved login wrapper packet event for channel fml:handshake with index 3
[16Oct2025 22:48:56.573] [Netty Epoll Server IO #6/DEBUG] [net.minecraftforge.network.HandshakeHandler/FMLHANDSHAKE]: Received client indexed reply 3 of type net.minecraftforge.network.HandshakeMessages$C2SAcknowledge
[16Oct2025 22:48:56.573] [Netty Epoll Server IO #6/DEBUG] [net.minecraftforge.network.HandshakeHandler/FMLHANDSHAKE]: Received acknowledgement from client
[16Oct2025 22:48:56.592] [Server thread/DEBUG] [net.minecraftforge.network.HandshakeHandler/FMLHANDSHAKE]: Sending ticking packet info 'Registry minecraft:item' to 'fml:handshake' sequence 6
[16Oct2025 22:48:56.621] [Netty Epoll Server IO #6/DEBUG] [net.minecraftforge.network.LoginWrapper/FMLHANDSHAKE]: Recieved login wrapper packet event for channel fml:handshake with index 4
[16Oct2025 22:48:56.621] [Netty Epoll Server IO #6/DEBUG] [net.minecraftforge.network.HandshakeHandler/FMLHANDSHAKE]: Received client indexed reply 4 of type net.minecraftforge.network.HandshakeMessages$C2SAcknowledge
[16Oct2025 22:48:56.621] [Netty Epoll Server IO #6/DEBUG] [net.minecraftforge.network.HandshakeHandler/FMLHANDSHAKE]: Received acknowledgement from client
[16Oct2025 22:48:56.643] [Server thread/DEBUG] [net.minecraftforge.network.HandshakeHandler/FMLHANDSHAKE]: Sending ticking packet info 'Registry minecraft:potion' to 'fml:handshake' sequence 7
[16Oct2025 22:48:56.670] [Netty Epoll Server IO #6/DEBUG] [net.minecraftforge.network.LoginWrapper/FMLHANDSHAKE]: Recieved login wrapper packet event for channel fml:handshake with index 5
[16Oct2025 22:48:56.670] [Netty Epoll Server IO #6/DEBUG] [net.minecraftforge.network.HandshakeHandler/FMLHANDSHAKE]: Received client indexed reply 5 of type net.minecraftforge.network.HandshakeMessages$C2SAcknowledge
[16Oct2025 22:48:56.670] [Netty Epoll Server IO #6/DEBUG] [net.minecraftforge.network.HandshakeHandler/FMLHANDSHAKE]: Received acknowledgement from client
[16Oct2025 22:48:56.692] [Server thread/DEBUG] [net.minecraftforge.network.HandshakeHandler/FMLHANDSHAKE]: Sending ticking packet info 'Registry vampirism:refinement' to 'fml:handshake' sequence 8
[16Oct2025 22:48:56.742] [Server thread/DEBUG] [net.minecraftforge.network.HandshakeHandler/FMLHANDSHAKE]: Sending ticking packet info 'Registry minecraft:block_entity_type' to 'fml:handshake' sequence 9
[16Oct2025 22:48:56.792] [Server thread/DEBUG] [net.minecraftforge.network.HandshakeHandler/FMLHANDSHAKE]: Sending ticking packet info 'Registry forge:display_contexts' to 'fml:handshake' sequence 10
[16Oct2025 22:48:56.842] [Server thread/DEBUG] [net.minecraftforge.network.HandshakeHandler/FMLHANDSHAKE]: Sending ticking packet info 'Registry vampirism:task_unlocker' to 'fml:handshake' sequence 11
[16Oct2025 22:48:56.892] [Server thread/DEBUG] [net.minecraftforge.network.HandshakeHandler/FMLHANDSHAKE]: Sending ticking packet info 'Registry irons_spellbooks:spells' to 'fml:handshake' sequence 12
[16Oct2025 22:48:56.942] [Server thread/DEBUG] [net.minecraftforge.network.HandshakeHandler/FMLHANDSHAKE]: Sending ticking packet info 'Registry vampirism:miniontasks' to 'fml:handshake' sequence 13
[16Oct2025 22:48:56.992] [Server thread/DEBUG] [net.minecraftforge.network.HandshakeHandler/FMLHANDSHAKE]: Sending ticking packet info 'Registry minecraft:stat_type' to 'fml:handshake' sequence 14
[16Oct2025 22:48:57.002] [Netty Epoll Server IO #6/DEBUG] [net.minecraftforge.network.LoginWrapper/FMLHANDSHAKE]: Recieved login wrapper packet event for channel fml:handshake with index 6
[16Oct2025 22:48:57.003] [Netty Epoll Server IO #6/DEBUG] [net.minecraftforge.network.HandshakeHandler/FMLHANDSHAKE]: Received client indexed reply 6 of type net.minecraftforge.network.HandshakeMessages$C2SAcknowledge
[16Oct2025 22:48:57.003] [Netty Epoll Server IO #6/DEBUG] [net.minecraftforge.network.HandshakeHandler/FMLHANDSHAKE]: Received acknowledgement from client
[16Oct2025 22:48:57.003] [Netty Epoll Server IO #6/DEBUG] [net.minecraftforge.network.LoginWrapper/FMLHANDSHAKE]: Recieved login wrapper packet event for channel fml:handshake with index 7
[16Oct2025 22:48:57.003] [Netty Epoll Server IO #6/DEBUG] [net.minecraftforge.network.HandshakeHandler/FMLHANDSHAKE]: Received client indexed reply 7 of type net.minecraftforge.network.HandshakeMessages$C2SAcknowledge
[16Oct2025 22:48:57.003] [Netty Epoll Server IO #6/DEBUG] [net.minecraftforge.network.HandshakeHandler/FMLHANDSHAKE]: Received acknowledgement from client
[16Oct2025 22:48:57.003] [Netty Epoll Server IO #6/DEBUG] [net.minecraftforge.network.LoginWrapper/FMLHANDSHAKE]: Recieved login wrapper packet event for channel fml:handshake with index 8
[16Oct2025 22:48:57.003] [Netty Epoll Server IO #6/DEBUG] [net.minecraftforge.network.HandshakeHandler/FMLHANDSHAKE]: Received client indexed reply 8 of type net.minecraftforge.network.HandshakeMessages$C2SAcknowledge
[16Oct2025 22:48:57.003] [Netty Epoll Server IO #6/DEBUG] [net.minecraftforge.network.HandshakeHandler/FMLHANDSHAKE]: Received acknowledgement from client
[16Oct2025 22:48:57.003] [Netty Epoll Server IO #6/DEBUG] [net.minecraftforge.network.LoginWrapper/FMLHANDSHAKE]: Recieved login wrapper packet event for channel fml:handshake with index 9
[16Oct2025 22:48:57.003] [Netty Epoll Server IO #6/DEBUG] [net.minecraftforge.network.HandshakeHandler/FMLHANDSHAKE]: Received client indexed reply 9 of type net.minecraftforge.network.HandshakeMessages$C2SAcknowledge
[16Oct2025 22:48:57.003] [Netty Epoll Server IO #6/DEBUG] [net.minecraftforge.network.HandshakeHandler/FMLHANDSHAKE]: Received acknowledgement from client
[16Oct2025 22:48:57.003] [Netty Epoll Server IO #6/DEBUG] [net.minecraftforge.network.LoginWrapper/FMLHANDSHAKE]: Recieved login wrapper packet event for channel fml:handshake with index 10
[16Oct2025 22:48:57.003] [Netty Epoll Server IO #6/DEBUG] [net.minecraftforge.network.HandshakeHandler/FMLHANDSHAKE]: Received client indexed reply 10 of type net.minecraftforge.network.HandshakeMessages$C2SAcknowledge
[16Oct2025 22:48:57.003] [Netty Epoll Server IO #6/DEBUG] [net.minecraftforge.network.HandshakeHandler/FMLHANDSHAKE]: Received acknowledgement from client
[16Oct2025 22:48:57.003] [Netty Epoll Server IO #6/DEBUG] [net.minecraftforge.network.LoginWrapper/FMLHANDSHAKE]: Recieved login wrapper packet event for channel fml:handshake with index 11
[16Oct2025 22:48:57.003] [Netty Epoll Server IO #6/DEBUG] [net.minecraftforge.network.HandshakeHandler/FMLHANDSHAKE]: Received client indexed reply 11 of type net.minecraftforge.network.HandshakeMessages$C2SAcknowledge
[16Oct2025 22:48:57.003] [Netty Epoll Server IO #6/DEBUG] [net.minecraftforge.network.HandshakeHandler/FMLHANDSHAKE]: Received acknowledgement from client
[16Oct2025 22:48:57.042] [Server thread/DEBUG] [net.minecraftforge.network.HandshakeHandler/FMLHANDSHAKE]: Sending ticking packet info 'Registry vampirism:skills' to 'fml:handshake' sequence 15
[16Oct2025 22:48:57.048] [Netty Epoll Server IO #6/DEBUG] [net.minecraftforge.network.LoginWrapper/FMLHANDSHAKE]: Recieved login wrapper packet event for channel fml:handshake with index 12
[16Oct2025 22:48:57.048] [Netty Epoll Server IO #6/DEBUG] [net.minecraftforge.network.HandshakeHandler/FMLHANDSHAKE]: Received client indexed reply 12 of type net.minecraftforge.network.HandshakeMessages$C2SAcknowledge
[16Oct2025 22:48:57.048] [Netty Epoll Server IO #6/DEBUG] [net.minecraftforge.network.HandshakeHandler/FMLHANDSHAKE]: Received acknowledgement from client
[16Oct2025 22:48:57.073] [Netty Epoll Server IO #6/DEBUG] [net.minecraftforge.network.LoginWrapper/FMLHANDSHAKE]: Recieved login wrapper packet event for channel fml:handshake with index 13
[16Oct2025 22:48:57.073] [Netty Epoll Server IO #6/DEBUG] [net.minecraftforge.network.HandshakeHandler/FMLHANDSHAKE]: Received client indexed reply 13 of type net.minecraftforge.network.HandshakeMessages$C2SAcknowledge
[16Oct2025 22:48:57.073] [Netty Epoll Server IO #6/DEBUG] [net.minecraftforge.network.HandshakeHandler/FMLHANDSHAKE]: Received acknowledgement from client
[16Oct2025 22:48:57.092] [Server thread/DEBUG] [net.minecraftforge.network.HandshakeHandler/FMLHANDSHAKE]: Sending ticking packet info 'Registry minecraft:menu' to 'fml:handshake' sequence 16
[16Oct2025 22:48:57.119] [Netty Epoll Server IO #6/DEBUG] [net.minecraftforge.network.LoginWrapper/FMLHANDSHAKE]: Recieved login wrapper packet event for channel fml:handshake with index 14
[16Oct2025 22:48:57.119] [Netty Epoll Server IO #6/DEBUG] [net.minecraftforge.network.HandshakeHandler/FMLHANDSHAKE]: Received client indexed reply 14 of type net.minecraftforge.network.HandshakeMessages$C2SAcknowledge
[16Oct2025 22:48:57.120] [Netty Epoll Server IO #6/DEBUG] [net.minecraftforge.network.HandshakeHandler/FMLHANDSHAKE]: Received acknowledgement from client
[16Oct2025 22:48:57.142] [Server thread/DEBUG] [net.minecraftforge.network.HandshakeHandler/FMLHANDSHAKE]: Sending ticking packet info 'Registry vampirism:actions' to 'fml:handshake' sequence 17
[16Oct2025 22:48:57.169] [Netty Epoll Server IO #6/DEBUG] [net.minecraftforge.network.LoginWrapper/FMLHANDSHAKE]: Recieved login wrapper packet event for channel fml:handshake with index 15
[16Oct2025 22:48:57.169] [Netty Epoll Server IO #6/DEBUG] [net.minecraftforge.network.HandshakeHandler/FMLHANDSHAKE]: Received client indexed reply 15 of type net.minecraftforge.network.HandshakeMessages$C2SAcknowledge
[16Oct2025 22:48:57.169] [Netty Epoll Server IO #6/DEBUG] [net.minecraftforge.network.HandshakeHandler/FMLHANDSHAKE]: Received acknowledgement from client
[16Oct2025 22:48:57.192] [Server thread/DEBUG] [net.minecraftforge.network.HandshakeHandler/FMLHANDSHAKE]: Sending ticking packet info 'Registry vampirism:refinement_set' to 'fml:handshake' sequence 18
[16Oct2025 22:48:57.225] [Netty Epoll Server IO #6/DEBUG] [net.minecraftforge.network.LoginWrapper/FMLHANDSHAKE]: Recieved login wrapper packet event for channel fml:handshake with index 16
[16Oct2025 22:48:57.225] [Netty Epoll Server IO #6/DEBUG] [net.minecraftforge.network.HandshakeHandler/FMLHANDSHAKE]: Received client indexed reply 16 of type net.minecraftforge.network.HandshakeMessages$C2SAcknowledge
[16Oct2025 22:48:57.225] [Netty Epoll Server IO #6/DEBUG] [net.minecraftforge.network.HandshakeHandler/FMLHANDSHAKE]: Received acknowledgement from client
[16Oct2025 22:48:57.242] [Server thread/DEBUG] [net.minecraftforge.network.HandshakeHandler/FMLHANDSHAKE]: Sending ticking packet info 'Registry minecraft:fluid' to 'fml:handshake' sequence 19
[16Oct2025 22:48:57.271] [Netty Epoll Server IO #6/DEBUG] [net.minecraftforge.network.LoginWrapper/FMLHANDSHAKE]: Recieved login wrapper packet event for channel fml:handshake with index 17
[16Oct2025 22:48:57.272] [Netty Epoll Server IO #6/DEBUG] [net.minecraftforge.network.HandshakeHandler/FMLHANDSHAKE]: Received client indexed reply 17 of type net.minecraftforge.network.HandshakeMessages$C2SAcknowledge
[16Oct2025 22:48:57.272] [Netty Epoll Server IO #6/DEBUG] [net.minecraftforge.network.HandshakeHandler/FMLHANDSHAKE]: Received acknowledgement from client
[16Oct2025 22:48:57.292] [Server thread/DEBUG] [net.minecraftforge.network.HandshakeHandler/FMLHANDSHAKE]: Sending ticking packet info 'Registry vampirism:task_requirement' to 'fml:handshake' sequence 20
[16Oct2025 22:48:57.319] [Netty Epoll Server IO #6/DEBUG] [net.minecraftforge.network.LoginWrapper/FMLHANDSHAKE]: Recieved login wrapper packet event for channel fml:handshake with index 18
[16Oct2025 22:48:57.320] [Netty Epoll Server IO #6/DEBUG] [net.minecraftforge.network.HandshakeHandler/FMLHANDSHAKE]: Received client indexed reply 18 of type net.minecraftforge.network.HandshakeMessages$C2SAcknowledge
[16Oct2025 22:48:57.320] [Netty Epoll Server IO #6/DEBUG] [net.minecraftforge.network.HandshakeHandler/FMLHANDSHAKE]: Received acknowledgement from client
[16Oct2025 22:48:57.342] [Server thread/DEBUG] [net.minecraftforge.network.HandshakeHandler/FMLHANDSHAKE]: Sending ticking packet info 'Registry minecraft:recipe_serializer' to 'fml:handshake' sequence 21
[16Oct2025 22:48:57.372] [Netty Epoll Server IO #6/DEBUG] [net.minecraftforge.network.LoginWrapper/FMLHANDSHAKE]: Recieved login wrapper packet event for channel fml:handshake with index 19
[16Oct2025 22:48:57.372] [Netty Epoll Server IO #6/DEBUG] [net.minecraftforge.network.HandshakeHandler/FMLHANDSHAKE]: Received client indexed reply 19 of type net.minecraftforge.network.HandshakeMessages$C2SAcknowledge
[16Oct2025 22:48:57.372] [Netty Epoll Server IO #6/DEBUG] [net.minecraftforge.network.HandshakeHandler/FMLHANDSHAKE]: Received acknowledgement from client
[16Oct2025 22:48:57.392] [Server thread/DEBUG] [net.minecraftforge.network.HandshakeHandler/FMLHANDSHAKE]: Sending ticking packet info 'Registry minecraft:sound_event' to 'fml:handshake' sequence 22
[16Oct2025 22:48:57.422] [Netty Epoll Server IO #6/DEBUG] [net.minecraftforge.network.LoginWrapper/FMLHANDSHAKE]: Recieved login wrapper packet event for channel fml:handshake with index 20
[16Oct2025 22:48:57.423] [Netty Epoll Server IO #6/DEBUG] [net.minecraftforge.network.HandshakeHandler/FMLHANDSHAKE]: Received client indexed reply 20 of type net.minecraftforge.network.HandshakeMessages$C2SAcknowledge
[16Oct2025 22:48:57.423] [Netty Epoll Server IO #6/DEBUG] [net.minecraftforge.network.HandshakeHandler/FMLHANDSHAKE]: Received acknowledgement from client
[16Oct2025 22:48:57.442] [Server thread/DEBUG] [net.minecraftforge.network.HandshakeHandler/FMLHANDSHAKE]: Sending ticking packet info 'Registry minecraft:particle_type' to 'fml:handshake' sequence 23
[16Oct2025 22:48:57.480] [Netty Epoll Server IO #6/DEBUG] [net.minecraftforge.network.LoginWrapper/FMLHANDSHAKE]: Recieved login wrapper packet event for channel fml:handshake with index 21
[16Oct2025 22:48:57.483] [Netty Epoll Server IO #6/DEBUG] [net.minecraftforge.network.HandshakeHandler/FMLHANDSHAKE]: Received client indexed reply 21 of type net.minecraftforge.network.HandshakeMessages$C2SAcknowledge
[16Oct2025 22:48:57.484] [Netty Epoll Server IO #6/DEBUG] [net.minecraftforge.network.HandshakeHandler/FMLHANDSHAKE]: Received acknowledgement from client
[16Oct2025 22:48:57.493] [Server thread/DEBUG] [net.minecraftforge.network.HandshakeHandler/FMLHANDSHAKE]: Sending ticking packet info 'Registry minecraft:painting_variant' to 'fml:handshake' sequence 24
[16Oct2025 22:48:57.542] [Server thread/DEBUG] [net.minecraftforge.network.HandshakeHandler/FMLHANDSHAKE]: Sending ticking packet info 'Registry forge:fluid_type' to 'fml:handshake' sequence 25
[16Oct2025 22:48:57.592] [Server thread/DEBUG] [net.minecraftforge.network.HandshakeHandler/FMLHANDSHAKE]: Sending ticking packet info 'Registry minecraft:block' to 'fml:handshake' sequence 26
[16Oct2025 22:48:57.644] [Server thread/DEBUG] [net.minecraftforge.network.HandshakeHandler/FMLHANDSHAKE]: Sending ticking packet info 'Registry forge:entity_data_serializers' to 'fml:handshake' sequence 27
[16Oct2025 22:48:57.649] [Netty Epoll Server IO #6/DEBUG] [net.minecraftforge.network.LoginWrapper/FMLHANDSHAKE]: Recieved login wrapper packet event for channel fml:handshake with index 22
[16Oct2025 22:48:57.649] [Netty Epoll Server IO #6/DEBUG] [net.minecraftforge.network.HandshakeHandler/FMLHANDSHAKE]: Received client indexed reply 22 of type net.minecraftforge.network.HandshakeMessages$C2SAcknowledge
[16Oct2025 22:48:57.649] [Netty Epoll Server IO #6/DEBUG] [net.minecraftforge.network.HandshakeHandler/FMLHANDSHAKE]: Received acknowledgement from client
[16Oct2025 22:48:57.649] [Netty Epoll Server IO #6/DEBUG] [net.minecraftforge.network.LoginWrapper/FMLHANDSHAKE]: Recieved login wrapper packet event for channel fml:handshake with index 23
[16Oct2025 22:48:57.649] [Netty Epoll Server IO #6/DEBUG] [net.minecraftforge.network.HandshakeHandler/FMLHANDSHAKE]: Received client indexed reply 23 of type net.minecraftforge.network.HandshakeMessages$C2SAcknowledge
[16Oct2025 22:48:57.649] [Netty Epoll Server IO #6/DEBUG] [net.minecraftforge.network.HandshakeHandler/FMLHANDSHAKE]: Received acknowledgement from client
[16Oct2025 22:48:57.649] [Netty Epoll Server IO #6/DEBUG] [net.minecraftforge.network.LoginWrapper/FMLHANDSHAKE]: Recieved login wrapper packet event for channel fml:handshake with index 24
[16Oct2025 22:48:57.649] [Netty Epoll Server IO #6/DEBUG] [net.minecraftforge.network.HandshakeHandler/FMLHANDSHAKE]: Received client indexed reply 24 of type net.minecraftforge.network.HandshakeMessages$C2SAcknowledge
[16Oct2025 22:48:57.649] [Netty Epoll Server IO #6/DEBUG] [net.minecraftforge.network.HandshakeHandler/FMLHANDSHAKE]: Received acknowledgement from client
[16Oct2025 22:48:57.672] [Netty Epoll Server IO #6/DEBUG] [net.minecraftforge.network.LoginWrapper/FMLHANDSHAKE]: Recieved login wrapper packet event for channel fml:handshake with index 25
[16Oct2025 22:48:57.672] [Netty Epoll Server IO #6/DEBUG] [net.minecraftforge.network.HandshakeHandler/FMLHANDSHAKE]: Received client indexed reply 25 of type net.minecraftforge.network.HandshakeMessages$C2SAcknowledge
[16Oct2025 22:48:57.672] [Netty Epoll Server IO #6/DEBUG] [net.minecraftforge.network.HandshakeHandler/FMLHANDSHAKE]: Received acknowledgement from client
[16Oct2025 22:48:57.692] [Server thread/DEBUG] [net.minecraftforge.network.HandshakeHandler/FMLHANDSHAKE]: Sending ticking packet info 'Registry vampirism:task_reward' to 'fml:handshake' sequence 28
[16Oct2025 22:48:57.749] [Server thread/DEBUG] [net.minecraftforge.network.HandshakeHandler/FMLHANDSHAKE]: Sending ticking packet info 'Registry vampirism:oil' to 'fml:handshake' sequence 29
[16Oct2025 22:48:57.773] [Netty Epoll Server IO #6/DEBUG] [net.minecraftforge.network.LoginWrapper/FMLHANDSHAKE]: Recieved login wrapper packet event for channel fml:handshake with index 26
[16Oct2025 22:48:57.773] [Netty Epoll Server IO #6/DEBUG] [net.minecraftforge.network.HandshakeHandler/FMLHANDSHAKE]: Received client indexed reply 26 of type net.minecraftforge.network.HandshakeMessages$C2SAcknowledge
[16Oct2025 22:48:57.773] [Netty Epoll Server IO #6/DEBUG] [net.minecraftforge.network.HandshakeHandler/FMLHANDSHAKE]: Received acknowledgement from client
[16Oct2025 22:48:57.774] [Netty Epoll Server IO #6/DEBUG] [net.minecraftforge.network.LoginWrapper/FMLHANDSHAKE]: Recieved login wrapper packet event for channel fml:handshake with index 27
[16Oct2025 22:48:57.774] [Netty Epoll Server IO #6/DEBUG] [net.minecraftforge.network.HandshakeHandler/FMLHANDSHAKE]: Received client indexed reply 27 of type net.minecraftforge.network.HandshakeMessages$C2SAcknowledge
[16Oct2025 22:48:57.774] [Netty Epoll Server IO #6/DEBUG] [net.minecraftforge.network.HandshakeHandler/FMLHANDSHAKE]: Received acknowledgement from client
[16Oct2025 22:48:57.793] [Server thread/DEBUG] [net.minecraftforge.network.HandshakeHandler/FMLHANDSHAKE]: Sending ticking packet info 'Registry vampirism:converting_handler' to 'fml:handshake' sequence 30
[16Oct2025 22:48:57.820] [Netty Epoll Server IO #6/DEBUG] [net.minecraftforge.network.LoginWrapper/FMLHANDSHAKE]: Recieved login wrapper packet event for channel fml:handshake with index 28
[16Oct2025 22:48:57.821] [Netty Epoll Server IO #6/DEBUG] [net.minecraftforge.network.HandshakeHandler/FMLHANDSHAKE]: Received client indexed reply 28 of type net.minecraftforge.network.HandshakeMessages$C2SAcknowledge
[16Oct2025 22:48:57.821] [Netty Epoll Server IO #6/DEBUG] [net.minecraftforge.network.HandshakeHandler/FMLHANDSHAKE]: Received acknowledgement from client
[16Oct2025 22:48:57.842] [Server thread/DEBUG] [net.minecraftforge.network.HandshakeHandler/FMLHANDSHAKE]: Sending ticking packet info 'Registry minecraft:mob_effect' to 'fml:handshake' sequence 31
[16Oct2025 22:48:57.876] [Netty Epoll Server IO #6/DEBUG] [net.minecraftforge.network.LoginWrapper/FMLHANDSHAKE]: Recieved login wrapper packet event for channel fml:handshake with index 29
[16Oct2025 22:48:57.877] [Netty Epoll Server IO #6/DEBUG] [net.minecraftforge.network.HandshakeHandler/FMLHANDSHAKE]: Received client indexed reply 29 of type net.minecraftforge.network.HandshakeMessages$C2SAcknowledge
[16Oct2025 22:48:57.877] [Netty Epoll Server IO #6/DEBUG] [net.minecraftforge.network.HandshakeHandler/FMLHANDSHAKE]: Received acknowledgement from client
[16Oct2025 22:48:57.892] [Server thread/DEBUG] [net.minecraftforge.network.HandshakeHandler/FMLHANDSHAKE]: Sending ticking packet info 'Registry vampirism:entityactions' to 'fml:handshake' sequence 32
[16Oct2025 22:48:57.921] [Netty Epoll Server IO #6/DEBUG] [net.minecraftforge.network.LoginWrapper/FMLHANDSHAKE]: Recieved login wrapper packet event for channel fml:handshake with index 30
[16Oct2025 22:48:57.922] [Netty Epoll Server IO #6/DEBUG] [net.minecraftforge.network.HandshakeHandler/FMLHANDSHAKE]: Received client indexed reply 30 of type net.minecraftforge.network.HandshakeMessages$C2SAcknowledge
[16Oct2025 22:48:57.922] [Netty Epoll Server IO #6/DEBUG] [net.minecraftforge.network.HandshakeHandler/FMLHANDSHAKE]: Received acknowledgement from client
[16Oct2025 22:48:57.942] [Server thread/DEBUG] [net.minecraftforge.network.HandshakeHandler/FMLHANDSHAKE]: Sending ticking packet info 'Registry tombstone:perks' to 'fml:handshake' sequence 33
[16Oct2025 22:48:57.970] [Netty Epoll Server IO #6/DEBUG] [net.minecraftforge.network.LoginWrapper/FMLHANDSHAKE]: Recieved login wrapper packet event for channel fml:handshake with index 31
[16Oct2025 22:48:57.970] [Netty Epoll Server IO #6/DEBUG] [net.minecraftforge.network.HandshakeHandler/FMLHANDSHAKE]: Received client indexed reply 31 of type net.minecraftforge.network.HandshakeMessages$C2SAcknowledge
[16Oct2025 22:48:57.970] [Netty Epoll Server IO #6/DEBUG] [net.minecraftforge.network.HandshakeHandler/FMLHANDSHAKE]: Received acknowledgement from client
[16Oct2025 22:48:57.992] [Server thread/DEBUG] [net.minecraftforge.network.HandshakeHandler/FMLHANDSHAKE]: Sending ticking packet info 'Registry minecraft:enchantment' to 'fml:handshake' sequence 34
[16Oct2025 22:48:58.021] [Netty Epoll Server IO #6/DEBUG] [net.minecraftforge.network.LoginWrapper/FMLHANDSHAKE]: Recieved login wrapper packet event for channel fml:handshake with index 32
[16Oct2025 22:48:58.022] [Netty Epoll Server IO #6/DEBUG] [net.minecraftforge.network.HandshakeHandler/FMLHANDSHAKE]: Received client indexed reply 32 of type net.minecraftforge.network.HandshakeMessages$C2SAcknowledge
[16Oct2025 22:48:58.022] [Netty Epoll Server IO #6/DEBUG] [net.minecraftforge.network.HandshakeHandler/FMLHANDSHAKE]: Received acknowledgement from client
[16Oct2025 22:48:58.042] [Server thread/DEBUG] [net.minecraftforge.network.HandshakeHandler/FMLHANDSHAKE]: Sending ticking packet info 'Registry vampirism:task_reward_instance' to 'fml:handshake' sequence 35
[16Oct2025 22:48:58.071] [Netty Epoll Server IO #6/DEBUG] [net.minecraftforge.network.LoginWrapper/FMLHANDSHAKE]: Recieved login wrapper packet event for channel fml:handshake with index 33
[16Oct2025 22:48:58.072] [Netty Epoll Server IO #6/DEBUG] [net.minecraftforge.network.HandshakeHandler/FMLHANDSHAKE]: Received client indexed reply 33 of type net.minecraftforge.network.HandshakeMessages$C2SAcknowledge
[16Oct2025 22:48:58.072] [Netty Epoll Server IO #6/DEBUG] [net.minecraftforge.network.HandshakeHandler/FMLHANDSHAKE]: Received acknowledgement from client
[16Oct2025 22:48:58.092] [Server thread/DEBUG] [net.minecraftforge.network.HandshakeHandler/FMLHANDSHAKE]: Sending ticking packet info 'Registry minecraft:entity_type' to 'fml:handshake' sequence 36
[16Oct2025 22:48:58.119] [Netty Epoll Server IO #6/DEBUG] [net.minecraftforge.network.LoginWrapper/FMLHANDSHAKE]: Recieved login wrapper packet event for channel fml:handshake with index 34
[16Oct2025 22:48:58.119] [Netty Epoll Server IO #6/DEBUG] [net.minecraftforge.network.HandshakeHandler/FMLHANDSHAKE]: Received client indexed reply 34 of type net.minecraftforge.network.HandshakeMessages$C2SAcknowledge
[16Oct2025 22:48:58.119] [Netty Epoll Server IO #6/DEBUG] [net.minecraftforge.network.HandshakeHandler/FMLHANDSHAKE]: Received acknowledgement from client
[16Oct2025 22:48:58.142] [Server thread/DEBUG] [net.minecraftforge.network.HandshakeHandler/FMLHANDSHAKE]: Sending ticking packet info 'Config curios-server.toml' to 'fml:handshake' sequence 37
[16Oct2025 22:48:58.170] [Netty Epoll Server IO #6/DEBUG] [net.minecraftforge.network.LoginWrapper/FMLHANDSHAKE]: Recieved login wrapper packet event for channel fml:handshake with index 35
[16Oct2025 22:48:58.171] [Netty Epoll Server IO #6/DEBUG] [net.minecraftforge.network.HandshakeHandler/FMLHANDSHAKE]: Received client indexed reply 35 of type net.minecraftforge.network.HandshakeMessages$C2SAcknowledge
[16Oct2025 22:48:58.171] [Netty Epoll Server IO #6/DEBUG] [net.minecraftforge.network.HandshakeHandler/FMLHANDSHAKE]: Received acknowledgement from client
[16Oct2025 22:48:58.192] [Server thread/DEBUG] [net.minecraftforge.network.HandshakeHandler/FMLHANDSHAKE]: Sending ticking packet info 'Config irons_spellbooks-server.toml' to 'fml:handshake' sequence 38
[16Oct2025 22:48:58.242] [Server thread/DEBUG] [net.minecraftforge.network.HandshakeHandler/FMLHANDSHAKE]: Sending ticking packet info 'Config tombstone-server.toml' to 'fml:handshake' sequence 39
[16Oct2025 22:48:58.292] [Server thread/DEBUG] [net.minecraftforge.network.HandshakeHandler/FMLHANDSHAKE]: Sending ticking packet info 'Config vampirism-server.toml' to 'fml:handshake' sequence 40
[16Oct2025 22:48:58.342] [Server thread/DEBUG] [net.minecraftforge.network.HandshakeHandler/FMLHANDSHAKE]: Sending ticking packet info 'Config sophisticatedbackpacks-server.toml' to 'fml:handshake' sequence 41
[16Oct2025 22:48:58.392] [Server thread/DEBUG] [net.minecraftforge.network.HandshakeHandler/FMLHANDSHAKE]: Sending ticking packet info 'Config vampirism-balance.toml' to 'fml:handshake' sequence 42
[16Oct2025 22:48:58.442] [Server thread/DEBUG] [net.minecraftforge.network.HandshakeHandler/FMLHANDSHAKE]: Sending ticking packet info 'Config jei-server.toml' to 'fml:handshake' sequence 43
[16Oct2025 22:48:58.492] [Server thread/DEBUG] [net.minecraftforge.network.HandshakeHandler/FMLHANDSHAKE]: Sending ticking packet info 'Config tacz-server.toml' to 'fml:handshake' sequence 44
[16Oct2025 22:48:58.542] [Server thread/DEBUG] [net.minecraftforge.network.HandshakeHandler/FMLHANDSHAKE]: Sending ticking packet info 'Config forge-server.toml' to 'fml:handshake' sequence 45
[16Oct2025 22:48:59.158] [Netty Epoll Server IO #6/DEBUG] [net.minecraftforge.network.LoginWrapper/FMLHANDSHAKE]: Recieved login wrapper packet event for channel fml:handshake with index 36
[16Oct2025 22:48:59.158] [Netty Epoll Server IO #6/DEBUG] [net.minecraftforge.network.HandshakeHandler/FMLHANDSHAKE]: Received client indexed reply 36 of type net.minecraftforge.network.HandshakeMessages$C2SAcknowledge
[16Oct2025 22:48:59.158] [Netty Epoll Server IO #6/DEBUG] [net.minecraftforge.network.HandshakeHandler/FMLHANDSHAKE]: Received acknowledgement from client
[16Oct2025 22:48:59.158] [Netty Epoll Server IO #6/DEBUG] [net.minecraftforge.network.LoginWrapper/FMLHANDSHAKE]: Recieved login wrapper packet event for channel fml:handshake with index 37
[16Oct2025 22:48:59.158] [Netty Epoll Server IO #6/DEBUG] [net.minecraftforge.network.HandshakeHandler/FMLHANDSHAKE]: Received client indexed reply 37 of type net.minecraftforge.network.HandshakeMessages$C2SAcknowledge
[16Oct2025 22:48:59.159] [Netty Epoll Server IO #6/DEBUG] [net.minecraftforge.network.HandshakeHandler/FMLHANDSHAKE]: Received acknowledgement from client
[16Oct2025 22:48:59.163] [Netty Epoll Server IO #6/DEBUG] [net.minecraftforge.network.LoginWrapper/FMLHANDSHAKE]: Recieved login wrapper packet event for channel fml:handshake with index 38
[16Oct2025 22:48:59.163] [Netty Epoll Server IO #6/DEBUG] [net.minecraftforge.network.HandshakeHandler/FMLHANDSHAKE]: Received client indexed reply 38 of type net.minecraftforge.network.HandshakeMessages$C2SAcknowledge
[16Oct2025 22:48:59.163] [Netty Epoll Server IO #6/DEBUG] [net.minecraftforge.network.HandshakeHandler/FMLHANDSHAKE]: Received acknowledgement from client
[16Oct2025 22:48:59.163] [Netty Epoll Server IO #6/DEBUG] [net.minecraftforge.network.LoginWrapper/FMLHANDSHAKE]: Recieved login wrapper packet event for channel fml:handshake with index 39
[16Oct2025 22:48:59.163] [Netty Epoll Server IO #6/DEBUG] [net.minecraftforge.network.HandshakeHandler/FMLHANDSHAKE]: Received client indexed reply 39 of type net.minecraftforge.network.HandshakeMessages$C2SAcknowledge
[16Oct2025 22:48:59.163] [Netty Epoll Server IO #6/DEBUG] [net.minecraftforge.network.HandshakeHandler/FMLHANDSHAKE]: Received acknowledgement from client
[16Oct2025 22:48:59.164] [Netty Epoll Server IO #6/DEBUG] [net.minecraftforge.network.LoginWrapper/FMLHANDSHAKE]: Recieved login wrapper packet event for channel fml:handshake with index 40
[16Oct2025 22:48:59.164] [Netty Epoll Server IO #6/DEBUG] [net.minecraftforge.network.HandshakeHandler/FMLHANDSHAKE]: Received client indexed reply 40 of type net.minecraftforge.network.HandshakeMessages$C2SAcknowledge
[16Oct2025 22:48:59.164] [Netty Epoll Server IO #6/DEBUG] [net.minecraftforge.network.HandshakeHandler/FMLHANDSHAKE]: Received acknowledgement from client
[16Oct2025 22:48:59.166] [Netty Epoll Server IO #6/DEBUG] [net.minecraftforge.network.LoginWrapper/FMLHANDSHAKE]: Recieved login wrapper packet event for channel fml:handshake with index 41
[16Oct2025 22:48:59.166] [Netty Epoll Server IO #6/DEBUG] [net.minecraftforge.network.HandshakeHandler/FMLHANDSHAKE]: Received client indexed reply 41 of type net.minecraftforge.network.HandshakeMessages$C2SAcknowledge
[16Oct2025 22:48:59.166] [Netty Epoll Server IO #6/DEBUG] [net.minecraftforge.network.HandshakeHandler/FMLHANDSHAKE]: Received acknowledgement from client
[16Oct2025 22:48:59.167] [Netty Epoll Server IO #6/DEBUG] [net.minecraftforge.network.LoginWrapper/FMLHANDSHAKE]: Recieved login wrapper packet event for channel fml:handshake with index 42
[16Oct2025 22:48:59.168] [Netty Epoll Server IO #6/DEBUG] [net.minecraftforge.network.HandshakeHandler/FMLHANDSHAKE]: Received client indexed reply 42 of type net.minecraftforge.network.HandshakeMessages$C2SAcknowledge
[16Oct2025 22:48:59.168] [Netty Epoll Server IO #6/DEBUG] [net.minecraftforge.network.HandshakeHandler/FMLHANDSHAKE]: Received acknowledgement from client
[16Oct2025 22:48:59.168] [Netty Epoll Server IO #6/DEBUG] [net.minecraftforge.network.LoginWrapper/FMLHANDSHAKE]: Recieved login wrapper packet event for channel fml:handshake with index 43
[16Oct2025 22:48:59.168] [Netty Epoll Server IO #6/DEBUG] [net.minecraftforge.network.HandshakeHandler/FMLHANDSHAKE]: Received client indexed reply 43 of type net.minecraftforge.network.HandshakeMessages$C2SAcknowledge
[16Oct2025 22:48:59.168] [Netty Epoll Server IO #6/DEBUG] [net.minecraftforge.network.HandshakeHandler/FMLHANDSHAKE]: Received acknowledgement from client
[16Oct2025 22:48:59.169] [Netty Epoll Server IO #6/DEBUG] [net.minecraftforge.network.LoginWrapper/FMLHANDSHAKE]: Recieved login wrapper packet event for channel fml:handshake with index 44
[16Oct2025 22:48:59.169] [Netty Epoll Server IO #6/DEBUG] [net.minecraftforge.network.HandshakeHandler/FMLHANDSHAKE]: Received client indexed reply 44 of type net.minecraftforge.network.HandshakeMessages$C2SAcknowledge
[16Oct2025 22:48:59.169] [Netty Epoll Server IO #6/DEBUG] [net.minecraftforge.network.HandshakeHandler/FMLHANDSHAKE]: Received acknowledgement from client
[16Oct2025 22:48:59.169] [Netty Epoll Server IO #6/DEBUG] [net.minecraftforge.network.LoginWrapper/FMLHANDSHAKE]: Recieved login wrapper packet event for channel fml:handshake with index 45
[16Oct2025 22:48:59.169] [Netty Epoll Server IO #6/DEBUG] [net.minecraftforge.network.HandshakeHandler/FMLHANDSHAKE]: Received client indexed reply 45 of type net.minecraftforge.network.HandshakeMessages$C2SAcknowledge
[16Oct2025 22:48:59.169] [Netty Epoll Server IO #6/DEBUG] [net.minecraftforge.network.HandshakeHandler/FMLHANDSHAKE]: Received acknowledgement from client
[16Oct2025 22:48:59.192] [Server thread/DEBUG] [net.minecraftforge.network.HandshakeHandler/FMLHANDSHAKE]: Handshake complete!
[16Oct2025 22:48:59.259] [Server thread/INFO] [net.minecraft.server.players.PlayerList/]: Danielbox123[/127.132.121.186:45375] logged in with entity id 15429 at (824.6999999880791, 67.0, -154.69999998807907)
[16Oct2025 22:48:59.262] [Server thread/DEBUG] [net.minecraftforge.network.filters.NetworkFilters/]: Injected net.minecraftforge.network.filters.ForgeConnectionNetworkFilter@76016bb4 into net.minecraft.network.Connection@50c64da4
[16Oct2025 22:48:59.274] [Server thread/INFO] [net.minecraft.server.MinecraftServer/]: Danielbox123 joined the game
[16Oct2025 22:49:00.182] [Server thread/DEBUG] [tacz/SYNC_BASE_TIMESTAMP]: Update server base timestamp: 1760654939892
[16Oct2025 22:49:00.202] [Netty Epoll Server IO #3/DEBUG] [net.minecraftforge.network.HandshakeHandler/FMLHANDSHAKE]: Starting new modded impl connection. Found 46 messages to dispatch.
[16Oct2025 22:49:00.207] [Server thread/DEBUG] [net.minecraftforge.network.HandshakeHandler/FMLHANDSHAKE]: Sending ticking packet info 'com.tacz.guns.network.message.handshake.ServerMessageSyncedEntityDataMapping' to 'tacz:handshake' sequence 0
[16Oct2025 22:49:00.220] [Server thread/DEBUG] [net.minecraftforge.network.HandshakeHandler/FMLHANDSHAKE]: Sending ticking packet info 'net.minecraftforge.network.HandshakeMessages$S2CModData' to 'fml:handshake' sequence 1
[16Oct2025 22:49:00.230] [Server thread/DEBUG] [net.minecraftforge.network.HandshakeHandler/FMLHANDSHAKE]: Sending ticking packet info 'net.minecraftforge.network.HandshakeMessages$S2CModList' to 'fml:handshake' sequence 2
[16Oct2025 22:49:00.240] [Server thread/DEBUG] [net.minecraftforge.network.HandshakeHandler/FMLHANDSHAKE]: Sending ticking packet info 'Registry minecraft:command_argument_type' to 'fml:handshake' sequence 3
[16Oct2025 22:49:00.245] [Server thread/DEBUG] [net.minecraftforge.network.HandshakeHandler/FMLHANDSHAKE]: Sending ticking packet info 'Registry irons_spellbooks:schools' to 'fml:handshake' sequence 4
[16Oct2025 22:49:00.251] [Server thread/DEBUG] [net.minecraftforge.network.HandshakeHandler/FMLHANDSHAKE]: Sending ticking packet info 'Registry minecraft:villager_profession' to 'fml:handshake' sequence 5
[16Oct2025 22:49:00.260] [Server thread/DEBUG] [net.minecraftforge.network.HandshakeHandler/FMLHANDSHAKE]: Sending ticking packet info 'Registry minecraft:item' to 'fml:handshake' sequence 6
[16Oct2025 22:49:00.279] [Server thread/DEBUG] [net.minecraftforge.network.HandshakeHandler/FMLHANDSHAKE]: Sending ticking packet info 'Registry minecraft:potion' to 'fml:handshake' sequence 7
[16Oct2025 22:49:00.289] [Server thread/DEBUG] [net.minecraftforge.network.HandshakeHandler/FMLHANDSHAKE]: Sending ticking packet info 'Registry vampirism:refinement' to 'fml:handshake' sequence 8
[16Oct2025 22:49:00.297] [Server thread/DEBUG] [net.minecraftforge.network.HandshakeHandler/FMLHANDSHAKE]: Sending ticking packet info 'Registry minecraft:block_entity_type' to 'fml:handshake' sequence 9
[16Oct2025 22:49:00.304] [Server thread/DEBUG] [net.minecraftforge.network.HandshakeHandler/FMLHANDSHAKE]: Sending ticking packet info 'Registry forge:display_contexts' to 'fml:handshake' sequence 10
[16Oct2025 22:49:00.323] [Server thread/DEBUG] [net.minecraftforge.network.HandshakeHandler/FMLHANDSHAKE]: Sending ticking packet info 'Registry vampirism:task_unlocker' to 'fml:handshake' sequence 11
[16Oct2025 22:49:00.344] [Netty Epoll Server IO #3/DEBUG] [net.minecraftforge.network.LoginWrapper/FMLHANDSHAKE]: Recieved login wrapper packet event for channel tacz:handshake with index 0
[16Oct2025 22:49:00.344] [Netty Epoll Server IO #3/DEBUG] [net.minecraftforge.network.HandshakeHandler/FMLHANDSHAKE]: Received client indexed reply 0 of type com.tacz.guns.network.message.handshake.Acknowledge
[16Oct2025 22:49:00.344] [Netty Epoll Server IO #3/DEBUG] [tacz/HANDSHAKE_ACKNOWLEDGE]: Received acknowledgement from client
[16Oct2025 22:49:00.345] [Server thread/DEBUG] [net.minecraftforge.network.HandshakeHandler/FMLHANDSHAKE]: Sending ticking packet info 'Registry irons_spellbooks:spells' to 'fml:handshake' sequence 12
[16Oct2025 22:49:00.362] [Server thread/DEBUG] [net.minecraftforge.network.HandshakeHandler/FMLHANDSHAKE]: Sending ticking packet info 'Registry vampirism:miniontasks' to 'fml:handshake' sequence 13
[16Oct2025 22:49:00.364] [Netty Epoll Server IO #3/DEBUG] [net.minecraftforge.network.LoginWrapper/FMLHANDSHAKE]: Recieved login wrapper packet event for channel fml:handshake with index 2
[16Oct2025 22:49:00.364] [Netty Epoll Server IO #3/DEBUG] [net.minecraftforge.network.HandshakeHandler/FMLHANDSHAKE]: Received client indexed reply 2 of type net.minecraftforge.network.HandshakeMessages$C2SModListReply
[16Oct2025 22:49:00.364] [Netty Epoll Server IO #3/DEBUG] [net.minecraftforge.network.HandshakeHandler/FMLHANDSHAKE]: Received client connection with modlist [minecraft, immersiveui, trade_cycling, pick_up_tnt, mcef, geckolib, playeranimator, jei, tacz, a_good_place, caelus, sophisticatedcore, iceberg, curios, legendarytooltips, xaerominimap, xaeroworldmap, prism, citadel, alexscaves, irons_spellbooks, aaa_particles, mixinextras, tombstone, sophisticatedbackpacks, coroutil, architectury, octolib, aaa_particles_world, vampirism, teamlapenlib, iceandfire, crucifix, watut, forge, tlskincape, webdisplays, endermail]
[16Oct2025 22:49:00.365] [Netty Epoll Server IO #3/DEBUG] [net.minecraftforge.network.NetworkRegistry/NETREGISTRY]: Channel 'teamlapenlib:main' : Version test of '1' from client : ACCEPTED
[16Oct2025 22:49:00.365] [Netty Epoll Server IO #3/DEBUG] [net.minecraftforge.network.NetworkRegistry/NETREGISTRY]: Channel 'watut:main' : Version test of '4' from client : ACCEPTED
[16Oct2025 22:49:00.365] [Netty Epoll Server IO #3/DEBUG] [net.minecraftforge.network.NetworkRegistry/NETREGISTRY]: Channel 'alexscaves:main_channel' : Version test of '1' from client : ACCEPTED
[16Oct2025 22:49:00.365] [Netty Epoll Server IO #3/DEBUG] [net.minecraftforge.network.NetworkRegistry/NETREGISTRY]: Channel 'architectury:network' : Version test of '1' from client : ACCEPTED
[16Oct2025 22:49:00.365] [Netty Epoll Server IO #3/DEBUG] [net.minecraftforge.network.NetworkRegistry/NETREGISTRY]: Channel 'endermail:endermail' : Version test of '1.0' from client : ACCEPTED
[16Oct2025 22:49:00.365] [Netty Epoll Server IO #3/DEBUG] [net.minecraftforge.network.NetworkRegistry/NETREGISTRY]: Channel 'webdisplays:packetsystem' : Version test of '2' from client : ACCEPTED
[16Oct2025 22:49:00.365] [Netty Epoll Server IO #3/DEBUG] [net.minecraftforge.network.NetworkRegistry/NETREGISTRY]: Channel 'jei:channel' : Version test of '1.0.0' from client : ACCEPTED
[16Oct2025 22:49:00.365] [Netty Epoll Server IO #3/DEBUG] [net.minecraftforge.network.NetworkRegistry/NETREGISTRY]: Channel 'minecraft:unregister' : Version test of 'FML3' from client : ACCEPTED
[16Oct2025 22:49:00.365] [Netty Epoll Server IO #3/DEBUG] [net.minecraftforge.network.NetworkRegistry/NETREGISTRY]: Channel 'sophisticatedbackpacks:channel' : Version test of '1' from client : ACCEPTED
[16Oct2025 22:49:00.365] [Netty Epoll Server IO #3/DEBUG] [net.minecraftforge.network.NetworkRegistry/NETREGISTRY]: Channel 'citadel:main_channel' : Version test of '1' from client : ACCEPTED
[16Oct2025 22:49:00.365] [Netty Epoll Server IO #3/DEBUG] [net.minecraftforge.network.NetworkRegistry/NETREGISTRY]: Channel 'iceandfire:main_channel' : Version test of '1' from client : ACCEPTED
[16Oct2025 22:49:00.365] [Netty Epoll Server IO #3/DEBUG] [net.minecraftforge.network.NetworkRegistry/NETREGISTRY]: Channel 'trade_cycling:cycle_trades' : Version test of 'ALLOWVANILLA 💓💓💓' from client : ACCEPTED
[16Oct2025 22:49:00.365] [Netty Epoll Server IO #3/DEBUG] [net.minecraftforge.network.NetworkRegistry/NETREGISTRY]: Channel 'tacz:handshake' : Version test of '1.0.4' from client : ACCEPTED
[16Oct2025 22:49:00.365] [Netty Epoll Server IO #3/DEBUG] [net.minecraftforge.network.NetworkRegistry/NETREGISTRY]: Channel 'curios:main' : Version test of '1' from client : ACCEPTED
[16Oct2025 22:49:00.365] [Netty Epoll Server IO #3/DEBUG] [net.minecraftforge.network.NetworkRegistry/NETREGISTRY]: Channel 'irons_spellbooks:messages' : Version test of '1.0' from client : ACCEPTED
[16Oct2025 22:49:00.365] [Netty Epoll Server IO #3/DEBUG] [net.minecraftforge.network.NetworkRegistry/NETREGISTRY]: Channel 'fml:loginwrapper' : Version test of 'FML3' from client : ACCEPTED
[16Oct2025 22:49:00.365] [Netty Epoll Server IO #3/DEBUG] [net.minecraftforge.network.NetworkRegistry/NETREGISTRY]: Channel 'forge:tier_sorting' : Version test of '1.0' from client : ACCEPTED
[16Oct2025 22:49:00.365] [Netty Epoll Server IO #3/DEBUG] [net.minecraftforge.network.NetworkRegistry/NETREGISTRY]: Channel 'crucifix:crucifix' : Version test of '1' from client : ACCEPTED
[16Oct2025 22:49:00.365] [Netty Epoll Server IO #3/DEBUG] [net.minecraftforge.network.NetworkRegistry/NETREGISTRY]: Channel 'tombstone:tombstone_channel' : Version test of 'tombstone-9.0.9' from client : ACCEPTED
[16Oct2025 22:49:00.365] [Netty Epoll Server IO #3/DEBUG] [net.minecraftforge.network.NetworkRegistry/NETREGISTRY]: Channel 'fml:play' : Version test of 'FML3' from client : ACCEPTED
[16Oct2025 22:49:00.365] [Netty Epoll Server IO #3/DEBUG] [net.minecraftforge.network.NetworkRegistry/NETREGISTRY]: Channel 'sophisticatedcore:channel' : Version test of '1' from client : ACCEPTED
[16Oct2025 22:49:00.365] [Netty Epoll Server IO #3/DEBUG] [net.minecraftforge.network.NetworkRegistry/NETREGISTRY]: Channel 'caelus:main' : Version test of '1' from client : ACCEPTED
[16Oct2025 22:49:00.365] [Netty Epoll Server IO #3/DEBUG] [net.minecraftforge.network.NetworkRegistry/NETREGISTRY]: Channel 'fml:handshake' : Version test of 'FML3' from client : ACCEPTED
[16Oct2025 22:49:00.365] [Netty Epoll Server IO #3/DEBUG] [net.minecraftforge.network.NetworkRegistry/NETREGISTRY]: Channel 'vampirism:main' : Version test of '1' from client : ACCEPTED
[16Oct2025 22:49:00.365] [Netty Epoll Server IO #3/DEBUG] [net.minecraftforge.network.NetworkRegistry/NETREGISTRY]: Channel 'minecraft:register' : Version test of 'FML3' from client : ACCEPTED
[16Oct2025 22:49:00.365] [Netty Epoll Server IO #3/DEBUG] [net.minecraftforge.network.NetworkRegistry/NETREGISTRY]: Channel 'forge:split' : Version test of '1.1' from client : ACCEPTED
[16Oct2025 22:49:00.365] [Netty Epoll Server IO #3/DEBUG] [net.minecraftforge.network.NetworkRegistry/NETREGISTRY]: Channel 'tacz:network' : Version test of '1.0.4' from client : ACCEPTED
[16Oct2025 22:49:00.365] [Netty Epoll Server IO #3/DEBUG] [net.minecraftforge.network.NetworkRegistry/NETREGISTRY]: Channel 'geckolib:main' : Version test of '1' from client : ACCEPTED
[16Oct2025 22:49:00.365] [Netty Epoll Server IO #3/DEBUG] [net.minecraftforge.network.NetworkRegistry/NETREGISTRY]: Accepting channel list from client
[16Oct2025 22:49:00.365] [Netty Epoll Server IO #3/DEBUG] [net.minecraftforge.network.HandshakeHandler/FMLHANDSHAKE]: Accepted client connection mod list
[16Oct2025 22:49:00.371] [Netty Epoll Server IO #3/DEBUG] [net.minecraftforge.network.LoginWrapper/FMLHANDSHAKE]: Recieved login wrapper packet event for channel fml:handshake with index 3
[16Oct2025 22:49:00.372] [Netty Epoll Server IO #3/DEBUG] [net.minecraftforge.network.HandshakeHandler/FMLHANDSHAKE]: Received client indexed reply 3 of type net.minecraftforge.network.HandshakeMessages$C2SAcknowledge
[16Oct2025 22:49:00.372] [Netty Epoll Server IO #3/DEBUG] [net.minecraftforge.network.HandshakeHandler/FMLHANDSHAKE]: Received acknowledgement from client
[16Oct2025 22:49:00.377] [Netty Epoll Server IO #3/DEBUG] [net.minecraftforge.network.LoginWrapper/FMLHANDSHAKE]: Recieved login wrapper packet event for channel fml:handshake with index 4
[16Oct2025 22:49:00.377] [Netty Epoll Server IO #3/DEBUG] [net.minecraftforge.network.HandshakeHandler/FMLHANDSHAKE]: Received client indexed reply 4 of type net.minecraftforge.network.HandshakeMessages$C2SAcknowledge
[16Oct2025 22:49:00.377] [Netty Epoll Server IO #3/DEBUG] [net.minecraftforge.network.HandshakeHandler/FMLHANDSHAKE]: Received acknowledgement from client
[16Oct2025 22:49:00.382] [Server thread/DEBUG] [net.minecraftforge.network.HandshakeHandler/FMLHANDSHAKE]: Sending ticking packet info 'Registry minecraft:stat_type' to 'fml:handshake' sequence 14
[16Oct2025 22:49:00.382] [Netty Epoll Server IO #3/DEBUG] [net.minecraftforge.network.LoginWrapper/FMLHANDSHAKE]: Recieved login wrapper packet event for channel fml:handshake with index 5
[16Oct2025 22:49:00.383] [Netty Epoll Server IO #3/DEBUG] [net.minecraftforge.network.HandshakeHandler/FMLHANDSHAKE]: Received client indexed reply 5 of type net.minecraftforge.network.HandshakeMessages$C2SAcknowledge
[16Oct2025 22:49:00.383] [Netty Epoll Server IO #3/DEBUG] [net.minecraftforge.network.HandshakeHandler/FMLHANDSHAKE]: Received acknowledgement from client
[16Oct2025 22:49:00.397] [Server thread/DEBUG] [net.minecraftforge.network.HandshakeHandler/FMLHANDSHAKE]: Sending ticking packet info 'Registry vampirism:skills' to 'fml:handshake' sequence 15
[16Oct2025 22:49:00.412] [Server thread/DEBUG] [net.minecraftforge.network.HandshakeHandler/FMLHANDSHAKE]: Sending ticking packet info 'Registry minecraft:menu' to 'fml:handshake' sequence 16
[16Oct2025 22:49:00.426] [Server thread/DEBUG] [net.minecraftforge.network.HandshakeHandler/FMLHANDSHAKE]: Sending ticking packet info 'Registry vampirism:actions' to 'fml:handshake' sequence 17
[16Oct2025 22:49:00.440] [Server thread/DEBUG] [net.minecraftforge.network.HandshakeHandler/FMLHANDSHAKE]: Sending ticking packet info 'Registry vampirism:refinement_set' to 'fml:handshake' sequence 18
[16Oct2025 22:49:00.456] [Server thread/DEBUG] [net.minecraftforge.network.HandshakeHandler/FMLHANDSHAKE]: Sending ticking packet info 'Registry minecraft:fluid' to 'fml:handshake' sequence 19
[16Oct2025 22:49:00.504] [Server thread/DEBUG] [net.minecraftforge.network.HandshakeHandler/FMLHANDSHAKE]: Sending ticking packet info 'Registry vampirism:task_requirement' to 'fml:handshake' sequence 20
[16Oct2025 22:49:00.563] [Server thread/DEBUG] [net.minecraftforge.network.HandshakeHandler/FMLHANDSHAKE]: Sending ticking packet info 'Registry minecraft:recipe_serializer' to 'fml:handshake' sequence 21
[16Oct2025 22:49:00.605] [Server thread/DEBUG] [net.minecraftforge.network.HandshakeHandler/FMLHANDSHAKE]: Sending ticking packet info 'Registry minecraft:sound_event' to 'fml:handshake' sequence 22
[16Oct2025 22:49:00.627] [Server thread/DEBUG] [net.minecraftforge.network.HandshakeHandler/FMLHANDSHAKE]: Sending ticking packet info 'Registry minecraft:particle_type' to 'fml:handshake' sequence 23
[16Oct2025 22:49:00.693] [Server thread/DEBUG] [net.minecraftforge.network.HandshakeHandler/FMLHANDSHAKE]: Sending ticking packet info 'Registry minecraft:painting_variant' to 'fml:handshake' sequence 24
[16Oct2025 22:49:00.746] [Server thread/DEBUG] [net.minecraftforge.network.HandshakeHandler/FMLHANDSHAKE]: Sending ticking packet info 'Registry forge:fluid_type' to 'fml:handshake' sequence 25
[16Oct2025 22:49:00.774] [Server thread/DEBUG] [net.minecraftforge.network.HandshakeHandler/FMLHANDSHAKE]: Sending ticking packet info 'Registry minecraft:block' to 'fml:handshake' sequence 26
[16Oct2025 22:49:00.783] [Netty Epoll Server IO #3/DEBUG] [net.minecraftforge.network.LoginWrapper/FMLHANDSHAKE]: Recieved login wrapper packet event for channel fml:handshake with index 6
[16Oct2025 22:49:00.783] [Netty Epoll Server IO #3/DEBUG] [net.minecraftforge.network.HandshakeHandler/FMLHANDSHAKE]: Received client indexed reply 6 of type net.minecraftforge.network.HandshakeMessages$C2SAcknowledge
[16Oct2025 22:49:00.783] [Netty Epoll Server IO #3/DEBUG] [net.minecraftforge.network.HandshakeHandler/FMLHANDSHAKE]: Received acknowledgement from client
[16Oct2025 22:49:00.783] [Netty Epoll Server IO #3/DEBUG] [net.minecraftforge.network.LoginWrapper/FMLHANDSHAKE]: Recieved login wrapper packet event for channel fml:handshake with index 7
[16Oct2025 22:49:00.783] [Netty Epoll Server IO #3/DEBUG] [net.minecraftforge.network.HandshakeHandler/FMLHANDSHAKE]: Received client indexed reply 7 of type net.minecraftforge.network.HandshakeMessages$C2SAcknowledge
[16Oct2025 22:49:00.783] [Netty Epoll Server IO #3/DEBUG] [net.minecraftforge.network.HandshakeHandler/FMLHANDSHAKE]: Received acknowledgement from client
[16Oct2025 22:49:00.783] [Netty Epoll Server IO #3/DEBUG] [net.minecraftforge.network.LoginWrapper/FMLHANDSHAKE]: Recieved login wrapper packet event for channel fml:handshake with index 8
[16Oct2025 22:49:00.783] [Netty Epoll Server IO #3/DEBUG] [net.minecraftforge.network.HandshakeHandler/FMLHANDSHAKE]: Received client indexed reply 8 of type net.minecraftforge.network.HandshakeMessages$C2SAcknowledge
[16Oct2025 22:49:00.783] [Netty Epoll Server IO #3/DEBUG] [net.minecraftforge.network.HandshakeHandler/FMLHANDSHAKE]: Received acknowledgement from client
[16Oct2025 22:49:00.803] [Netty Epoll Server IO #3/DEBUG] [net.minecraftforge.network.LoginWrapper/FMLHANDSHAKE]: Recieved login wrapper packet event for channel fml:handshake with index 9
[16Oct2025 22:49:00.803] [Netty Epoll Server IO #3/DEBUG] [net.minecraftforge.network.HandshakeHandler/FMLHANDSHAKE]: Received client indexed reply 9 of type net.minecraftforge.network.HandshakeMessages$C2SAcknowledge
[16Oct2025 22:49:00.803] [Netty Epoll Server IO #3/DEBUG] [net.minecraftforge.network.HandshakeHandler/FMLHANDSHAKE]: Received acknowledgement from client
[16Oct2025 22:49:00.803] [Netty Epoll Server IO #3/DEBUG] [net.minecraftforge.network.LoginWrapper/FMLHANDSHAKE]: Recieved login wrapper packet event for channel fml:handshake with index 10
[16Oct2025 22:49:00.803] [Netty Epoll Server IO #3/DEBUG] [net.minecraftforge.network.HandshakeHandler/FMLHANDSHAKE]: Received client indexed reply 10 of type net.minecraftforge.network.HandshakeMessages$C2SAcknowledge
[16Oct2025 22:49:00.803] [Netty Epoll Server IO #3/DEBUG] [net.minecraftforge.network.HandshakeHandler/FMLHANDSHAKE]: Received acknowledgement from client
[16Oct2025 22:49:00.803] [Netty Epoll Server IO #3/DEBUG] [net.minecraftforge.network.LoginWrapper/FMLHANDSHAKE]: Recieved login wrapper packet event for channel fml:handshake with index 11
[16Oct2025 22:49:00.804] [Netty Epoll Server IO #3/DEBUG] [net.minecraftforge.network.HandshakeHandler/FMLHANDSHAKE]: Received client indexed reply 11 of type net.minecraftforge.network.HandshakeMessages$C2SAcknowledge
[16Oct2025 22:49:00.804] [Netty Epoll Server IO #3/DEBUG] [net.minecraftforge.network.HandshakeHandler/FMLHANDSHAKE]: Received acknowledgement from client
[16Oct2025 22:49:00.842] [Server thread/DEBUG] [net.minecraftforge.network.HandshakeHandler/FMLHANDSHAKE]: Sending ticking packet info 'Registry forge:entity_data_serializers' to 'fml:handshake' sequence 27
[16Oct2025 22:49:00.858] [Server thread/DEBUG] [net.minecraftforge.network.HandshakeHandler/FMLHANDSHAKE]: Sending ticking packet info 'Registry vampirism:task_reward' to 'fml:handshake' sequence 28
[16Oct2025 22:49:00.859] [Netty Epoll Server IO #3/DEBUG] [net.minecraftforge.network.LoginWrapper/FMLHANDSHAKE]: Recieved login wrapper packet event for channel fml:handshake with index 12
[16Oct2025 22:49:00.859] [Netty Epoll Server IO #3/DEBUG] [net.minecraftforge.network.HandshakeHandler/FMLHANDSHAKE]: Received client indexed reply 12 of type net.minecraftforge.network.HandshakeMessages$C2SAcknowledge
[16Oct2025 22:49:00.859] [Netty Epoll Server IO #3/DEBUG] [net.minecraftforge.network.HandshakeHandler/FMLHANDSHAKE]: Received acknowledgement from client
[16Oct2025 22:49:00.859] [Netty Epoll Server IO #3/DEBUG] [net.minecraftforge.network.LoginWrapper/FMLHANDSHAKE]: Recieved login wrapper packet event for channel fml:handshake with index 13
[16Oct2025 22:49:00.859] [Netty Epoll Server IO #3/DEBUG] [net.minecraftforge.network.HandshakeHandler/FMLHANDSHAKE]: Received client indexed reply 13 of type net.minecraftforge.network.HandshakeMessages$C2SAcknowledge
[16Oct2025 22:49:00.859] [Netty Epoll Server IO #3/DEBUG] [net.minecraftforge.network.HandshakeHandler/FMLHANDSHAKE]: Received acknowledgement from client
[16Oct2025 22:49:00.860] [Netty Epoll Server IO #3/DEBUG] [net.minecraftforge.network.LoginWrapper/FMLHANDSHAKE]: Recieved login wrapper packet event for channel fml:handshake with index 14
[16Oct2025 22:49:00.860] [Netty Epoll Server IO #3/DEBUG] [net.minecraftforge.network.HandshakeHandler/FMLHANDSHAKE]: Received client indexed reply 14 of type net.minecraftforge.network.HandshakeMessages$C2SAcknowledge
[16Oct2025 22:49:00.860] [Netty Epoll Server IO #3/DEBUG] [net.minecraftforge.network.HandshakeHandler/FMLHANDSHAKE]: Received acknowledgement from client
[16Oct2025 22:49:00.863] [Netty Epoll Server IO #3/DEBUG] [net.minecraftforge.network.LoginWrapper/FMLHANDSHAKE]: Recieved login wrapper packet event for channel fml:handshake with index 15
[16Oct2025 22:49:00.863] [Netty Epoll Server IO #3/DEBUG] [net.minecraftforge.network.HandshakeHandler/FMLHANDSHAKE]: Received client indexed reply 15 of type net.minecraftforge.network.HandshakeMessages$C2SAcknowledge
[16Oct2025 22:49:00.863] [Netty Epoll Server IO #3/DEBUG] [net.minecraftforge.network.HandshakeHandler/FMLHANDSHAKE]: Received acknowledgement from client
[16Oct2025 22:49:00.864] [Netty Epoll Server IO #3/DEBUG] [net.minecraftforge.network.LoginWrapper/FMLHANDSHAKE]: Recieved login wrapper packet event for channel fml:handshake with index 16
[16Oct2025 22:49:00.864] [Netty Epoll Server IO #3/DEBUG] [net.minecraftforge.network.HandshakeHandler/FMLHANDSHAKE]: Received client indexed reply 16 of type net.minecraftforge.network.HandshakeMessages$C2SAcknowledge
[16Oct2025 22:49:00.864] [Netty Epoll Server IO #3/DEBUG] [net.minecraftforge.network.HandshakeHandler/FMLHANDSHAKE]: Received acknowledgement from client
[16Oct2025 22:49:00.864] [Netty Epoll Server IO #3/DEBUG] [net.minecraftforge.network.LoginWrapper/FMLHANDSHAKE]: Recieved login wrapper packet event for channel fml:handshake with index 17
[16Oct2025 22:49:00.864] [Netty Epoll Server IO #3/DEBUG] [net.minecraftforge.network.HandshakeHandler/FMLHANDSHAKE]: Received client indexed reply 17 of type net.minecraftforge.network.HandshakeMessages$C2SAcknowledge
[16Oct2025 22:49:00.864] [Netty Epoll Server IO #3/DEBUG] [net.minecraftforge.network.HandshakeHandler/FMLHANDSHAKE]: Received acknowledgement from client
[16Oct2025 22:49:00.867] [Netty Epoll Server IO #3/DEBUG] [net.minecraftforge.network.LoginWrapper/FMLHANDSHAKE]: Recieved login wrapper packet event for channel fml:handshake with index 18
[16Oct2025 22:49:00.867] [Netty Epoll Server IO #3/DEBUG] [net.minecraftforge.network.HandshakeHandler/FMLHANDSHAKE]: Received client indexed reply 18 of type net.minecraftforge.network.HandshakeMessages$C2SAcknowledge
[16Oct2025 22:49:00.867] [Netty Epoll Server IO #3/DEBUG] [net.minecraftforge.network.HandshakeHandler/FMLHANDSHAKE]: Received acknowledgement from client
[16Oct2025 22:49:00.867] [Netty Epoll Server IO #3/DEBUG] [net.minecraftforge.network.LoginWrapper/FMLHANDSHAKE]: Recieved login wrapper packet event for channel fml:handshake with index 19
[16Oct2025 22:49:00.868] [Netty Epoll Server IO #3/DEBUG] [net.minecraftforge.network.HandshakeHandler/FMLHANDSHAKE]: Received client indexed reply 19 of type net.minecraftforge.network.HandshakeMessages$C2SAcknowledge
[16Oct2025 22:49:00.868] [Netty Epoll Server IO #3/DEBUG] [net.minecraftforge.network.HandshakeHandler/FMLHANDSHAKE]: Received acknowledgement from client
[16Oct2025 22:49:00.868] [Netty Epoll Server IO #3/DEBUG] [net.minecraftforge.network.LoginWrapper/FMLHANDSHAKE]: Recieved login wrapper packet event for channel fml:handshake with index 20
[16Oct2025 22:49:00.868] [Netty Epoll Server IO #3/DEBUG] [net.minecraftforge.network.HandshakeHandler/FMLHANDSHAKE]: Received client indexed reply 20 of type net.minecraftforge.network.HandshakeMessages$C2SAcknowledge
[16Oct2025 22:49:00.868] [Netty Epoll Server IO #3/DEBUG] [net.minecraftforge.network.HandshakeHandler/FMLHANDSHAKE]: Received acknowledgement from client
[16Oct2025 22:49:00.868] [Netty Epoll Server IO #3/DEBUG] [net.minecraftforge.network.LoginWrapper/FMLHANDSHAKE]: Recieved login wrapper packet event for channel fml:handshake with index 21
[16Oct2025 22:49:00.868] [Netty Epoll Server IO #3/DEBUG] [net.minecraftforge.network.HandshakeHandler/FMLHANDSHAKE]: Received client indexed reply 21 of type net.minecraftforge.network.HandshakeMessages$C2SAcknowledge
[16Oct2025 22:49:00.868] [Netty Epoll Server IO #3/DEBUG] [net.minecraftforge.network.HandshakeHandler/FMLHANDSHAKE]: Received acknowledgement from client
[16Oct2025 22:49:00.916] [Server thread/DEBUG] [net.minecraftforge.network.HandshakeHandler/FMLHANDSHAKE]: Sending ticking packet info 'Registry vampirism:oil' to 'fml:handshake' sequence 29
[16Oct2025 22:49:00.953] [Server thread/DEBUG] [net.minecraftforge.network.HandshakeHandler/FMLHANDSHAKE]: Sending ticking packet info 'Registry vampirism:converting_handler' to 'fml:handshake' sequence 30
[16Oct2025 22:49:01.072] [Server thread/DEBUG] [net.minecraftforge.network.HandshakeHandler/FMLHANDSHAKE]: Sending ticking packet info 'Registry minecraft:mob_effect' to 'fml:handshake' sequence 31
[16Oct2025 22:49:01.118] [Server thread/DEBUG] [net.minecraftforge.network.HandshakeHandler/FMLHANDSHAKE]: Sending ticking packet info 'Registry vampirism:entityactions' to 'fml:handshake' sequence 32
[16Oct2025 22:49:01.140] [Server thread/DEBUG] [net.minecraftforge.network.HandshakeHandler/FMLHANDSHAKE]: Sending ticking packet info 'Registry tombstone:perks' to 'fml:handshake' sequence 33
[16Oct2025 22:49:01.143] [Netty Epoll Server IO #3/DEBUG] [net.minecraftforge.network.LoginWrapper/FMLHANDSHAKE]: Recieved login wrapper packet event for channel fml:handshake with index 22
[16Oct2025 22:49:01.143] [Netty Epoll Server IO #3/DEBUG] [net.minecraftforge.network.HandshakeHandler/FMLHANDSHAKE]: Received client indexed reply 22 of type net.minecraftforge.network.HandshakeMessages$C2SAcknowledge
[16Oct2025 22:49:01.144] [Netty Epoll Server IO #3/DEBUG] [net.minecraftforge.network.HandshakeHandler/FMLHANDSHAKE]: Received acknowledgement from client
[16Oct2025 22:49:01.147] [Netty Epoll Server IO #3/DEBUG] [net.minecraftforge.network.LoginWrapper/FMLHANDSHAKE]: Recieved login wrapper packet event for channel fml:handshake with index 23
[16Oct2025 22:49:01.147] [Netty Epoll Server IO #3/DEBUG] [net.minecraftforge.network.HandshakeHandler/FMLHANDSHAKE]: Received client indexed reply 23 of type net.minecraftforge.network.HandshakeMessages$C2SAcknowledge
[16Oct2025 22:49:01.147] [Netty Epoll Server IO #3/DEBUG] [net.minecraftforge.network.HandshakeHandler/FMLHANDSHAKE]: Received acknowledgement from client
[16Oct2025 22:49:01.147] [Netty Epoll Server IO #3/DEBUG] [net.minecraftforge.network.LoginWrapper/FMLHANDSHAKE]: Recieved login wrapper packet event for channel fml:handshake with index 24
[16Oct2025 22:49:01.147] [Netty Epoll Server IO #3/DEBUG] [net.minecraftforge.network.HandshakeHandler/FMLHANDSHAKE]: Received client indexed reply 24 of type net.minecraftforge.network.HandshakeMessages$C2SAcknowledge
[16Oct2025 22:49:01.147] [Netty Epoll Server IO #3/DEBUG] [net.minecraftforge.network.HandshakeHandler/FMLHANDSHAKE]: Received acknowledgement from client
[16Oct2025 22:49:01.147] [Netty Epoll Server IO #3/DEBUG] [net.minecraftforge.network.LoginWrapper/FMLHANDSHAKE]: Recieved login wrapper packet event for channel fml:handshake with index 25
[16Oct2025 22:49:01.148] [Netty Epoll Server IO #3/DEBUG] [net.minecraftforge.network.HandshakeHandler/FMLHANDSHAKE]: Received client indexed reply 25 of type net.minecraftforge.network.HandshakeMessages$C2SAcknowledge
[16Oct2025 22:49:01.148] [Netty Epoll Server IO #3/DEBUG] [net.minecraftforge.network.HandshakeHandler/FMLHANDSHAKE]: Received acknowledgement from client
[16Oct2025 22:49:01.185] [Server thread/DEBUG] [net.minecraftforge.network.HandshakeHandler/FMLHANDSHAKE]: Sending ticking packet info 'Registry minecraft:enchantment' to 'fml:handshake' sequence 34
[16Oct2025 22:49:01.207] [Server thread/DEBUG] [net.minecraftforge.network.HandshakeHandler/FMLHANDSHAKE]: Sending ticking packet info 'Registry vampirism:task_reward_instance' to 'fml:handshake' sequence 35
[16Oct2025 22:49:01.277] [Server thread/DEBUG] [net.minecraftforge.network.HandshakeHandler/FMLHANDSHAKE]: Sending ticking packet info 'Registry minecraft:entity_type' to 'fml:handshake' sequence 36
[16Oct2025 22:49:01.283] [Netty Epoll Server IO #3/DEBUG] [net.minecraftforge.network.LoginWrapper/FMLHANDSHAKE]: Recieved login wrapper packet event for channel fml:handshake with index 26
[16Oct2025 22:49:01.283] [Netty Epoll Server IO #3/DEBUG] [net.minecraftforge.network.HandshakeHandler/FMLHANDSHAKE]: Received client indexed reply 26 of type net.minecraftforge.network.HandshakeMessages$C2SAcknowledge
[16Oct2025 22:49:01.284] [Netty Epoll Server IO #3/DEBUG] [net.minecraftforge.network.HandshakeHandler/FMLHANDSHAKE]: Received acknowledgement from client
[16Oct2025 22:49:01.284] [Netty Epoll Server IO #3/DEBUG] [net.minecraftforge.network.LoginWrapper/FMLHANDSHAKE]: Recieved login wrapper packet event for channel fml:handshake with index 27
[16Oct2025 22:49:01.285] [Netty Epoll Server IO #3/DEBUG] [net.minecraftforge.network.HandshakeHandler/FMLHANDSHAKE]: Received client indexed reply 27 of type net.minecraftforge.network.HandshakeMessages$C2SAcknowledge
[16Oct2025 22:49:01.285] [Netty Epoll Server IO #3/DEBUG] [net.minecraftforge.network.HandshakeHandler/FMLHANDSHAKE]: Received acknowledgement from client
[16Oct2025 22:49:01.285] [Netty Epoll Server IO #3/DEBUG] [net.minecraftforge.network.LoginWrapper/FMLHANDSHAKE]: Recieved login wrapper packet event for channel fml:handshake with index 28
[16Oct2025 22:49:01.286] [Netty Epoll Server IO #3/DEBUG] [net.minecraftforge.network.HandshakeHandler/FMLHANDSHAKE]: Received client indexed reply 28 of type net.minecraftforge.network.HandshakeMessages$C2SAcknowledge
[16Oct2025 22:49:01.286] [Netty Epoll Server IO #3/DEBUG] [net.minecraftforge.network.HandshakeHandler/FMLHANDSHAKE]: Received acknowledgement from client
[16Oct2025 22:49:01.286] [Netty Epoll Server IO #3/DEBUG] [net.minecraftforge.network.LoginWrapper/FMLHANDSHAKE]: Recieved login wrapper packet event for channel fml:handshake with index 29
[16Oct2025 22:49:01.286] [Netty Epoll Server IO #3/DEBUG] [net.minecraftforge.network.HandshakeHandler/FMLHANDSHAKE]: Received client indexed reply 29 of type net.minecraftforge.network.HandshakeMessages$C2SAcknowledge
[16Oct2025 22:49:01.286] [Netty Epoll Server IO #3/DEBUG] [net.minecraftforge.network.HandshakeHandler/FMLHANDSHAKE]: Received acknowledgement from client
[16Oct2025 22:49:01.287] [Netty Epoll Server IO #3/DEBUG] [net.minecraftforge.network.LoginWrapper/FMLHANDSHAKE]: Recieved login wrapper packet event for channel fml:handshake with index 30
[16Oct2025 22:49:01.287] [Netty Epoll Server IO #3/DEBUG] [net.minecraftforge.network.HandshakeHandler/FMLHANDSHAKE]: Received client indexed reply 30 of type net.minecraftforge.network.HandshakeMessages$C2SAcknowledge
[16Oct2025 22:49:01.287] [Netty Epoll Server IO #3/DEBUG] [net.minecraftforge.network.HandshakeHandler/FMLHANDSHAKE]: Received acknowledgement from client
[16Oct2025 22:49:01.295] [Netty Epoll Server IO #3/DEBUG] [net.minecraftforge.network.LoginWrapper/FMLHANDSHAKE]: Recieved login wrapper packet event for channel fml:handshake with index 31
[16Oct2025 22:49:01.295] [Netty Epoll Server IO #3/DEBUG] [net.minecraftforge.network.HandshakeHandler/FMLHANDSHAKE]: Received client indexed reply 31 of type net.minecraftforge.network.HandshakeMessages$C2SAcknowledge
[16Oct2025 22:49:01.296] [Netty Epoll Server IO #3/DEBUG] [net.minecraftforge.network.HandshakeHandler/FMLHANDSHAKE]: Received acknowledgement from client
[16Oct2025 22:49:01.296] [Netty Epoll Server IO #3/DEBUG] [net.minecraftforge.network.LoginWrapper/FMLHANDSHAKE]: Recieved login wrapper packet event for channel fml:handshake with index 32
[16Oct2025 22:49:01.296] [Netty Epoll Server IO #3/DEBUG] [net.minecraftforge.network.HandshakeHandler/FMLHANDSHAKE]: Received client indexed reply 32 of type net.minecraftforge.network.HandshakeMessages$C2SAcknowledge
[16Oct2025 22:49:01.296] [Netty Epoll Server IO #3/DEBUG] [net.minecraftforge.network.HandshakeHandler/FMLHANDSHAKE]: Received acknowledgement from client
[16Oct2025 22:49:01.296] [Netty Epoll Server IO #3/DEBUG] [net.minecraftforge.network.LoginWrapper/FMLHANDSHAKE]: Recieved login wrapper packet event for channel fml:handshake with index 33
[16Oct2025 22:49:01.296] [Netty Epoll Server IO #3/DEBUG] [net.minecraftforge.network.HandshakeHandler/FMLHANDSHAKE]: Received client indexed reply 33 of type net.minecraftforge.network.HandshakeMessages$C2SAcknowledge
[16Oct2025 22:49:01.296] [Netty Epoll Server IO #3/DEBUG] [net.minecraftforge.network.HandshakeHandler/FMLHANDSHAKE]: Received acknowledgement from client
[16Oct2025 22:49:01.317] [Server thread/DEBUG] [net.minecraftforge.network.HandshakeHandler/FMLHANDSHAKE]: Sending ticking packet info 'Config curios-server.toml' to 'fml:handshake' sequence 37
[16Oct2025 22:49:01.323] [Netty Epoll Server IO #3/DEBUG] [net.minecraftforge.network.LoginWrapper/FMLHANDSHAKE]: Recieved login wrapper packet event for channel fml:handshake with index 34
[16Oct2025 22:49:01.324] [Netty Epoll Server IO #3/DEBUG] [net.minecraftforge.network.HandshakeHandler/FMLHANDSHAKE]: Received client indexed reply 34 of type net.minecraftforge.network.HandshakeMessages$C2SAcknowledge
[16Oct2025 22:49:01.324] [Netty Epoll Server IO #3/DEBUG] [net.minecraftforge.network.HandshakeHandler/FMLHANDSHAKE]: Received acknowledgement from client
[16Oct2025 22:49:01.341] [Netty Epoll Server IO #3/DEBUG] [net.minecraftforge.network.LoginWrapper/FMLHANDSHAKE]: Recieved login wrapper packet event for channel fml:handshake with index 35
[16Oct2025 22:49:01.342] [Netty Epoll Server IO #3/DEBUG] [net.minecraftforge.network.HandshakeHandler/FMLHANDSHAKE]: Received client indexed reply 35 of type net.minecraftforge.network.HandshakeMessages$C2SAcknowledge
[16Oct2025 22:49:01.342] [Netty Epoll Server IO #3/DEBUG] [net.minecraftforge.network.HandshakeHandler/FMLHANDSHAKE]: Received acknowledgement from client
[16Oct2025 22:49:01.372] [Server thread/DEBUG] [net.minecraftforge.network.HandshakeHandler/FMLHANDSHAKE]: Sending ticking packet info 'Config irons_spellbooks-server.toml' to 'fml:handshake' sequence 38
[16Oct2025 22:49:01.416] [Server thread/DEBUG] [net.minecraftforge.network.HandshakeHandler/FMLHANDSHAKE]: Sending ticking packet info 'Config tombstone-server.toml' to 'fml:handshake' sequence 39
[16Oct2025 22:49:01.463] [Server thread/DEBUG] [net.minecraftforge.network.HandshakeHandler/FMLHANDSHAKE]: Sending ticking packet info 'Config vampirism-server.toml' to 'fml:handshake' sequence 40
[16Oct2025 22:49:01.536] [Server thread/DEBUG] [net.minecraftforge.network.HandshakeHandler/FMLHANDSHAKE]: Sending ticking packet info 'Config sophisticatedbackpacks-server.toml' to 'fml:handshake' sequence 41
[16Oct2025 22:49:01.573] [Server thread/DEBUG] [net.minecraftforge.network.HandshakeHandler/FMLHANDSHAKE]: Sending ticking packet info 'Config vampirism-balance.toml' to 'fml:handshake' sequence 42
[16Oct2025 22:49:01.606] [Server thread/DEBUG] [net.minecraftforge.network.HandshakeHandler/FMLHANDSHAKE]: Sending ticking packet info 'Config jei-server.toml' to 'fml:handshake' sequence 43
[16Oct2025 22:49:01.664] [Server thread/DEBUG] [net.minecraftforge.network.HandshakeHandler/FMLHANDSHAKE]: Sending ticking packet info 'Config tacz-server.toml' to 'fml:handshake' sequence 44
[16Oct2025 22:49:01.720] [Server thread/DEBUG] [net.minecraftforge.network.HandshakeHandler/FMLHANDSHAKE]: Sending ticking packet info 'Config forge-server.toml' to 'fml:handshake' sequence 45
[16Oct2025 22:49:02.319] [Netty Epoll Server IO #3/DEBUG] [net.minecraftforge.network.LoginWrapper/FMLHANDSHAKE]: Recieved login wrapper packet event for channel fml:handshake with index 36
[16Oct2025 22:49:02.319] [Netty Epoll Server IO #3/DEBUG] [net.minecraftforge.network.HandshakeHandler/FMLHANDSHAKE]: Received client indexed reply 36 of type net.minecraftforge.network.HandshakeMessages$C2SAcknowledge
[16Oct2025 22:49:02.320] [Netty Epoll Server IO #3/DEBUG] [net.minecraftforge.network.HandshakeHandler/FMLHANDSHAKE]: Received acknowledgement from client
[16Oct2025 22:49:02.320] [Netty Epoll Server IO #3/DEBUG] [net.minecraftforge.network.LoginWrapper/FMLHANDSHAKE]: Recieved login wrapper packet event for channel fml:handshake with index 37
[16Oct2025 22:49:02.320] [Netty Epoll Server IO #3/DEBUG] [net.minecraftforge.network.HandshakeHandler/FMLHANDSHAKE]: Received client indexed reply 37 of type net.minecraftforge.network.HandshakeMessages$C2SAcknowledge
[16Oct2025 22:49:02.320] [Netty Epoll Server IO #3/DEBUG] [net.minecraftforge.network.HandshakeHandler/FMLHANDSHAKE]: Received acknowledgement from client
[16Oct2025 22:49:02.323] [Netty Epoll Server IO #3/DEBUG] [net.minecraftforge.network.LoginWrapper/FMLHANDSHAKE]: Recieved login wrapper packet event for channel fml:handshake with index 38
[16Oct2025 22:49:02.323] [Netty Epoll Server IO #3/DEBUG] [net.minecraftforge.network.HandshakeHandler/FMLHANDSHAKE]: Received client indexed reply 38 of type net.minecraftforge.network.HandshakeMessages$C2SAcknowledge
[16Oct2025 22:49:02.323] [Netty Epoll Server IO #3/DEBUG] [net.minecraftforge.network.HandshakeHandler/FMLHANDSHAKE]: Received acknowledgement from client
[16Oct2025 22:49:02.323] [Netty Epoll Server IO #3/DEBUG] [net.minecraftforge.network.LoginWrapper/FMLHANDSHAKE]: Recieved login wrapper packet event for channel fml:handshake with index 39
[16Oct2025 22:49:02.323] [Netty Epoll Server IO #3/DEBUG] [net.minecraftforge.network.HandshakeHandler/FMLHANDSHAKE]: Received client indexed reply 39 of type net.minecraftforge.network.HandshakeMessages$C2SAcknowledge
[16Oct2025 22:49:02.323] [Netty Epoll Server IO #3/DEBUG] [net.minecraftforge.network.HandshakeHandler/FMLHANDSHAKE]: Received acknowledgement from client
[16Oct2025 22:49:02.324] [Netty Epoll Server IO #3/DEBUG] [net.minecraftforge.network.LoginWrapper/FMLHANDSHAKE]: Recieved login wrapper packet event for channel fml:handshake with index 40
[16Oct2025 22:49:02.324] [Netty Epoll Server IO #3/DEBUG] [net.minecraftforge.network.HandshakeHandler/FMLHANDSHAKE]: Received client indexed reply 40 of type net.minecraftforge.network.HandshakeMessages$C2SAcknowledge
[16Oct2025 22:49:02.324] [Netty Epoll Server IO #3/DEBUG] [net.minecraftforge.network.HandshakeHandler/FMLHANDSHAKE]: Received acknowledgement from client
[16Oct2025 22:49:02.324] [Netty Epoll Server IO #3/DEBUG] [net.minecraftforge.network.LoginWrapper/FMLHANDSHAKE]: Recieved login wrapper packet event for channel fml:handshake with index 41
[16Oct2025 22:49:02.324] [Netty Epoll Server IO #3/DEBUG] [net.minecraftforge.network.HandshakeHandler/FMLHANDSHAKE]: Received client indexed reply 41 of type net.minecraftforge.network.HandshakeMessages$C2SAcknowledge
[16Oct2025 22:49:02.324] [Netty Epoll Server IO #3/DEBUG] [net.minecraftforge.network.HandshakeHandler/FMLHANDSHAKE]: Received acknowledgement from client
[16Oct2025 22:49:02.325] [Netty Epoll Server IO #3/DEBUG] [net.minecraftforge.network.LoginWrapper/FMLHANDSHAKE]: Recieved login wrapper packet event for channel fml:handshake with index 42
[16Oct2025 22:49:02.325] [Netty Epoll Server IO #3/DEBUG] [net.minecraftforge.network.HandshakeHandler/FMLHANDSHAKE]: Received client indexed reply 42 of type net.minecraftforge.network.HandshakeMessages$C2SAcknowledge
[16Oct2025 22:49:02.325] [Netty Epoll Server IO #3/DEBUG] [net.minecraftforge.network.HandshakeHandler/FMLHANDSHAKE]: Received acknowledgement from client
[16Oct2025 22:49:02.326] [Netty Epoll Server IO #3/DEBUG] [net.minecraftforge.network.LoginWrapper/FMLHANDSHAKE]: Recieved login wrapper packet event for channel fml:handshake with index 43
[16Oct2025 22:49:02.326] [Netty Epoll Server IO #3/DEBUG] [net.minecraftforge.network.HandshakeHandler/FMLHANDSHAKE]: Received client indexed reply 43 of type net.minecraftforge.network.HandshakeMessages$C2SAcknowledge
[16Oct2025 22:49:02.326] [Netty Epoll Server IO #3/DEBUG] [net.minecraftforge.network.HandshakeHandler/FMLHANDSHAKE]: Received acknowledgement from client
[16Oct2025 22:49:02.326] [Netty Epoll Server IO #3/DEBUG] [net.minecraftforge.network.LoginWrapper/FMLHANDSHAKE]: Recieved login wrapper packet event for channel fml:handshake with index 44
[16Oct2025 22:49:02.326] [Netty Epoll Server IO #3/DEBUG] [net.minecraftforge.network.HandshakeHandler/FMLHANDSHAKE]: Received client indexed reply 44 of type net.minecraftforge.network.HandshakeMessages$C2SAcknowledge
[16Oct2025 22:49:02.326] [Netty Epoll Server IO #3/DEBUG] [net.minecraftforge.network.HandshakeHandler/FMLHANDSHAKE]: Received acknowledgement from client
[16Oct2025 22:49:02.326] [Netty Epoll Server IO #3/DEBUG] [net.minecraftforge.network.LoginWrapper/FMLHANDSHAKE]: Recieved login wrapper packet event for channel fml:handshake with index 45
[16Oct2025 22:49:02.326] [Netty Epoll Server IO #3/DEBUG] [net.minecraftforge.network.HandshakeHandler/FMLHANDSHAKE]: Received client indexed reply 45 of type net.minecraftforge.network.HandshakeMessages$C2SAcknowledge
[16Oct2025 22:49:02.326] [Netty Epoll Server IO #3/DEBUG] [net.minecraftforge.network.HandshakeHandler/FMLHANDSHAKE]: Received acknowledgement from client
[16Oct2025 22:49:02.364] [Server thread/DEBUG] [net.minecraftforge.network.HandshakeHandler/FMLHANDSHAKE]: Handshake complete!
[16Oct2025 22:49:02.426] [Server thread/DEBUG] [de.teamlapen.vampirism.entity.factions.FactionPlayerHandler/FACTIONS]: Nexus2012 has new faction level vampirism:vampire 14
[16Oct2025 22:49:02.427] [Server thread/INFO] [net.minecraft.server.players.PlayerList/]: Nexus2012[/127.76.121.154:44693] logged in with entity id 15723 at (911.1296210479279, 88.0, -200.79519127058015)
[16Oct2025 22:49:02.427] [Server thread/DEBUG] [net.minecraftforge.network.filters.NetworkFilters/]: Injected net.minecraftforge.network.filters.ForgeConnectionNetworkFilter@68708227 into net.minecraft.network.Connection@60e790b1
[16Oct2025 22:49:02.437] [Server thread/INFO] [net.minecraft.server.MinecraftServer/]: Nexus2012 joined the game
[16Oct2025 22:49:03.090] [Server thread/DEBUG] [tacz/SYNC_BASE_TIMESTAMP]: Update server base timestamp: 1760654943089
[16Oct2025 22:49:05.913] [Netty Epoll Server IO #4/DEBUG] [net.minecraftforge.network.HandshakeHandler/FMLHANDSHAKE]: Starting new modded impl connection. Found 46 messages to dispatch.
[16Oct2025 22:49:05.955] [Server thread/DEBUG] [net.minecraftforge.network.HandshakeHandler/FMLHANDSHAKE]: Sending ticking packet info 'com.tacz.guns.network.message.handshake.ServerMessageSyncedEntityDataMapping' to 'tacz:handshake' sequence 0
[16Oct2025 22:49:06.005] [Server thread/DEBUG] [net.minecraftforge.network.HandshakeHandler/FMLHANDSHAKE]: Sending ticking packet info 'net.minecraftforge.network.HandshakeMessages$S2CModData' to 'fml:handshake' sequence 1
[16Oct2025 22:49:06.056] [Server thread/DEBUG] [net.minecraftforge.network.HandshakeHandler/FMLHANDSHAKE]: Sending ticking packet info 'net.minecraftforge.network.HandshakeMessages$S2CModList' to 'fml:handshake' sequence 2
[16Oct2025 22:49:06.098] [Netty Epoll Server IO #4/DEBUG] [net.minecraftforge.network.LoginWrapper/FMLHANDSHAKE]: Recieved login wrapper packet event for channel tacz:handshake with index 0
[16Oct2025 22:49:06.098] [Netty Epoll Server IO #4/DEBUG] [net.minecraftforge.network.HandshakeHandler/FMLHANDSHAKE]: Received client indexed reply 0 of type com.tacz.guns.network.message.handshake.Acknowledge
[16Oct2025 22:49:06.098] [Netty Epoll Server IO #4/DEBUG] [tacz/HANDSHAKE_ACKNOWLEDGE]: Received acknowledgement from client
[16Oct2025 22:49:06.106] [Server thread/DEBUG] [net.minecraftforge.network.HandshakeHandler/FMLHANDSHAKE]: Sending ticking packet info 'Registry minecraft:command_argument_type' to 'fml:handshake' sequence 3
[16Oct2025 22:49:06.156] [Server thread/DEBUG] [net.minecraftforge.network.HandshakeHandler/FMLHANDSHAKE]: Sending ticking packet info 'Registry irons_spellbooks:schools' to 'fml:handshake' sequence 4
[16Oct2025 22:49:06.189] [Netty Epoll Server IO #4/DEBUG] [net.minecraftforge.network.LoginWrapper/FMLHANDSHAKE]: Recieved login wrapper packet event for channel fml:handshake with index 2
[16Oct2025 22:49:06.189] [Netty Epoll Server IO #4/DEBUG] [net.minecraftforge.network.HandshakeHandler/FMLHANDSHAKE]: Received client indexed reply 2 of type net.minecraftforge.network.HandshakeMessages$C2SModListReply
[16Oct2025 22:49:06.189] [Netty Epoll Server IO #4/DEBUG] [net.minecraftforge.network.HandshakeHandler/FMLHANDSHAKE]: Received client connection with modlist [minecraft, immersiveui, trade_cycling, pick_up_tnt, mcef, geckolib, xray, playeranimator, jei, tacz, a_good_place, caelus, sophisticatedcore, iceberg, curios, legendarytooltips, xaerominimap, xaeroworldmap, prism, citadel, alexscaves, irons_spellbooks, aaa_particles, mixinextras, tombstone, sophisticatedbackpacks, coroutil, architectury, octolib, aaa_particles_world, vampirism, teamlapenlib, iceandfire, crucifix, watut, forge, webdisplays, endermail]
[16Oct2025 22:49:06.189] [Netty Epoll Server IO #4/DEBUG] [net.minecraftforge.network.NetworkRegistry/NETREGISTRY]: Channel 'teamlapenlib:main' : Version test of '1' from client : ACCEPTED
[16Oct2025 22:49:06.189] [Netty Epoll Server IO #4/DEBUG] [net.minecraftforge.network.NetworkRegistry/NETREGISTRY]: Channel 'watut:main' : Version test of '4' from client : ACCEPTED
[16Oct2025 22:49:06.189] [Netty Epoll Server IO #4/DEBUG] [net.minecraftforge.network.NetworkRegistry/NETREGISTRY]: Channel 'alexscaves:main_channel' : Version test of '1' from client : ACCEPTED
[16Oct2025 22:49:06.189] [Netty Epoll Server IO #4/DEBUG] [net.minecraftforge.network.NetworkRegistry/NETREGISTRY]: Channel 'architectury:network' : Version test of '1' from client : ACCEPTED
[16Oct2025 22:49:06.189] [Netty Epoll Server IO #4/DEBUG] [net.minecraftforge.network.NetworkRegistry/NETREGISTRY]: Channel 'endermail:endermail' : Version test of '1.0' from client : ACCEPTED
[16Oct2025 22:49:06.189] [Netty Epoll Server IO #4/DEBUG] [net.minecraftforge.network.NetworkRegistry/NETREGISTRY]: Channel 'webdisplays:packetsystem' : Version test of '2' from client : ACCEPTED
[16Oct2025 22:49:06.190] [Netty Epoll Server IO #4/DEBUG] [net.minecraftforge.network.NetworkRegistry/NETREGISTRY]: Channel 'jei:channel' : Version test of '1.0.0' from client : ACCEPTED
[16Oct2025 22:49:06.190] [Netty Epoll Server IO #4/DEBUG] [net.minecraftforge.network.NetworkRegistry/NETREGISTRY]: Channel 'minecraft:unregister' : Version test of 'FML3' from client : ACCEPTED
[16Oct2025 22:49:06.190] [Netty Epoll Server IO #4/DEBUG] [net.minecraftforge.network.NetworkRegistry/NETREGISTRY]: Channel 'sophisticatedbackpacks:channel' : Version test of '1' from client : ACCEPTED
[16Oct2025 22:49:06.190] [Netty Epoll Server IO #4/DEBUG] [net.minecraftforge.network.NetworkRegistry/NETREGISTRY]: Channel 'citadel:main_channel' : Version test of '1' from client : ACCEPTED
[16Oct2025 22:49:06.190] [Netty Epoll Server IO #4/DEBUG] [net.minecraftforge.network.NetworkRegistry/NETREGISTRY]: Channel 'iceandfire:main_channel' : Version test of '1' from client : ACCEPTED
[16Oct2025 22:49:06.190] [Netty Epoll Server IO #4/DEBUG] [net.minecraftforge.network.NetworkRegistry/NETREGISTRY]: Channel 'trade_cycling:cycle_trades' : Version test of 'ALLOWVANILLA 💓💓💓' from client : ACCEPTED
[16Oct2025 22:49:06.190] [Netty Epoll Server IO #4/DEBUG] [net.minecraftforge.network.NetworkRegistry/NETREGISTRY]: Channel 'tacz:handshake' : Version test of '1.0.4' from client : ACCEPTED
[16Oct2025 22:49:06.190] [Netty Epoll Server IO #4/DEBUG] [net.minecraftforge.network.NetworkRegistry/NETREGISTRY]: Channel 'curios:main' : Version test of '1' from client : ACCEPTED
[16Oct2025 22:49:06.190] [Netty Epoll Server IO #4/DEBUG] [net.minecraftforge.network.NetworkRegistry/NETREGISTRY]: Channel 'irons_spellbooks:messages' : Version test of '1.0' from client : ACCEPTED
[16Oct2025 22:49:06.190] [Netty Epoll Server IO #4/DEBUG] [net.minecraftforge.network.NetworkRegistry/NETREGISTRY]: Channel 'fml:loginwrapper' : Version test of 'FML3' from client : ACCEPTED
[16Oct2025 22:49:06.190] [Netty Epoll Server IO #4/DEBUG] [net.minecraftforge.network.NetworkRegistry/NETREGISTRY]: Channel 'forge:tier_sorting' : Version test of '1.0' from client : ACCEPTED
[16Oct2025 22:49:06.190] [Netty Epoll Server IO #4/DEBUG] [net.minecraftforge.network.NetworkRegistry/NETREGISTRY]: Channel 'crucifix:crucifix' : Version test of '1' from client : ACCEPTED
[16Oct2025 22:49:06.190] [Netty Epoll Server IO #4/DEBUG] [net.minecraftforge.network.NetworkRegistry/NETREGISTRY]: Channel 'tombstone:tombstone_channel' : Version test of 'tombstone-9.0.9' from client : ACCEPTED
[16Oct2025 22:49:06.190] [Netty Epoll Server IO #4/DEBUG] [net.minecraftforge.network.NetworkRegistry/NETREGISTRY]: Channel 'fml:play' : Version test of 'FML3' from client : ACCEPTED
[16Oct2025 22:49:06.190] [Netty Epoll Server IO #4/DEBUG] [net.minecraftforge.network.NetworkRegistry/NETREGISTRY]: Channel 'sophisticatedcore:channel' : Version test of '1' from client : ACCEPTED
[16Oct2025 22:49:06.190] [Netty Epoll Server IO #4/DEBUG] [net.minecraftforge.network.NetworkRegistry/NETREGISTRY]: Channel 'caelus:main' : Version test of '1' from client : ACCEPTED
[16Oct2025 22:49:06.190] [Netty Epoll Server IO #4/DEBUG] [net.minecraftforge.network.NetworkRegistry/NETREGISTRY]: Channel 'fml:handshake' : Version test of 'FML3' from client : ACCEPTED
[16Oct2025 22:49:06.190] [Netty Epoll Server IO #4/DEBUG] [net.minecraftforge.network.NetworkRegistry/NETREGISTRY]: Channel 'vampirism:main' : Version test of '1' from client : ACCEPTED
[16Oct2025 22:49:06.190] [Netty Epoll Server IO #4/DEBUG] [net.minecraftforge.network.NetworkRegistry/NETREGISTRY]: Channel 'minecraft:register' : Version test of 'FML3' from client : ACCEPTED
[16Oct2025 22:49:06.190] [Netty Epoll Server IO #4/DEBUG] [net.minecraftforge.network.NetworkRegistry/NETREGISTRY]: Channel 'forge:split' : Version test of '1.1' from client : ACCEPTED
[16Oct2025 22:49:06.190] [Netty Epoll Server IO #4/DEBUG] [net.minecraftforge.network.NetworkRegistry/NETREGISTRY]: Channel 'tacz:network' : Version test of '1.0.4' from client : ACCEPTED
[16Oct2025 22:49:06.190] [Netty Epoll Server IO #4/DEBUG] [net.minecraftforge.network.NetworkRegistry/NETREGISTRY]: Channel 'geckolib:main' : Version test of '1' from client : ACCEPTED
[16Oct2025 22:49:06.190] [Netty Epoll Server IO #4/DEBUG] [net.minecraftforge.network.NetworkRegistry/NETREGISTRY]: Accepting channel list from client
[16Oct2025 22:49:06.190] [Netty Epoll Server IO #4/DEBUG] [net.minecraftforge.network.HandshakeHandler/FMLHANDSHAKE]: Accepted client connection mod list
[16Oct2025 22:49:06.207] [Server thread/DEBUG] [net.minecraftforge.network.HandshakeHandler/FMLHANDSHAKE]: Sending ticking packet info 'Registry minecraft:villager_profession' to 'fml:handshake' sequence 5
[16Oct2025 22:49:06.237] [Netty Epoll Server IO #4/DEBUG] [net.minecraftforge.network.LoginWrapper/FMLHANDSHAKE]: Recieved login wrapper packet event for channel fml:handshake with index 3
[16Oct2025 22:49:06.237] [Netty Epoll Server IO #4/DEBUG] [net.minecraftforge.network.HandshakeHandler/FMLHANDSHAKE]: Received client indexed reply 3 of type net.minecraftforge.network.HandshakeMessages$C2SAcknowledge
[16Oct2025 22:49:06.237] [Netty Epoll Server IO #4/DEBUG] [net.minecraftforge.network.HandshakeHandler/FMLHANDSHAKE]: Received acknowledgement from client
[16Oct2025 22:49:06.256] [Server thread/DEBUG] [net.minecraftforge.network.HandshakeHandler/FMLHANDSHAKE]: Sending ticking packet info 'Registry minecraft:item' to 'fml:handshake' sequence 6
[16Oct2025 22:49:06.287] [Netty Epoll Server IO #4/DEBUG] [net.minecraftforge.network.LoginWrapper/FMLHANDSHAKE]: Recieved login wrapper packet event for channel fml:handshake with index 4
[16Oct2025 22:49:06.287] [Netty Epoll Server IO #4/DEBUG] [net.minecraftforge.network.HandshakeHandler/FMLHANDSHAKE]: Received client indexed reply 4 of type net.minecraftforge.network.HandshakeMessages$C2SAcknowledge
[16Oct2025 22:49:06.287] [Netty Epoll Server IO #4/DEBUG] [net.minecraftforge.network.HandshakeHandler/FMLHANDSHAKE]: Received acknowledgement from client
[16Oct2025 22:49:06.303] [Server thread/DEBUG] [net.minecraftforge.network.HandshakeHandler/FMLHANDSHAKE]: Sending ticking packet info 'Registry minecraft:potion' to 'fml:handshake' sequence 7
[16Oct2025 22:49:06.338] [Netty Epoll Server IO #4/DEBUG] [net.minecraftforge.network.LoginWrapper/FMLHANDSHAKE]: Recieved login wrapper packet event for channel fml:handshake with index 5
[16Oct2025 22:49:06.338] [Netty Epoll Server IO #4/DEBUG] [net.minecraftforge.network.HandshakeHandler/FMLHANDSHAKE]: Received client indexed reply 5 of type net.minecraftforge.network.HandshakeMessages$C2SAcknowledge
[16Oct2025 22:49:06.338] [Netty Epoll Server IO #4/DEBUG] [net.minecraftforge.network.HandshakeHandler/FMLHANDSHAKE]: Received acknowledgement from client
[16Oct2025 22:49:06.352] [Server thread/DEBUG] [net.minecraftforge.network.HandshakeHandler/FMLHANDSHAKE]: Sending ticking packet info 'Registry vampirism:refinement' to 'fml:handshake' sequence 8
[16Oct2025 22:49:06.409] [Server thread/DEBUG] [net.minecraftforge.network.HandshakeHandler/FMLHANDSHAKE]: Sending ticking packet info 'Registry minecraft:block_entity_type' to 'fml:handshake' sequence 9
[16Oct2025 22:49:06.457] [Server thread/DEBUG] [net.minecraftforge.network.HandshakeHandler/FMLHANDSHAKE]: Sending ticking packet info 'Registry forge:display_contexts' to 'fml:handshake' sequence 10
[16Oct2025 22:49:06.503] [Server thread/DEBUG] [net.minecraftforge.network.HandshakeHandler/FMLHANDSHAKE]: Sending ticking packet info 'Registry vampirism:task_unlocker' to 'fml:handshake' sequence 11
[16Oct2025 22:49:06.560] [Server thread/DEBUG] [net.minecraftforge.network.HandshakeHandler/FMLHANDSHAKE]: Sending ticking packet info 'Registry irons_spellbooks:spells' to 'fml:handshake' sequence 12
[16Oct2025 22:49:06.605] [Server thread/DEBUG] [net.minecraftforge.network.HandshakeHandler/FMLHANDSHAKE]: Sending ticking packet info 'Registry vampirism:miniontasks' to 'fml:handshake' sequence 13
[16Oct2025 22:49:06.657] [Server thread/DEBUG] [net.minecraftforge.network.HandshakeHandler/FMLHANDSHAKE]: Sending ticking packet info 'Registry minecraft:stat_type' to 'fml:handshake' sequence 14
[16Oct2025 22:49:06.683] [Netty Epoll Server IO #4/DEBUG] [net.minecraftforge.network.LoginWrapper/FMLHANDSHAKE]: Recieved login wrapper packet event for channel fml:handshake with index 6
[16Oct2025 22:49:06.683] [Netty Epoll Server IO #4/DEBUG] [net.minecraftforge.network.HandshakeHandler/FMLHANDSHAKE]: Received client indexed reply 6 of type net.minecraftforge.network.HandshakeMessages$C2SAcknowledge
[16Oct2025 22:49:06.683] [Netty Epoll Server IO #4/DEBUG] [net.minecraftforge.network.HandshakeHandler/FMLHANDSHAKE]: Received acknowledgement from client
[16Oct2025 22:49:06.686] [Netty Epoll Server IO #4/DEBUG] [net.minecraftforge.network.LoginWrapper/FMLHANDSHAKE]: Recieved login wrapper packet event for channel fml:handshake with index 7
[16Oct2025 22:49:06.686] [Netty Epoll Server IO #4/DEBUG] [net.minecraftforge.network.HandshakeHandler/FMLHANDSHAKE]: Received client indexed reply 7 of type net.minecraftforge.network.HandshakeMessages$C2SAcknowledge
[16Oct2025 22:49:06.686] [Netty Epoll Server IO #4/DEBUG] [net.minecraftforge.network.HandshakeHandler/FMLHANDSHAKE]: Received acknowledgement from client
[16Oct2025 22:49:06.686] [Netty Epoll Server IO #4/DEBUG] [net.minecraftforge.network.LoginWrapper/FMLHANDSHAKE]: Recieved login wrapper packet event for channel fml:handshake with index 8
[16Oct2025 22:49:06.686] [Netty Epoll Server IO #4/DEBUG] [net.minecraftforge.network.HandshakeHandler/FMLHANDSHAKE]: Received client indexed reply 8 of type net.minecraftforge.network.HandshakeMessages$C2SAcknowledge
[16Oct2025 22:49:06.686] [Netty Epoll Server IO #4/DEBUG] [net.minecraftforge.network.HandshakeHandler/FMLHANDSHAKE]: Received acknowledgement from client
[16Oct2025 22:49:06.687] [Netty Epoll Server IO #4/DEBUG] [net.minecraftforge.network.LoginWrapper/FMLHANDSHAKE]: Recieved login wrapper packet event for channel fml:handshake with index 9
[16Oct2025 22:49:06.687] [Netty Epoll Server IO #4/DEBUG] [net.minecraftforge.network.HandshakeHandler/FMLHANDSHAKE]: Received client indexed reply 9 of type net.minecraftforge.network.HandshakeMessages$C2SAcknowledge
[16Oct2025 22:49:06.687] [Netty Epoll Server IO #4/DEBUG] [net.minecraftforge.network.HandshakeHandler/FMLHANDSHAKE]: Received acknowledgement from client
[16Oct2025 22:49:06.687] [Netty Epoll Server IO #4/DEBUG] [net.minecraftforge.network.LoginWrapper/FMLHANDSHAKE]: Recieved login wrapper packet event for channel fml:handshake with index 10
[16Oct2025 22:49:06.687] [Netty Epoll Server IO #4/DEBUG] [net.minecraftforge.network.HandshakeHandler/FMLHANDSHAKE]: Received client indexed reply 10 of type net.minecraftforge.network.HandshakeMessages$C2SAcknowledge
[16Oct2025 22:49:06.687] [Netty Epoll Server IO #4/DEBUG] [net.minecraftforge.network.HandshakeHandler/FMLHANDSHAKE]: Received acknowledgement from client
[16Oct2025 22:49:06.687] [Netty Epoll Server IO #4/DEBUG] [net.minecraftforge.network.LoginWrapper/FMLHANDSHAKE]: Recieved login wrapper packet event for channel fml:handshake with index 11
[16Oct2025 22:49:06.687] [Netty Epoll Server IO #4/DEBUG] [net.minecraftforge.network.HandshakeHandler/FMLHANDSHAKE]: Received client indexed reply 11 of type net.minecraftforge.network.HandshakeMessages$C2SAcknowledge
[16Oct2025 22:49:06.687] [Netty Epoll Server IO #4/DEBUG] [net.minecraftforge.network.HandshakeHandler/FMLHANDSHAKE]: Received acknowledgement from client
[16Oct2025 22:49:06.703] [Server thread/DEBUG] [net.minecraftforge.network.HandshakeHandler/FMLHANDSHAKE]: Sending ticking packet info 'Registry vampirism:skills' to 'fml:handshake' sequence 15
[16Oct2025 22:49:06.726] [Netty Epoll Server IO #4/DEBUG] [net.minecraftforge.network.LoginWrapper/FMLHANDSHAKE]: Recieved login wrapper packet event for channel fml:handshake with index 12
[16Oct2025 22:49:06.726] [Netty Epoll Server IO #4/DEBUG] [net.minecraftforge.network.HandshakeHandler/FMLHANDSHAKE]: Received client indexed reply 12 of type net.minecraftforge.network.HandshakeMessages$C2SAcknowledge
[16Oct2025 22:49:06.726] [Netty Epoll Server IO #4/DEBUG] [net.minecraftforge.network.HandshakeHandler/FMLHANDSHAKE]: Received acknowledgement from client
[16Oct2025 22:49:06.737] [Netty Epoll Server IO #4/DEBUG] [net.minecraftforge.network.LoginWrapper/FMLHANDSHAKE]: Recieved login wrapper packet event for channel fml:handshake with index 13
[16Oct2025 22:49:06.737] [Netty Epoll Server IO #4/DEBUG] [net.minecraftforge.network.HandshakeHandler/FMLHANDSHAKE]: Received client indexed reply 13 of type net.minecraftforge.network.HandshakeMessages$C2SAcknowledge
[16Oct2025 22:49:06.737] [Netty Epoll Server IO #4/DEBUG] [net.minecraftforge.network.HandshakeHandler/FMLHANDSHAKE]: Received acknowledgement from client
[16Oct2025 22:49:06.753] [Server thread/DEBUG] [net.minecraftforge.network.HandshakeHandler/FMLHANDSHAKE]: Sending ticking packet info 'Registry minecraft:menu' to 'fml:handshake' sequence 16
[16Oct2025 22:49:06.787] [Netty Epoll Server IO #4/DEBUG] [net.minecraftforge.network.LoginWrapper/FMLHANDSHAKE]: Recieved login wrapper packet event for channel fml:handshake with index 14
[16Oct2025 22:49:06.787] [Netty Epoll Server IO #4/DEBUG] [net.minecraftforge.network.HandshakeHandler/FMLHANDSHAKE]: Received client indexed reply 14 of type net.minecraftforge.network.HandshakeMessages$C2SAcknowledge
[16Oct2025 22:49:06.787] [Netty Epoll Server IO #4/DEBUG] [net.minecraftforge.network.HandshakeHandler/FMLHANDSHAKE]: Received acknowledgement from client
[16Oct2025 22:49:06.806] [Server thread/DEBUG] [net.minecraftforge.network.HandshakeHandler/FMLHANDSHAKE]: Sending ticking packet info 'Registry vampirism:actions' to 'fml:handshake' sequence 17
[16Oct2025 22:49:06.834] [Netty Epoll Server IO #4/DEBUG] [net.minecraftforge.network.LoginWrapper/FMLHANDSHAKE]: Recieved login wrapper packet event for channel fml:handshake with index 15
[16Oct2025 22:49:06.834] [Netty Epoll Server IO #4/DEBUG] [net.minecraftforge.network.HandshakeHandler/FMLHANDSHAKE]: Received client indexed reply 15 of type net.minecraftforge.network.HandshakeMessages$C2SAcknowledge
[16Oct2025 22:49:06.834] [Netty Epoll Server IO #4/DEBUG] [net.minecraftforge.network.HandshakeHandler/FMLHANDSHAKE]: Received acknowledgement from client
[16Oct2025 22:49:06.856] [Server thread/DEBUG] [net.minecraftforge.network.HandshakeHandler/FMLHANDSHAKE]: Sending ticking packet info 'Registry vampirism:refinement_set' to 'fml:handshake' sequence 18
[16Oct2025 22:49:06.884] [Netty Epoll Server IO #4/DEBUG] [net.minecraftforge.network.LoginWrapper/FMLHANDSHAKE]: Recieved login wrapper packet event for channel fml:handshake with index 16
[16Oct2025 22:49:06.884] [Netty Epoll Server IO #4/DEBUG] [net.minecraftforge.network.HandshakeHandler/FMLHANDSHAKE]: Received client indexed reply 16 of type net.minecraftforge.network.HandshakeMessages$C2SAcknowledge
[16Oct2025 22:49:06.884] [Netty Epoll Server IO #4/DEBUG] [net.minecraftforge.network.HandshakeHandler/FMLHANDSHAKE]: Received acknowledgement from client
[16Oct2025 22:49:06.915] [Server thread/DEBUG] [net.minecraftforge.network.HandshakeHandler/FMLHANDSHAKE]: Sending ticking packet info 'Registry minecraft:fluid' to 'fml:handshake' sequence 19
[16Oct2025 22:49:06.938] [Netty Epoll Server IO #4/DEBUG] [net.minecraftforge.network.LoginWrapper/FMLHANDSHAKE]: Recieved login wrapper packet event for channel fml:handshake with index 17
[16Oct2025 22:49:06.938] [Netty Epoll Server IO #4/DEBUG] [net.minecraftforge.network.HandshakeHandler/FMLHANDSHAKE]: Received client indexed reply 17 of type net.minecraftforge.network.HandshakeMessages$C2SAcknowledge
[16Oct2025 22:49:06.938] [Netty Epoll Server IO #4/DEBUG] [net.minecraftforge.network.HandshakeHandler/FMLHANDSHAKE]: Received acknowledgement from client
[16Oct2025 22:49:06.960] [Server thread/DEBUG] [net.minecraftforge.network.HandshakeHandler/FMLHANDSHAKE]: Sending ticking packet info 'Registry vampirism:task_requirement' to 'fml:handshake' sequence 20
[16Oct2025 22:49:06.986] [Netty Epoll Server IO #4/DEBUG] [net.minecraftforge.network.LoginWrapper/FMLHANDSHAKE]: Recieved login wrapper packet event for channel fml:handshake with index 18
[16Oct2025 22:49:06.987] [Netty Epoll Server IO #4/DEBUG] [net.minecraftforge.network.HandshakeHandler/FMLHANDSHAKE]: Received client indexed reply 18 of type net.minecraftforge.network.HandshakeMessages$C2SAcknowledge
[16Oct2025 22:49:06.987] [Netty Epoll Server IO #4/DEBUG] [net.minecraftforge.network.HandshakeHandler/FMLHANDSHAKE]: Received acknowledgement from client
[16Oct2025 22:49:07.006] [Server thread/DEBUG] [net.minecraftforge.network.HandshakeHandler/FMLHANDSHAKE]: Sending ticking packet info 'Registry minecraft:recipe_serializer' to 'fml:handshake' sequence 21
[16Oct2025 22:49:07.045] [Netty Epoll Server IO #4/DEBUG] [net.minecraftforge.network.LoginWrapper/FMLHANDSHAKE]: Recieved login wrapper packet event for channel fml:handshake with index 19
[16Oct2025 22:49:07.045] [Netty Epoll Server IO #4/DEBUG] [net.minecraftforge.network.HandshakeHandler/FMLHANDSHAKE]: Received client indexed reply 19 of type net.minecraftforge.network.HandshakeMessages$C2SAcknowledge
[16Oct2025 22:49:07.045] [Netty Epoll Server IO #4/DEBUG] [net.minecraftforge.network.HandshakeHandler/FMLHANDSHAKE]: Received acknowledgement from client
[16Oct2025 22:49:07.057] [Server thread/DEBUG] [net.minecraftforge.network.HandshakeHandler/FMLHANDSHAKE]: Sending ticking packet info 'Registry minecraft:sound_event' to 'fml:handshake' sequence 22
[16Oct2025 22:49:07.090] [Netty Epoll Server IO #4/DEBUG] [net.minecraftforge.network.LoginWrapper/FMLHANDSHAKE]: Recieved login wrapper packet event for channel fml:handshake with index 20
[16Oct2025 22:49:07.090] [Netty Epoll Server IO #4/DEBUG] [net.minecraftforge.network.HandshakeHandler/FMLHANDSHAKE]: Received client indexed reply 20 of type net.minecraftforge.network.HandshakeMessages$C2SAcknowledge
[16Oct2025 22:49:07.090] [Netty Epoll Server IO #4/DEBUG] [net.minecraftforge.network.HandshakeHandler/FMLHANDSHAKE]: Received acknowledgement from client
[16Oct2025 22:49:07.103] [Server thread/DEBUG] [net.minecraftforge.network.HandshakeHandler/FMLHANDSHAKE]: Sending ticking packet info 'Registry minecraft:particle_type' to 'fml:handshake' sequence 23
[16Oct2025 22:49:07.140] [Netty Epoll Server IO #4/DEBUG] [net.minecraftforge.network.LoginWrapper/FMLHANDSHAKE]: Recieved login wrapper packet event for channel fml:handshake with index 21
[16Oct2025 22:49:07.140] [Netty Epoll Server IO #4/DEBUG] [net.minecraftforge.network.HandshakeHandler/FMLHANDSHAKE]: Received client indexed reply 21 of type net.minecraftforge.network.HandshakeMessages$C2SAcknowledge
[16Oct2025 22:49:07.140] [Netty Epoll Server IO #4/DEBUG] [net.minecraftforge.network.HandshakeHandler/FMLHANDSHAKE]: Received acknowledgement from client
[16Oct2025 22:49:07.157] [Server thread/DEBUG] [net.minecraftforge.network.HandshakeHandler/FMLHANDSHAKE]: Sending ticking packet info 'Registry minecraft:painting_variant' to 'fml:handshake' sequence 24
[16Oct2025 22:49:07.206] [Server thread/DEBUG] [net.minecraftforge.network.HandshakeHandler/FMLHANDSHAKE]: Sending ticking packet info 'Registry forge:fluid_type' to 'fml:handshake' sequence 25
[16Oct2025 22:49:07.256] [Server thread/DEBUG] [net.minecraftforge.network.HandshakeHandler/FMLHANDSHAKE]: Sending ticking packet info 'Registry minecraft:block' to 'fml:handshake' sequence 26
[16Oct2025 22:49:07.306] [Server thread/DEBUG] [net.minecraftforge.network.HandshakeHandler/FMLHANDSHAKE]: Sending ticking packet info 'Registry forge:entity_data_serializers' to 'fml:handshake' sequence 27
[16Oct2025 22:49:07.322] [Netty Epoll Server IO #4/DEBUG] [net.minecraftforge.network.LoginWrapper/FMLHANDSHAKE]: Recieved login wrapper packet event for channel fml:handshake with index 22
[16Oct2025 22:49:07.323] [Netty Epoll Server IO #4/DEBUG] [net.minecraftforge.network.HandshakeHandler/FMLHANDSHAKE]: Received client indexed reply 22 of type net.minecraftforge.network.HandshakeMessages$C2SAcknowledge
[16Oct2025 22:49:07.323] [Netty Epoll Server IO #4/DEBUG] [net.minecraftforge.network.HandshakeHandler/FMLHANDSHAKE]: Received acknowledgement from client
[16Oct2025 22:49:07.323] [Netty Epoll Server IO #4/DEBUG] [net.minecraftforge.network.LoginWrapper/FMLHANDSHAKE]: Recieved login wrapper packet event for channel fml:handshake with index 23
[16Oct2025 22:49:07.323] [Netty Epoll Server IO #4/DEBUG] [net.minecraftforge.network.HandshakeHandler/FMLHANDSHAKE]: Received client indexed reply 23 of type net.minecraftforge.network.HandshakeMessages$C2SAcknowledge
[16Oct2025 22:49:07.323] [Netty Epoll Server IO #4/DEBUG] [net.minecraftforge.network.HandshakeHandler/FMLHANDSHAKE]: Received acknowledgement from client
[16Oct2025 22:49:07.323] [Netty Epoll Server IO #4/DEBUG] [net.minecraftforge.network.LoginWrapper/FMLHANDSHAKE]: Recieved login wrapper packet event for channel fml:handshake with index 24
[16Oct2025 22:49:07.323] [Netty Epoll Server IO #4/DEBUG] [net.minecraftforge.network.HandshakeHandler/FMLHANDSHAKE]: Received client indexed reply 24 of type net.minecraftforge.network.HandshakeMessages$C2SAcknowledge
[16Oct2025 22:49:07.323] [Netty Epoll Server IO #4/DEBUG] [net.minecraftforge.network.HandshakeHandler/FMLHANDSHAKE]: Received acknowledgement from client
[16Oct2025 22:49:07.337] [Netty Epoll Server IO #4/DEBUG] [net.minecraftforge.network.LoginWrapper/FMLHANDSHAKE]: Recieved login wrapper packet event for channel fml:handshake with index 25
[16Oct2025 22:49:07.337] [Netty Epoll Server IO #4/DEBUG] [net.minecraftforge.network.HandshakeHandler/FMLHANDSHAKE]: Received client indexed reply 25 of type net.minecraftforge.network.HandshakeMessages$C2SAcknowledge
[16Oct2025 22:49:07.337] [Netty Epoll Server IO #4/DEBUG] [net.minecraftforge.network.HandshakeHandler/FMLHANDSHAKE]: Received acknowledgement from client
[16Oct2025 22:49:07.356] [Server thread/DEBUG] [net.minecraftforge.network.HandshakeHandler/FMLHANDSHAKE]: Sending ticking packet info 'Registry vampirism:task_reward' to 'fml:handshake' sequence 28
[16Oct2025 22:49:07.391] [Netty Epoll Server IO #4/DEBUG] [net.minecraftforge.network.LoginWrapper/FMLHANDSHAKE]: Recieved login wrapper packet event for channel fml:handshake with index 26
[16Oct2025 22:49:07.391] [Netty Epoll Server IO #4/DEBUG] [net.minecraftforge.network.HandshakeHandler/FMLHANDSHAKE]: Received client indexed reply 26 of type net.minecraftforge.network.HandshakeMessages$C2SAcknowledge
[16Oct2025 22:49:07.391] [Netty Epoll Server IO #4/DEBUG] [net.minecraftforge.network.HandshakeHandler/FMLHANDSHAKE]: Received acknowledgement from client
[16Oct2025 22:49:07.408] [Server thread/DEBUG] [net.minecraftforge.network.HandshakeHandler/FMLHANDSHAKE]: Sending ticking packet info 'Registry vampirism:oil' to 'fml:handshake' sequence 29
[16Oct2025 22:49:07.437] [Netty Epoll Server IO #4/DEBUG] [net.minecraftforge.network.LoginWrapper/FMLHANDSHAKE]: Recieved login wrapper packet event for channel fml:handshake with index 27
[16Oct2025 22:49:07.437] [Netty Epoll Server IO #4/DEBUG] [net.minecraftforge.network.HandshakeHandler/FMLHANDSHAKE]: Received client indexed reply 27 of type net.minecraftforge.network.HandshakeMessages$C2SAcknowledge
[16Oct2025 22:49:07.437] [Netty Epoll Server IO #4/DEBUG] [net.minecraftforge.network.HandshakeHandler/FMLHANDSHAKE]: Received acknowledgement from client
[16Oct2025 22:49:07.457] [Server thread/DEBUG] [net.minecraftforge.network.HandshakeHandler/FMLHANDSHAKE]: Sending ticking packet info 'Registry vampirism:converting_handler' to 'fml:handshake' sequence 30
[16Oct2025 22:49:07.486] [Netty Epoll Server IO #4/DEBUG] [net.minecraftforge.network.LoginWrapper/FMLHANDSHAKE]: Recieved login wrapper packet event for channel fml:handshake with index 28
[16Oct2025 22:49:07.487] [Netty Epoll Server IO #4/DEBUG] [net.minecraftforge.network.HandshakeHandler/FMLHANDSHAKE]: Received client indexed reply 28 of type net.minecraftforge.network.HandshakeMessages$C2SAcknowledge
[16Oct2025 22:49:07.487] [Netty Epoll Server IO #4/DEBUG] [net.minecraftforge.network.HandshakeHandler/FMLHANDSHAKE]: Received acknowledgement from client
[16Oct2025 22:49:07.507] [Server thread/DEBUG] [net.minecraftforge.network.HandshakeHandler/FMLHANDSHAKE]: Sending ticking packet info 'Registry minecraft:mob_effect' to 'fml:handshake' sequence 31
[16Oct2025 22:49:07.538] [Netty Epoll Server IO #4/DEBUG] [net.minecraftforge.network.LoginWrapper/FMLHANDSHAKE]: Recieved login wrapper packet event for channel fml:handshake with index 29
[16Oct2025 22:49:07.538] [Netty Epoll Server IO #4/DEBUG] [net.minecraftforge.network.HandshakeHandler/FMLHANDSHAKE]: Received client indexed reply 29 of type net.minecraftforge.network.HandshakeMessages$C2SAcknowledge
[16Oct2025 22:49:07.538] [Netty Epoll Server IO #4/DEBUG] [net.minecraftforge.network.HandshakeHandler/FMLHANDSHAKE]: Received acknowledgement from client
[16Oct2025 22:49:07.558] [Server thread/DEBUG] [net.minecraftforge.network.HandshakeHandler/FMLHANDSHAKE]: Sending ticking packet info 'Registry vampirism:entityactions' to 'fml:handshake' sequence 32
[16Oct2025 22:49:07.586] [Netty Epoll Server IO #4/DEBUG] [net.minecraftforge.network.LoginWrapper/FMLHANDSHAKE]: Recieved login wrapper packet event for channel fml:handshake with index 30
[16Oct2025 22:49:07.587] [Netty Epoll Server IO #4/DEBUG] [net.minecraftforge.network.HandshakeHandler/FMLHANDSHAKE]: Received client indexed reply 30 of type net.minecraftforge.network.HandshakeMessages$C2SAcknowledge
[16Oct2025 22:49:07.587] [Netty Epoll Server IO #4/DEBUG] [net.minecraftforge.network.HandshakeHandler/FMLHANDSHAKE]: Received acknowledgement from client
[16Oct2025 22:49:07.608] [Server thread/DEBUG] [net.minecraftforge.network.HandshakeHandler/FMLHANDSHAKE]: Sending ticking packet info 'Registry tombstone:perks' to 'fml:handshake' sequence 33
[16Oct2025 22:49:07.636] [Netty Epoll Server IO #4/DEBUG] [net.minecraftforge.network.LoginWrapper/FMLHANDSHAKE]: Recieved login wrapper packet event for channel fml:handshake with index 31
[16Oct2025 22:49:07.637] [Netty Epoll Server IO #4/DEBUG] [net.minecraftforge.network.HandshakeHandler/FMLHANDSHAKE]: Received client indexed reply 31 of type net.minecraftforge.network.HandshakeMessages$C2SAcknowledge
[16Oct2025 22:49:07.637] [Netty Epoll Server IO #4/DEBUG] [net.minecraftforge.network.HandshakeHandler/FMLHANDSHAKE]: Received acknowledgement from client
[16Oct2025 22:49:07.655] [Server thread/DEBUG] [net.minecraftforge.network.HandshakeHandler/FMLHANDSHAKE]: Sending ticking packet info 'Registry minecraft:enchantment' to 'fml:handshake' sequence 34
[16Oct2025 22:49:07.689] [Netty Epoll Server IO #4/DEBUG] [net.minecraftforge.network.LoginWrapper/FMLHANDSHAKE]: Recieved login wrapper packet event for channel fml:handshake with index 32
[16Oct2025 22:49:07.689] [Netty Epoll Server IO #4/DEBUG] [net.minecraftforge.network.HandshakeHandler/FMLHANDSHAKE]: Received client indexed reply 32 of type net.minecraftforge.network.HandshakeMessages$C2SAcknowledge
[16Oct2025 22:49:07.689] [Netty Epoll Server IO #4/DEBUG] [net.minecraftforge.network.HandshakeHandler/FMLHANDSHAKE]: Received acknowledgement from client
[16Oct2025 22:49:07.704] [Server thread/DEBUG] [net.minecraftforge.network.HandshakeHandler/FMLHANDSHAKE]: Sending ticking packet info 'Registry vampirism:task_reward_instance' to 'fml:handshake' sequence 35
[16Oct2025 22:49:07.738] [Netty Epoll Server IO #4/DEBUG] [net.minecraftforge.network.LoginWrapper/FMLHANDSHAKE]: Recieved login wrapper packet event for channel fml:handshake with index 33
[16Oct2025 22:49:07.738] [Netty Epoll Server IO #4/DEBUG] [net.minecraftforge.network.HandshakeHandler/FMLHANDSHAKE]: Received client indexed reply 33 of type net.minecraftforge.network.HandshakeMessages$C2SAcknowledge
[16Oct2025 22:49:07.738] [Netty Epoll Server IO #4/DEBUG] [net.minecraftforge.network.HandshakeHandler/FMLHANDSHAKE]: Received acknowledgement from client
[16Oct2025 22:49:07.757] [Server thread/DEBUG] [net.minecraftforge.network.HandshakeHandler/FMLHANDSHAKE]: Sending ticking packet info 'Registry minecraft:entity_type' to 'fml:handshake' sequence 36
[16Oct2025 22:49:07.787] [Netty Epoll Server IO #4/DEBUG] [net.minecraftforge.network.LoginWrapper/FMLHANDSHAKE]: Recieved login wrapper packet event for channel fml:handshake with index 34
[16Oct2025 22:49:07.787] [Netty Epoll Server IO #4/DEBUG] [net.minecraftforge.network.HandshakeHandler/FMLHANDSHAKE]: Received client indexed reply 34 of type net.minecraftforge.network.HandshakeMessages$C2SAcknowledge
[16Oct2025 22:49:07.787] [Netty Epoll Server IO #4/DEBUG] [net.minecraftforge.network.HandshakeHandler/FMLHANDSHAKE]: Received acknowledgement from client
[16Oct2025 22:49:07.805] [Server thread/DEBUG] [net.minecraftforge.network.HandshakeHandler/FMLHANDSHAKE]: Sending ticking packet info 'Config curios-server.toml' to 'fml:handshake' sequence 37
[16Oct2025 22:49:07.833] [Netty Epoll Server IO #4/DEBUG] [net.minecraftforge.network.LoginWrapper/FMLHANDSHAKE]: Recieved login wrapper packet event for channel fml:handshake with index 35
[16Oct2025 22:49:07.834] [Netty Epoll Server IO #4/DEBUG] [net.minecraftforge.network.HandshakeHandler/FMLHANDSHAKE]: Received client indexed reply 35 of type net.minecraftforge.network.HandshakeMessages$C2SAcknowledge
[16Oct2025 22:49:07.834] [Netty Epoll Server IO #4/DEBUG] [net.minecraftforge.network.HandshakeHandler/FMLHANDSHAKE]: Received acknowledgement from client
[16Oct2025 22:49:07.853] [Server thread/DEBUG] [net.minecraftforge.network.HandshakeHandler/FMLHANDSHAKE]: Sending ticking packet info 'Config irons_spellbooks-server.toml' to 'fml:handshake' sequence 38
[16Oct2025 22:49:07.906] [Server thread/DEBUG] [net.minecraftforge.network.HandshakeHandler/FMLHANDSHAKE]: Sending ticking packet info 'Config tombstone-server.toml' to 'fml:handshake' sequence 39
[16Oct2025 22:49:07.957] [Server thread/DEBUG] [net.minecraftforge.network.HandshakeHandler/FMLHANDSHAKE]: Sending ticking packet info 'Config vampirism-server.toml' to 'fml:handshake' sequence 40
[16Oct2025 22:49:08.006] [Server thread/DEBUG] [net.minecraftforge.network.HandshakeHandler/FMLHANDSHAKE]: Sending ticking packet info 'Config sophisticatedbackpacks-server.toml' to 'fml:handshake' sequence 41
[16Oct2025 22:49:08.052] [Server thread/DEBUG] [net.minecraftforge.network.HandshakeHandler/FMLHANDSHAKE]: Sending ticking packet info 'Config vampirism-balance.toml' to 'fml:handshake' sequence 42
[16Oct2025 22:49:08.106] [Server thread/DEBUG] [net.minecraftforge.network.HandshakeHandler/FMLHANDSHAKE]: Sending ticking packet info 'Config jei-server.toml' to 'fml:handshake' sequence 43
[16Oct2025 22:49:08.157] [Server thread/DEBUG] [net.minecraftforge.network.HandshakeHandler/FMLHANDSHAKE]: Sending ticking packet info 'Config tacz-server.toml' to 'fml:handshake' sequence 44
[16Oct2025 22:49:08.206] [Server thread/DEBUG] [net.minecraftforge.network.HandshakeHandler/FMLHANDSHAKE]: Sending ticking packet info 'Config forge-server.toml' to 'fml:handshake' sequence 45
[16Oct2025 22:49:08.728] [Netty Epoll Server IO #4/DEBUG] [net.minecraftforge.network.LoginWrapper/FMLHANDSHAKE]: Recieved login wrapper packet event for channel fml:handshake with index 36
[16Oct2025 22:49:08.728] [Netty Epoll Server IO #4/DEBUG] [net.minecraftforge.network.HandshakeHandler/FMLHANDSHAKE]: Received client indexed reply 36 of type net.minecraftforge.network.HandshakeMessages$C2SAcknowledge
[16Oct2025 22:49:08.728] [Netty Epoll Server IO #4/DEBUG] [net.minecraftforge.network.HandshakeHandler/FMLHANDSHAKE]: Received acknowledgement from client
[16Oct2025 22:49:08.729] [Netty Epoll Server IO #4/DEBUG] [net.minecraftforge.network.LoginWrapper/FMLHANDSHAKE]: Recieved login wrapper packet event for channel fml:handshake with index 37
[16Oct2025 22:49:08.729] [Netty Epoll Server IO #4/DEBUG] [net.minecraftforge.network.HandshakeHandler/FMLHANDSHAKE]: Received client indexed reply 37 of type net.minecraftforge.network.HandshakeMessages$C2SAcknowledge
[16Oct2025 22:49:08.729] [Netty Epoll Server IO #4/DEBUG] [net.minecraftforge.network.HandshakeHandler/FMLHANDSHAKE]: Received acknowledgement from client
[16Oct2025 22:49:08.730] [Netty Epoll Server IO #4/DEBUG] [net.minecraftforge.network.LoginWrapper/FMLHANDSHAKE]: Recieved login wrapper packet event for channel fml:handshake with index 38
[16Oct2025 22:49:08.730] [Netty Epoll Server IO #4/DEBUG] [net.minecraftforge.network.HandshakeHandler/FMLHANDSHAKE]: Received client indexed reply 38 of type net.minecraftforge.network.HandshakeMessages$C2SAcknowledge
[16Oct2025 22:49:08.730] [Netty Epoll Server IO #4/DEBUG] [net.minecraftforge.network.HandshakeHandler/FMLHANDSHAKE]: Received acknowledgement from client
[16Oct2025 22:49:08.731] [Netty Epoll Server IO #4/DEBUG] [net.minecraftforge.network.LoginWrapper/FMLHANDSHAKE]: Recieved login wrapper packet event for channel fml:handshake with index 39
[16Oct2025 22:49:08.731] [Netty Epoll Server IO #4/DEBUG] [net.minecraftforge.network.HandshakeHandler/FMLHANDSHAKE]: Received client indexed reply 39 of type net.minecraftforge.network.HandshakeMessages$C2SAcknowledge
[16Oct2025 22:49:08.731] [Netty Epoll Server IO #4/DEBUG] [net.minecraftforge.network.HandshakeHandler/FMLHANDSHAKE]: Received acknowledgement from client
[16Oct2025 22:49:08.731] [Netty Epoll Server IO #4/DEBUG] [net.minecraftforge.network.LoginWrapper/FMLHANDSHAKE]: Recieved login wrapper packet event for channel fml:handshake with index 40
[16Oct2025 22:49:08.732] [Netty Epoll Server IO #4/DEBUG] [net.minecraftforge.network.HandshakeHandler/FMLHANDSHAKE]: Received client indexed reply 40 of type net.minecraftforge.network.HandshakeMessages$C2SAcknowledge
[16Oct2025 22:49:08.732] [Netty Epoll Server IO #4/DEBUG] [net.minecraftforge.network.HandshakeHandler/FMLHANDSHAKE]: Received acknowledgement from client
[16Oct2025 22:49:08.738] [Netty Epoll Server IO #4/DEBUG] [net.minecraftforge.network.LoginWrapper/FMLHANDSHAKE]: Recieved login wrapper packet event for channel fml:handshake with index 41
[16Oct2025 22:49:08.738] [Netty Epoll Server IO #4/DEBUG] [net.minecraftforge.network.HandshakeHandler/FMLHANDSHAKE]: Received client indexed reply 41 of type net.minecraftforge.network.HandshakeMessages$C2SAcknowledge
[16Oct2025 22:49:08.739] [Netty Epoll Server IO #4/DEBUG] [net.minecraftforge.network.HandshakeHandler/FMLHANDSHAKE]: Received acknowledgement from client
[16Oct2025 22:49:08.739] [Netty Epoll Server IO #4/DEBUG] [net.minecraftforge.network.LoginWrapper/FMLHANDSHAKE]: Recieved login wrapper packet event for channel fml:handshake with index 42
[16Oct2025 22:49:08.739] [Netty Epoll Server IO #4/DEBUG] [net.minecraftforge.network.HandshakeHandler/FMLHANDSHAKE]: Received client indexed reply 42 of type net.minecraftforge.network.HandshakeMessages$C2SAcknowledge
[16Oct2025 22:49:08.739] [Netty Epoll Server IO #4/DEBUG] [net.minecraftforge.network.HandshakeHandler/FMLHANDSHAKE]: Received acknowledgement from client
[16Oct2025 22:49:08.739] [Netty Epoll Server IO #4/DEBUG] [net.minecraftforge.network.LoginWrapper/FMLHANDSHAKE]: Recieved login wrapper packet event for channel fml:handshake with index 43
[16Oct2025 22:49:08.739] [Netty Epoll Server IO #4/DEBUG] [net.minecraftforge.network.HandshakeHandler/FMLHANDSHAKE]: Received client indexed reply 43 of type net.minecraftforge.network.HandshakeMessages$C2SAcknowledge
[16Oct2025 22:49:08.739] [Netty Epoll Server IO #4/DEBUG] [net.minecraftforge.network.HandshakeHandler/FMLHANDSHAKE]: Received acknowledgement from client
[16Oct2025 22:49:08.739] [Netty Epoll Server IO #4/DEBUG] [net.minecraftforge.network.LoginWrapper/FMLHANDSHAKE]: Recieved login wrapper packet event for channel fml:handshake with index 44
[16Oct2025 22:49:08.739] [Netty Epoll Server IO #4/DEBUG] [net.minecraftforge.network.HandshakeHandler/FMLHANDSHAKE]: Received client indexed reply 44 of type net.minecraftforge.network.HandshakeMessages$C2SAcknowledge
[16Oct2025 22:49:08.739] [Netty Epoll Server IO #4/DEBUG] [net.minecraftforge.network.HandshakeHandler/FMLHANDSHAKE]: Received acknowledgement from client
[16Oct2025 22:49:08.740] [Netty Epoll Server IO #4/DEBUG] [net.minecraftforge.network.LoginWrapper/FMLHANDSHAKE]: Recieved login wrapper packet event for channel fml:handshake with index 45
[16Oct2025 22:49:08.740] [Netty Epoll Server IO #4/DEBUG] [net.minecraftforge.network.HandshakeHandler/FMLHANDSHAKE]: Received client indexed reply 45 of type net.minecraftforge.network.HandshakeMessages$C2SAcknowledge
[16Oct2025 22:49:08.740] [Netty Epoll Server IO #4/DEBUG] [net.minecraftforge.network.HandshakeHandler/FMLHANDSHAKE]: Received acknowledgement from client
[16Oct2025 22:49:08.754] [Server thread/DEBUG] [net.minecraftforge.network.HandshakeHandler/FMLHANDSHAKE]: Handshake complete!
[16Oct2025 22:49:08.817] [Server thread/DEBUG] [de.teamlapen.vampirism.entity.factions.FactionPlayerHandler/FACTIONS]: JJForever1764 has new faction level vampirism:vampire 4
[16Oct2025 22:49:08.819] [Server thread/INFO] [net.minecraft.server.players.PlayerList/]: JJForever1764[/127.82.226.93:59157] logged in with entity id 15764 at (905.6909324478806, 87.7531999805212, -197.81161686156696)
[16Oct2025 22:49:08.819] [Server thread/DEBUG] [net.minecraftforge.network.filters.NetworkFilters/]: Injected net.minecraftforge.network.filters.ForgeConnectionNetworkFilter@3a5351c0 into net.minecraft.network.Connection@58cd50be
[16Oct2025 22:49:08.844] [Server thread/INFO] [net.minecraft.server.MinecraftServer/]: JJForever1764 joined the game
[16Oct2025 22:49:09.308] [Server thread/DEBUG] [tacz/SYNC_BASE_TIMESTAMP]: Update server base timestamp: 1760654949298
[16Oct2025 22:49:25.638] [Server thread/INFO] [net.minecraft.server.MinecraftServer/]: [JJForever1764: Set the weather to rain & thunder]
[16Oct2025 22:51:18.975] [Server thread/DEBUG] [citadel/]: saving unmodified surface rules as type SequenceRuleSource
[16Oct2025 22:51:18.976] [Server thread/DEBUG] [citadel/]: modified surface rules to type CitadelSurfaceRuleWrapper
[16Oct2025 22:51:18.976] [Server thread/DEBUG] [net.minecraftforge.common.ForgeHooks/WP]: Gathering id map for writing to world save world
[16Oct2025 22:51:18.983] [Server thread/DEBUG] [net.minecraftforge.common.ForgeHooks/WP]: ID Map collection complete world
[16Oct2025 22:51:57.360] [Server thread/INFO] [net.minecraft.server.MinecraftServer/]: [JJForever1764: Teleported JJForever1764 to 898.500000, 94.500000, 401.500000]
[16Oct2025 22:51:58.961] [Worker-Main-5/DEBUG] [de.teamlapen.vampirism.blockentity.TotemBlockEntity/]: Looking for vampire forest took 0.827s
[16Oct2025 22:52:05.161] [Server thread/INFO] [net.minecraft.server.MinecraftServer/]: [JJForever1764: Set own game mode to Creative Mode]
[16Oct2025 22:54:01.216] [Server thread/DEBUG] [de.teamlapen.vampirism.entity.factions.FactionPlayerHandler/FACTIONS]: Danielbox123 has new faction level vampirism:vampire 1
[16Oct2025 22:56:18.992] [Server thread/DEBUG] [citadel/]: saving unmodified surface rules as type SequenceRuleSource
[16Oct2025 22:56:18.992] [Server thread/DEBUG] [citadel/]: modified surface rules to type CitadelSurfaceRuleWrapper
[16Oct2025 22:56:18.992] [Server thread/DEBUG] [net.minecraftforge.common.ForgeHooks/WP]: Gathering id map for writing to world save world
[16Oct2025 22:56:19.001] [Server thread/DEBUG] [net.minecraftforge.common.ForgeHooks/WP]: ID Map collection complete world
[16Oct2025 22:59:51.116] [Server thread/INFO] [net.minecraft.server.network.ServerGamePacketListenerImpl/]: JJForever1764 lost connection: Disconnected
[16Oct2025 22:59:54.797] [Server thread/INFO] [net.minecraft.server.MinecraftServer/]: JJForever1764 left the game
[16Oct2025 22:59:54.827] [Server thread/WARN] [net.minecraft.server.MinecraftServer/]: Can't keep up! Is the server overloaded? Running 3685ms or 73 ticks behind
[16Oct2025 23:01:22.620] [Server thread/DEBUG] [citadel/]: saving unmodified surface rules as type SequenceRuleSource
[16Oct2025 23:01:22.620] [Server thread/DEBUG] [citadel/]: modified surface rules to type CitadelSurfaceRuleWrapper
[16Oct2025 23:01:22.620] [Server thread/DEBUG] [net.minecraftforge.common.ForgeHooks/WP]: Gathering id map for writing to world save world
[16Oct2025 23:01:22.628] [Server thread/DEBUG] [net.minecraftforge.common.ForgeHooks/WP]: ID Map collection complete world
[16Oct2025 23:02:12.284] [Server thread/INFO] [net.minecraft.server.MinecraftServer/]: Danielbox123 has made the advancement [Sweet Dreams]
[16Oct2025 23:03:08.252] [Server thread/INFO] [net.minecraft.server.MinecraftServer/]: Danielbox123 has made the advancement [Bloody Stream]
[16Oct2025 23:06:22.627] [Server thread/DEBUG] [citadel/]: saving unmodified surface rules as type SequenceRuleSource
[16Oct2025 23:06:22.629] [Server thread/DEBUG] [citadel/]: modified surface rules to type CitadelSurfaceRuleWrapper
[16Oct2025 23:06:22.629] [Server thread/DEBUG] [net.minecraftforge.common.ForgeHooks/WP]: Gathering id map for writing to world save world
[16Oct2025 23:06:22.638] [Server thread/DEBUG] [net.minecraftforge.common.ForgeHooks/WP]: ID Map collection complete world
[16Oct2025 23:11:22.621] [Server thread/DEBUG] [citadel/]: saving unmodified surface rules as type SequenceRuleSource
[16Oct2025 23:11:22.621] [Server thread/DEBUG] [citadel/]: modified surface rules to type CitadelSurfaceRuleWrapper
[16Oct2025 23:11:22.621] [Server thread/DEBUG] [net.minecraftforge.common.ForgeHooks/WP]: Gathering id map for writing to world save world
[16Oct2025 23:11:22.629] [Server thread/DEBUG] [net.minecraftforge.common.ForgeHooks/WP]: ID Map collection complete world
[16Oct2025 23:13:46.451] [Server thread/INFO] [net.minecraft.server.network.ServerGamePacketListenerImpl/]: Danielbox123 lost connection: Disconnected
[16Oct2025 23:13:46.452] [Server thread/INFO] [net.minecraft.server.MinecraftServer/]: Danielbox123 left the game
[16Oct2025 23:16:22.614] [Server thread/DEBUG] [citadel/]: saving unmodified surface rules as type SequenceRuleSource
[16Oct2025 23:16:22.614] [Server thread/DEBUG] [citadel/]: modified surface rules to type CitadelSurfaceRuleWrapper
[16Oct2025 23:16:22.614] [Server thread/DEBUG] [net.minecraftforge.common.ForgeHooks/WP]: Gathering id map for writing to world save world
[16Oct2025 23:16:22.622] [Server thread/DEBUG] [net.minecraftforge.common.ForgeHooks/WP]: ID Map collection complete world
[16Oct2025 23:19:26.052] [Server thread/INFO] [net.minecraft.server.network.ServerGamePacketListenerImpl/]: Nexus2012 lost connection: Disconnected
[16Oct2025 23:19:26.052] [Server thread/INFO] [net.minecraft.server.MinecraftServer/]: Nexus2012 left the game
[16Oct2025 23:21:05.743] [Server thread/INFO] [net.minecraft.server.MinecraftServer/]: Stopping the server
[16Oct2025 23:21:05.793] [Server thread/INFO] [net.minecraft.server.MinecraftServer/]: Stopping server
[16Oct2025 23:21:05.794] [Server thread/INFO] [net.minecraft.server.MinecraftServer/]: Saving players
[16Oct2025 23:21:05.794] [Server thread/INFO] [net.minecraft.server.MinecraftServer/]: Saving worlds
[16Oct2025 23:21:05.946] [Server thread/INFO] [net.minecraft.server.MinecraftServer/]: Saving chunks for level 'ServerLevel[world]'/minecraft:overworld
[16Oct2025 23:21:06.374] [Server thread/INFO] [net.minecraft.server.MinecraftServer/]: Saving chunks for level 'ServerLevel[world]'/minecraft:the_nether
[16Oct2025 23:21:06.375] [Server thread/INFO] [net.minecraft.server.MinecraftServer/]: Saving chunks for level 'ServerLevel[world]'/minecraft:the_end
[16Oct2025 23:21:06.375] [Server thread/DEBUG] [citadel/]: saving unmodified surface rules as type SequenceRuleSource
[16Oct2025 23:21:06.376] [Server thread/DEBUG] [citadel/]: modified surface rules to type CitadelSurfaceRuleWrapper
[16Oct2025 23:21:06.376] [Server thread/DEBUG] [net.minecraftforge.common.ForgeHooks/WP]: Gathering id map for writing to world save world
[16Oct2025 23:21:06.383] [Server thread/DEBUG] [net.minecraftforge.common.ForgeHooks/WP]: ID Map collection complete world
[16Oct2025 23:21:06.396] [Server thread/INFO] [net.minecraft.server.MinecraftServer/]: ThreadedAnvilChunkStorage (world): All chunks are saved
[16Oct2025 23:21:06.396] [Server thread/INFO] [net.minecraft.server.MinecraftServer/]: ThreadedAnvilChunkStorage (DIM-1): All chunks are saved
[16Oct2025 23:21:06.396] [Server thread/INFO] [net.minecraft.server.MinecraftServer/]: ThreadedAnvilChunkStorage (DIM1): All chunks are saved
[16Oct2025 23:21:06.396] [Server thread/INFO] [net.minecraft.server.MinecraftServer/]: ThreadedAnvilChunkStorage: All dimensions are saved
[16Oct2025 23:21:06.399] [Server thread/INFO] [net.montoyo.wd.utilities.Log/]: Miniserv server stopped
[16Oct2025 23:21:06.420] [Server thread/DEBUG] [net.minecraftforge.fml.config.ConfigTracker/CONFIG]: Unloading configs type SERVER
